
*** Running vivado
    with args -log top.vdi -applog -m64 -product Vivado -messageDb vivado.pb -mode batch -source top.tcl -notrace



****** Vivado v2020.2 (64-bit)
  **** SW Build 3064766 on Wed Nov 18 09:12:45 MST 2020
  **** IP Build 3064653 on Wed Nov 18 14:17:31 MST 2020
    ** Copyright 1986-2020 Xilinx, Inc. All Rights Reserved.

source top.tcl -notrace
Command: link_design -top top -part xc7a200tfbg484-2
Design is defaulting to srcset: sources_1
Design is defaulting to constrset: constrs_1
INFO: [Device 21-403] Loading part xc7a200tfbg484-2
INFO: [Project 1-454] Reading design checkpoint 'd:/Desktop/200T_workspace/KX7A200/KX7A100.gen/sources_1/ip/vio_FMC/vio_FMC.dcp' for cell 'vio_FMC_inst'
INFO: [Project 1-454] Reading design checkpoint 'd:/Desktop/200T_workspace/KX7A200/KX7A100.gen/sources_1/ip/fifo_bits_cov/fifo_bits_cov.dcp' for cell 'Unix_Epoch_module/Unix_Epoch_cov_sys_clk_inst'
INFO: [Project 1-454] Reading design checkpoint 'd:/Desktop/200T_workspace/KX7A200/KX7A100.gen/sources_1/ip/uart_fifo/uart_fifo.dcp' for cell 'cmd_cov_module_inst/uart_fifo_rst'
INFO: [Project 1-454] Reading design checkpoint 'd:/Desktop/200T_workspace/KX7A200/KX7A100.gen/sources_1/ip/fifo_ddr3_rd/fifo_ddr3_rd.dcp' for cell 'ddr3_cache_module_inst/fifo_ddr3_rd_inst'
INFO: [Project 1-454] Reading design checkpoint 'd:/Desktop/200T_workspace/KX7A200/KX7A100.gen/sources_1/ip/fifo_ddr3_wr/fifo_ddr3_wr.dcp' for cell 'ddr3_cache_module_inst/fifo_ddr3_wr_inst'
INFO: [Project 1-454] Reading design checkpoint 'd:/Desktop/200T_workspace/KX7A200/KX7A100.gen/sources_1/ip/fifo_bit_cov/fifo_bit_cov.dcp' for cell 'ddr3_cache_module_inst/iw_ddr3_fifo_rd_pre_en_cov_ddr3_clk'
INFO: [Project 1-454] Reading design checkpoint 'd:/Desktop/200T_workspace/KX7A200/KX7A100.gen/sources_1/ip/mig_7series_0/mig_7series_0.dcp' for cell 'ddr3_cache_module_inst/ddr3_module_inst/mig_7series_0_inst'
INFO: [Project 1-454] Reading design checkpoint 'd:/Desktop/200T_workspace/KX7A200/KX7A100.gen/sources_1/ip/vio_dna/vio_dna.dcp' for cell 'dna_module_inst/vio_dna_inst'
INFO: [Project 1-454] Reading design checkpoint 'd:/Desktop/200T_workspace/KX7A200/KX7A100.gen/sources_1/ip/clk_wiz_mclk/clk_wiz_mclk.dcp' for cell 'mclk_rst_module_inst/clk_wiz_mclk'
INFO: [Project 1-454] Reading design checkpoint 'd:/Desktop/200T_workspace/KX7A200/KX7A100.gen/sources_1/ip/axis_data_fifo_1/axis_data_fifo_1.dcp' for cell 'udp_drive_inst/master_wrapper_inst/rx_async_fifo0'
INFO: [Project 1-454] Reading design checkpoint 'd:/Desktop/200T_workspace/KX7A200/KX7A100.gen/sources_1/ip/axis_dwidth_converter_1/axis_dwidth_converter_1.dcp' for cell 'udp_drive_inst/master_wrapper_inst/rx_axis_dwidth_converter0'
INFO: [Project 1-454] Reading design checkpoint 'd:/Desktop/200T_workspace/KX7A200/KX7A100.gen/sources_1/ip/axis_data_fifo_0/axis_data_fifo_0.dcp' for cell 'udp_drive_inst/master_wrapper_inst/rx_packet_fifo0'
INFO: [Project 1-454] Reading design checkpoint 'd:/Desktop/200T_workspace/KX7A200/KX7A100.gen/sources_1/ip/tri_mode_ethernet_mac_0/tri_mode_ethernet_mac_0.dcp' for cell 'udp_drive_inst/master_wrapper_inst/tri_mode_ethernet_mac_i'
INFO: [Project 1-454] Reading design checkpoint 'd:/Desktop/200T_workspace/KX7A200/KX7A100.gen/sources_1/ip/axis_dwidth_converter_0/axis_dwidth_converter_0.dcp' for cell 'udp_drive_inst/master_wrapper_inst/tx_axis_dwidth_converter0'
INFO: [Project 1-454] Reading design checkpoint 'D:/Desktop/200T_workspace/KX7A200/KX7A100.srcs/sources_1/new/udp_rtl/uiudp_stack.dcp' for cell 'udp_drive_inst/master_wrapper_inst/uiudp_stack_inst'
INFO: [Project 1-454] Reading design checkpoint 'd:/Desktop/200T_workspace/KX7A200/KX7A100.gen/sources_1/ip/fifo_72x512/fifo_72x512.dcp' for cell 'udp_drive_inst/udp_64x4096_fifo_inst/fifo_72x512_inst'
Netlist sorting complete. Time (s): cpu = 00:00:01 ; elapsed = 00:00:02 . Memory (MB): peak = 1009.480 ; gain = 0.000
INFO: [Netlist 29-17] Analyzing 2961 Unisim elements for replacement
INFO: [Netlist 29-28] Unisim Transformation completed in 1 CPU seconds
INFO: [Project 1-479] Netlist was created with Vivado 2020.2
INFO: [Project 1-570] Preparing netlist for logic optimization
INFO: [Chipscope 16-324] Core: dna_module_inst/vio_dna_inst UUID: 2890fb69-0aa8-55dd-b3f9-8e91a7454a38 
INFO: [Chipscope 16-324] Core: vio_FMC_inst UUID: a5d36bd1-f006-5ef6-bd19-98c43218e1bb 
Parsing XDC File [d:/Desktop/200T_workspace/KX7A200/KX7A100.gen/sources_1/ip/mig_7series_0/mig_7series_0/user_design/constraints/mig_7series_0.xdc] for cell 'ddr3_cache_module_inst/ddr3_module_inst/mig_7series_0_inst'
Finished Parsing XDC File [d:/Desktop/200T_workspace/KX7A200/KX7A100.gen/sources_1/ip/mig_7series_0/mig_7series_0/user_design/constraints/mig_7series_0.xdc] for cell 'ddr3_cache_module_inst/ddr3_module_inst/mig_7series_0_inst'
Parsing XDC File [d:/Desktop/200T_workspace/KX7A200/KX7A100.gen/sources_1/ip/vio_dna/vio_dna.xdc] for cell 'dna_module_inst/vio_dna_inst'
Finished Parsing XDC File [d:/Desktop/200T_workspace/KX7A200/KX7A100.gen/sources_1/ip/vio_dna/vio_dna.xdc] for cell 'dna_module_inst/vio_dna_inst'
Parsing XDC File [d:/Desktop/200T_workspace/KX7A200/KX7A100.gen/sources_1/ip/vio_FMC/vio_FMC.xdc] for cell 'vio_FMC_inst'
Finished Parsing XDC File [d:/Desktop/200T_workspace/KX7A200/KX7A100.gen/sources_1/ip/vio_FMC/vio_FMC.xdc] for cell 'vio_FMC_inst'
Parsing XDC File [d:/Desktop/200T_workspace/KX7A200/KX7A100.gen/sources_1/ip/fifo_bits_cov/fifo_bits_cov.xdc] for cell 'Unix_Epoch_module/Unix_Epoch_cov_sys_clk_inst/U0'
Finished Parsing XDC File [d:/Desktop/200T_workspace/KX7A200/KX7A100.gen/sources_1/ip/fifo_bits_cov/fifo_bits_cov.xdc] for cell 'Unix_Epoch_module/Unix_Epoch_cov_sys_clk_inst/U0'
Parsing XDC File [d:/Desktop/200T_workspace/KX7A200/KX7A100.gen/sources_1/ip/fifo_bits_cov/fifo_bits_cov.xdc] for cell 'Unix_Epoch_module/user_cmd_cov_Unix_Epoch_inst/U0'
Finished Parsing XDC File [d:/Desktop/200T_workspace/KX7A200/KX7A100.gen/sources_1/ip/fifo_bits_cov/fifo_bits_cov.xdc] for cell 'Unix_Epoch_module/user_cmd_cov_Unix_Epoch_inst/U0'
Parsing XDC File [d:/Desktop/200T_workspace/KX7A200/KX7A100.gen/sources_1/ip/fifo_bits_cov/fifo_bits_cov.xdc] for cell 'eeprom_module_inst_0/user_cmd_cov_iic_clk_inst/U0'
Finished Parsing XDC File [d:/Desktop/200T_workspace/KX7A200/KX7A100.gen/sources_1/ip/fifo_bits_cov/fifo_bits_cov.xdc] for cell 'eeprom_module_inst_0/user_cmd_cov_iic_clk_inst/U0'
Parsing XDC File [d:/Desktop/200T_workspace/KX7A200/KX7A100.gen/sources_1/ip/fifo_bits_cov/fifo_bits_cov.xdc] for cell 'eeprom_module_inst_1/user_cmd_cov_iic_clk_inst/U0'
Finished Parsing XDC File [d:/Desktop/200T_workspace/KX7A200/KX7A100.gen/sources_1/ip/fifo_bits_cov/fifo_bits_cov.xdc] for cell 'eeprom_module_inst_1/user_cmd_cov_iic_clk_inst/U0'
Parsing XDC File [d:/Desktop/200T_workspace/KX7A200/KX7A100.gen/sources_1/ip/fifo_bits_cov/fifo_bits_cov.xdc] for cell 'smg_module_inst/smg_cmd_data_cov_smg_clk/U0'
Finished Parsing XDC File [d:/Desktop/200T_workspace/KX7A200/KX7A100.gen/sources_1/ip/fifo_bits_cov/fifo_bits_cov.xdc] for cell 'smg_module_inst/smg_cmd_data_cov_smg_clk/U0'
Parsing XDC File [d:/Desktop/200T_workspace/KX7A200/KX7A100.gen/sources_1/ip/fifo_bits_cov/fifo_bits_cov.xdc] for cell 'smg_module_inst/user_cmd_data_cov_smg_clk/U0'
Finished Parsing XDC File [d:/Desktop/200T_workspace/KX7A200/KX7A100.gen/sources_1/ip/fifo_bits_cov/fifo_bits_cov.xdc] for cell 'smg_module_inst/user_cmd_data_cov_smg_clk/U0'
Parsing XDC File [d:/Desktop/200T_workspace/KX7A200/KX7A100.gen/sources_1/ip/fifo_bits_cov/fifo_bits_cov.xdc] for cell 'test_data_generator_module_inst/fifo_bits_cov_inst/U0'
Finished Parsing XDC File [d:/Desktop/200T_workspace/KX7A200/KX7A100.gen/sources_1/ip/fifo_bits_cov/fifo_bits_cov.xdc] for cell 'test_data_generator_module_inst/fifo_bits_cov_inst/U0'
Parsing XDC File [d:/Desktop/200T_workspace/KX7A200/KX7A100.gen/sources_1/ip/fifo_bits_cov/fifo_bits_cov.xdc] for cell 'udp_drive_inst/ETH_rx_data_cov_sys_clk/U0'
Finished Parsing XDC File [d:/Desktop/200T_workspace/KX7A200/KX7A100.gen/sources_1/ip/fifo_bits_cov/fifo_bits_cov.xdc] for cell 'udp_drive_inst/ETH_rx_data_cov_sys_clk/U0'
Parsing XDC File [d:/Desktop/200T_workspace/KX7A200/KX7A100.gen/sources_1/ip/fifo_bits_cov/fifo_bits_cov.xdc] for cell 'udp_drive_inst/udp_64x4096_fifo_inst/fifo_rd_en_wr_clk_cov_rd_clk/U0'
Finished Parsing XDC File [d:/Desktop/200T_workspace/KX7A200/KX7A100.gen/sources_1/ip/fifo_bits_cov/fifo_bits_cov.xdc] for cell 'udp_drive_inst/udp_64x4096_fifo_inst/fifo_rd_en_wr_clk_cov_rd_clk/U0'
Parsing XDC File [d:/Desktop/200T_workspace/KX7A200/KX7A100.gen/sources_1/ip/fifo_bits_cov/fifo_bits_cov.xdc] for cell 'ws2812b_module_inst/user_cmd_cov_ws2812b_clk_inst/U0'
Finished Parsing XDC File [d:/Desktop/200T_workspace/KX7A200/KX7A100.gen/sources_1/ip/fifo_bits_cov/fifo_bits_cov.xdc] for cell 'ws2812b_module_inst/user_cmd_cov_ws2812b_clk_inst/U0'
Parsing XDC File [d:/Desktop/200T_workspace/KX7A200/KX7A100.gen/sources_1/ip/clk_wiz_mclk/clk_wiz_mclk_board.xdc] for cell 'mclk_rst_module_inst/clk_wiz_mclk/inst'
Finished Parsing XDC File [d:/Desktop/200T_workspace/KX7A200/KX7A100.gen/sources_1/ip/clk_wiz_mclk/clk_wiz_mclk_board.xdc] for cell 'mclk_rst_module_inst/clk_wiz_mclk/inst'
Parsing XDC File [d:/Desktop/200T_workspace/KX7A200/KX7A100.gen/sources_1/ip/clk_wiz_mclk/clk_wiz_mclk.xdc] for cell 'mclk_rst_module_inst/clk_wiz_mclk/inst'
Finished Parsing XDC File [d:/Desktop/200T_workspace/KX7A200/KX7A100.gen/sources_1/ip/clk_wiz_mclk/clk_wiz_mclk.xdc] for cell 'mclk_rst_module_inst/clk_wiz_mclk/inst'
Parsing XDC File [d:/Desktop/200T_workspace/KX7A200/KX7A100.gen/sources_1/ip/fifo_ddr3_rd/fifo_ddr3_rd.xdc] for cell 'ddr3_cache_module_inst/fifo_ddr3_rd_inst/U0'
Finished Parsing XDC File [d:/Desktop/200T_workspace/KX7A200/KX7A100.gen/sources_1/ip/fifo_ddr3_rd/fifo_ddr3_rd.xdc] for cell 'ddr3_cache_module_inst/fifo_ddr3_rd_inst/U0'
Parsing XDC File [d:/Desktop/200T_workspace/KX7A200/KX7A100.gen/sources_1/ip/fifo_72x512/fifo_72x512.xdc] for cell 'udp_drive_inst/udp_64x4096_fifo_inst/fifo_72x512_inst/U0'
Finished Parsing XDC File [d:/Desktop/200T_workspace/KX7A200/KX7A100.gen/sources_1/ip/fifo_72x512/fifo_72x512.xdc] for cell 'udp_drive_inst/udp_64x4096_fifo_inst/fifo_72x512_inst/U0'
Parsing XDC File [d:/Desktop/200T_workspace/KX7A200/KX7A100.gen/sources_1/ip/tri_mode_ethernet_mac_0/synth/tri_mode_ethernet_mac_0_board.xdc] for cell 'udp_drive_inst/master_wrapper_inst/tri_mode_ethernet_mac_i/inst'
Finished Parsing XDC File [d:/Desktop/200T_workspace/KX7A200/KX7A100.gen/sources_1/ip/tri_mode_ethernet_mac_0/synth/tri_mode_ethernet_mac_0_board.xdc] for cell 'udp_drive_inst/master_wrapper_inst/tri_mode_ethernet_mac_i/inst'
Parsing XDC File [d:/Desktop/200T_workspace/KX7A200/KX7A100.gen/sources_1/ip/tri_mode_ethernet_mac_0/synth/tri_mode_ethernet_mac_0.xdc] for cell 'udp_drive_inst/master_wrapper_inst/tri_mode_ethernet_mac_i/inst'
Finished Parsing XDC File [d:/Desktop/200T_workspace/KX7A200/KX7A100.gen/sources_1/ip/tri_mode_ethernet_mac_0/synth/tri_mode_ethernet_mac_0.xdc] for cell 'udp_drive_inst/master_wrapper_inst/tri_mode_ethernet_mac_i/inst'
Parsing XDC File [d:/Desktop/200T_workspace/KX7A200/KX7A100.gen/sources_1/ip/fifo_bit_cov/fifo_bit_cov.xdc] for cell 'ddr3_cache_module_inst/iw_ddr3_fifo_rd_pre_en_cov_ddr3_clk/U0'
Finished Parsing XDC File [d:/Desktop/200T_workspace/KX7A200/KX7A100.gen/sources_1/ip/fifo_bit_cov/fifo_bit_cov.xdc] for cell 'ddr3_cache_module_inst/iw_ddr3_fifo_rd_pre_en_cov_ddr3_clk/U0'
Parsing XDC File [d:/Desktop/200T_workspace/KX7A200/KX7A100.gen/sources_1/ip/fifo_bit_cov/fifo_bit_cov.xdc] for cell 'ddr3_cache_module_inst/iw_ddr3_rst_cov_200M/U0'
Finished Parsing XDC File [d:/Desktop/200T_workspace/KX7A200/KX7A100.gen/sources_1/ip/fifo_bit_cov/fifo_bit_cov.xdc] for cell 'ddr3_cache_module_inst/iw_ddr3_rst_cov_200M/U0'
Parsing XDC File [d:/Desktop/200T_workspace/KX7A200/KX7A100.gen/sources_1/ip/fifo_bit_cov/fifo_bit_cov.xdc] for cell 'ddr3_cache_module_inst/w_ddr3_fifo_rd_cache_prog_empty_cov_ddr3_clk/U0'
Finished Parsing XDC File [d:/Desktop/200T_workspace/KX7A200/KX7A100.gen/sources_1/ip/fifo_bit_cov/fifo_bit_cov.xdc] for cell 'ddr3_cache_module_inst/w_ddr3_fifo_rd_cache_prog_empty_cov_ddr3_clk/U0'
Parsing XDC File [d:/Desktop/200T_workspace/KX7A200/KX7A100.gen/sources_1/ip/fifo_bit_cov/fifo_bit_cov.xdc] for cell 'mclk_rst_module_inst/mclk_rst_cov_100k_rst/U0'
Finished Parsing XDC File [d:/Desktop/200T_workspace/KX7A200/KX7A100.gen/sources_1/ip/fifo_bit_cov/fifo_bit_cov.xdc] for cell 'mclk_rst_module_inst/mclk_rst_cov_100k_rst/U0'
Parsing XDC File [d:/Desktop/200T_workspace/KX7A200/KX7A100.gen/sources_1/ip/fifo_bit_cov/fifo_bit_cov.xdc] for cell 'mclk_rst_module_inst/mclk_rst_cov_10M_rst/U0'
Finished Parsing XDC File [d:/Desktop/200T_workspace/KX7A200/KX7A100.gen/sources_1/ip/fifo_bit_cov/fifo_bit_cov.xdc] for cell 'mclk_rst_module_inst/mclk_rst_cov_10M_rst/U0'
Parsing XDC File [d:/Desktop/200T_workspace/KX7A200/KX7A100.gen/sources_1/ip/fifo_bit_cov/fifo_bit_cov.xdc] for cell 'mclk_rst_module_inst/mclk_rst_cov_125M_rst/U0'
Finished Parsing XDC File [d:/Desktop/200T_workspace/KX7A200/KX7A100.gen/sources_1/ip/fifo_bit_cov/fifo_bit_cov.xdc] for cell 'mclk_rst_module_inst/mclk_rst_cov_125M_rst/U0'
Parsing XDC File [d:/Desktop/200T_workspace/KX7A200/KX7A100.gen/sources_1/ip/fifo_bit_cov/fifo_bit_cov.xdc] for cell 'mclk_rst_module_inst/mclk_rst_cov_15M625_rst/U0'
Finished Parsing XDC File [d:/Desktop/200T_workspace/KX7A200/KX7A100.gen/sources_1/ip/fifo_bit_cov/fifo_bit_cov.xdc] for cell 'mclk_rst_module_inst/mclk_rst_cov_15M625_rst/U0'
Parsing XDC File [d:/Desktop/200T_workspace/KX7A200/KX7A100.gen/sources_1/ip/fifo_bit_cov/fifo_bit_cov.xdc] for cell 'mclk_rst_module_inst/mclk_rst_cov_1M_rst/U0'
Finished Parsing XDC File [d:/Desktop/200T_workspace/KX7A200/KX7A100.gen/sources_1/ip/fifo_bit_cov/fifo_bit_cov.xdc] for cell 'mclk_rst_module_inst/mclk_rst_cov_1M_rst/U0'
Parsing XDC File [d:/Desktop/200T_workspace/KX7A200/KX7A100.gen/sources_1/ip/fifo_bit_cov/fifo_bit_cov.xdc] for cell 'mclk_rst_module_inst/mclk_rst_cov_1k_rst/U0'
Finished Parsing XDC File [d:/Desktop/200T_workspace/KX7A200/KX7A100.gen/sources_1/ip/fifo_bit_cov/fifo_bit_cov.xdc] for cell 'mclk_rst_module_inst/mclk_rst_cov_1k_rst/U0'
Parsing XDC File [d:/Desktop/200T_workspace/KX7A200/KX7A100.gen/sources_1/ip/fifo_bit_cov/fifo_bit_cov.xdc] for cell 'mclk_rst_module_inst/mclk_rst_cov_200M_rst/U0'
Finished Parsing XDC File [d:/Desktop/200T_workspace/KX7A200/KX7A100.gen/sources_1/ip/fifo_bit_cov/fifo_bit_cov.xdc] for cell 'mclk_rst_module_inst/mclk_rst_cov_200M_rst/U0'
Parsing XDC File [d:/Desktop/200T_workspace/KX7A200/KX7A100.gen/sources_1/ip/fifo_bit_cov/fifo_bit_cov.xdc] for cell 'mclk_rst_module_inst/mclk_rst_cov_25M_rst/U0'
Finished Parsing XDC File [d:/Desktop/200T_workspace/KX7A200/KX7A100.gen/sources_1/ip/fifo_bit_cov/fifo_bit_cov.xdc] for cell 'mclk_rst_module_inst/mclk_rst_cov_25M_rst/U0'
Parsing XDC File [d:/Desktop/200T_workspace/KX7A200/KX7A100.gen/sources_1/ip/fifo_bit_cov/fifo_bit_cov.xdc] for cell 'mclk_rst_module_inst/mclk_rst_cov_31M25_rst/U0'
Finished Parsing XDC File [d:/Desktop/200T_workspace/KX7A200/KX7A100.gen/sources_1/ip/fifo_bit_cov/fifo_bit_cov.xdc] for cell 'mclk_rst_module_inst/mclk_rst_cov_31M25_rst/U0'
Parsing XDC File [d:/Desktop/200T_workspace/KX7A200/KX7A100.gen/sources_1/ip/fifo_bit_cov/fifo_bit_cov.xdc] for cell 'mclk_rst_module_inst/mclk_rst_cov_400k_rst/U0'
Finished Parsing XDC File [d:/Desktop/200T_workspace/KX7A200/KX7A100.gen/sources_1/ip/fifo_bit_cov/fifo_bit_cov.xdc] for cell 'mclk_rst_module_inst/mclk_rst_cov_400k_rst/U0'
Parsing XDC File [d:/Desktop/200T_workspace/KX7A200/KX7A100.gen/sources_1/ip/fifo_bit_cov/fifo_bit_cov.xdc] for cell 'mclk_rst_module_inst/mclk_rst_cov_50M_rst/U0'
Finished Parsing XDC File [d:/Desktop/200T_workspace/KX7A200/KX7A100.gen/sources_1/ip/fifo_bit_cov/fifo_bit_cov.xdc] for cell 'mclk_rst_module_inst/mclk_rst_cov_50M_rst/U0'
Parsing XDC File [d:/Desktop/200T_workspace/KX7A200/KX7A100.gen/sources_1/ip/fifo_bit_cov/fifo_bit_cov.xdc] for cell 'mclk_rst_module_inst/mclk_rst_cov_5M_rst/U0'
Finished Parsing XDC File [d:/Desktop/200T_workspace/KX7A200/KX7A100.gen/sources_1/ip/fifo_bit_cov/fifo_bit_cov.xdc] for cell 'mclk_rst_module_inst/mclk_rst_cov_5M_rst/U0'
Parsing XDC File [d:/Desktop/200T_workspace/KX7A200/KX7A100.gen/sources_1/ip/uart_fifo/uart_fifo.xdc] for cell 'cmd_cov_module_inst/uart_fifo_rst/U0'
Finished Parsing XDC File [d:/Desktop/200T_workspace/KX7A200/KX7A100.gen/sources_1/ip/uart_fifo/uart_fifo.xdc] for cell 'cmd_cov_module_inst/uart_fifo_rst/U0'
Parsing XDC File [d:/Desktop/200T_workspace/KX7A200/KX7A100.gen/sources_1/ip/fifo_ddr3_wr/fifo_ddr3_wr.xdc] for cell 'ddr3_cache_module_inst/fifo_ddr3_wr_inst/U0'
Finished Parsing XDC File [d:/Desktop/200T_workspace/KX7A200/KX7A100.gen/sources_1/ip/fifo_ddr3_wr/fifo_ddr3_wr.xdc] for cell 'ddr3_cache_module_inst/fifo_ddr3_wr_inst/U0'
Parsing XDC File [D:/Desktop/200T_workspace/KX7A200/KX7A100.srcs/constrs_1/new/KX7A100_PIN.xdc]
Finished Parsing XDC File [D:/Desktop/200T_workspace/KX7A200/KX7A100.srcs/constrs_1/new/KX7A100_PIN.xdc]
Parsing XDC File [d:/Desktop/200T_workspace/KX7A200/KX7A100.gen/sources_1/ip/fifo_bits_cov/fifo_bits_cov_clocks.xdc] for cell 'Unix_Epoch_module/Unix_Epoch_cov_sys_clk_inst/U0'
INFO: [Timing 38-35] Done setting XDC timing constraints. [d:/Desktop/200T_workspace/KX7A200/KX7A100.gen/sources_1/ip/fifo_bits_cov/fifo_bits_cov_clocks.xdc:60]
INFO: [Timing 38-2] Deriving generated clocks [d:/Desktop/200T_workspace/KX7A200/KX7A100.gen/sources_1/ip/fifo_bits_cov/fifo_bits_cov_clocks.xdc:60]
all_fanout: Time (s): cpu = 00:00:09 ; elapsed = 00:00:17 . Memory (MB): peak = 1686.371 ; gain = 605.207
Finished Parsing XDC File [d:/Desktop/200T_workspace/KX7A200/KX7A100.gen/sources_1/ip/fifo_bits_cov/fifo_bits_cov_clocks.xdc] for cell 'Unix_Epoch_module/Unix_Epoch_cov_sys_clk_inst/U0'
Parsing XDC File [d:/Desktop/200T_workspace/KX7A200/KX7A100.gen/sources_1/ip/fifo_bits_cov/fifo_bits_cov_clocks.xdc] for cell 'Unix_Epoch_module/user_cmd_cov_Unix_Epoch_inst/U0'
Finished Parsing XDC File [d:/Desktop/200T_workspace/KX7A200/KX7A100.gen/sources_1/ip/fifo_bits_cov/fifo_bits_cov_clocks.xdc] for cell 'Unix_Epoch_module/user_cmd_cov_Unix_Epoch_inst/U0'
Parsing XDC File [d:/Desktop/200T_workspace/KX7A200/KX7A100.gen/sources_1/ip/fifo_bits_cov/fifo_bits_cov_clocks.xdc] for cell 'eeprom_module_inst_0/user_cmd_cov_iic_clk_inst/U0'
Finished Parsing XDC File [d:/Desktop/200T_workspace/KX7A200/KX7A100.gen/sources_1/ip/fifo_bits_cov/fifo_bits_cov_clocks.xdc] for cell 'eeprom_module_inst_0/user_cmd_cov_iic_clk_inst/U0'
Parsing XDC File [d:/Desktop/200T_workspace/KX7A200/KX7A100.gen/sources_1/ip/fifo_bits_cov/fifo_bits_cov_clocks.xdc] for cell 'eeprom_module_inst_1/user_cmd_cov_iic_clk_inst/U0'
Finished Parsing XDC File [d:/Desktop/200T_workspace/KX7A200/KX7A100.gen/sources_1/ip/fifo_bits_cov/fifo_bits_cov_clocks.xdc] for cell 'eeprom_module_inst_1/user_cmd_cov_iic_clk_inst/U0'
Parsing XDC File [d:/Desktop/200T_workspace/KX7A200/KX7A100.gen/sources_1/ip/fifo_bits_cov/fifo_bits_cov_clocks.xdc] for cell 'smg_module_inst/smg_cmd_data_cov_smg_clk/U0'
Finished Parsing XDC File [d:/Desktop/200T_workspace/KX7A200/KX7A100.gen/sources_1/ip/fifo_bits_cov/fifo_bits_cov_clocks.xdc] for cell 'smg_module_inst/smg_cmd_data_cov_smg_clk/U0'
Parsing XDC File [d:/Desktop/200T_workspace/KX7A200/KX7A100.gen/sources_1/ip/fifo_bits_cov/fifo_bits_cov_clocks.xdc] for cell 'smg_module_inst/user_cmd_data_cov_smg_clk/U0'
Finished Parsing XDC File [d:/Desktop/200T_workspace/KX7A200/KX7A100.gen/sources_1/ip/fifo_bits_cov/fifo_bits_cov_clocks.xdc] for cell 'smg_module_inst/user_cmd_data_cov_smg_clk/U0'
Parsing XDC File [d:/Desktop/200T_workspace/KX7A200/KX7A100.gen/sources_1/ip/fifo_bits_cov/fifo_bits_cov_clocks.xdc] for cell 'test_data_generator_module_inst/fifo_bits_cov_inst/U0'
Finished Parsing XDC File [d:/Desktop/200T_workspace/KX7A200/KX7A100.gen/sources_1/ip/fifo_bits_cov/fifo_bits_cov_clocks.xdc] for cell 'test_data_generator_module_inst/fifo_bits_cov_inst/U0'
Parsing XDC File [d:/Desktop/200T_workspace/KX7A200/KX7A100.gen/sources_1/ip/fifo_bits_cov/fifo_bits_cov_clocks.xdc] for cell 'udp_drive_inst/ETH_rx_data_cov_sys_clk/U0'
Finished Parsing XDC File [d:/Desktop/200T_workspace/KX7A200/KX7A100.gen/sources_1/ip/fifo_bits_cov/fifo_bits_cov_clocks.xdc] for cell 'udp_drive_inst/ETH_rx_data_cov_sys_clk/U0'
Parsing XDC File [d:/Desktop/200T_workspace/KX7A200/KX7A100.gen/sources_1/ip/fifo_bits_cov/fifo_bits_cov_clocks.xdc] for cell 'udp_drive_inst/udp_64x4096_fifo_inst/fifo_rd_en_wr_clk_cov_rd_clk/U0'
Finished Parsing XDC File [d:/Desktop/200T_workspace/KX7A200/KX7A100.gen/sources_1/ip/fifo_bits_cov/fifo_bits_cov_clocks.xdc] for cell 'udp_drive_inst/udp_64x4096_fifo_inst/fifo_rd_en_wr_clk_cov_rd_clk/U0'
Parsing XDC File [d:/Desktop/200T_workspace/KX7A200/KX7A100.gen/sources_1/ip/fifo_bits_cov/fifo_bits_cov_clocks.xdc] for cell 'ws2812b_module_inst/user_cmd_cov_ws2812b_clk_inst/U0'
Finished Parsing XDC File [d:/Desktop/200T_workspace/KX7A200/KX7A100.gen/sources_1/ip/fifo_bits_cov/fifo_bits_cov_clocks.xdc] for cell 'ws2812b_module_inst/user_cmd_cov_ws2812b_clk_inst/U0'
Parsing XDC File [d:/Desktop/200T_workspace/KX7A200/KX7A100.gen/sources_1/ip/fifo_ddr3_rd/fifo_ddr3_rd_clocks.xdc] for cell 'ddr3_cache_module_inst/fifo_ddr3_rd_inst/U0'
Finished Parsing XDC File [d:/Desktop/200T_workspace/KX7A200/KX7A100.gen/sources_1/ip/fifo_ddr3_rd/fifo_ddr3_rd_clocks.xdc] for cell 'ddr3_cache_module_inst/fifo_ddr3_rd_inst/U0'
Parsing XDC File [d:/Desktop/200T_workspace/KX7A200/KX7A100.gen/sources_1/ip/fifo_72x512/fifo_72x512_clocks.xdc] for cell 'udp_drive_inst/udp_64x4096_fifo_inst/fifo_72x512_inst/U0'
Finished Parsing XDC File [d:/Desktop/200T_workspace/KX7A200/KX7A100.gen/sources_1/ip/fifo_72x512/fifo_72x512_clocks.xdc] for cell 'udp_drive_inst/udp_64x4096_fifo_inst/fifo_72x512_inst/U0'
Parsing XDC File [d:/Desktop/200T_workspace/KX7A200/KX7A100.gen/sources_1/ip/tri_mode_ethernet_mac_0/synth/tri_mode_ethernet_mac_0_clocks.xdc] for cell 'udp_drive_inst/master_wrapper_inst/tri_mode_ethernet_mac_i/inst'
INFO: [Vivado 12-3272] Current instance is the top level cell 'udp_drive_inst/master_wrapper_inst/tri_mode_ethernet_mac_i/inst' of design 'design_1' [d:/Desktop/200T_workspace/KX7A200/KX7A100.gen/sources_1/ip/tri_mode_ethernet_mac_0/synth/tri_mode_ethernet_mac_0_clocks.xdc:29]
INFO: [Constraints 18-483] create_clock: no pin(s)/port(s)/net(s) specified as objects, only virtual clock 'udp_drive_inst/master_wrapper_inst/tri_mode_ethernet_mac_i/inst_rgmii_rx_clk' will be created. If you don't want this, please specify pin(s)/ports(s)/net(s) as objects to the command. [d:/Desktop/200T_workspace/KX7A200/KX7A100.gen/sources_1/ip/tri_mode_ethernet_mac_0/synth/tri_mode_ethernet_mac_0_clocks.xdc:29]
INFO: [Vivado 12-3272] Current instance is the top level cell 'udp_drive_inst/master_wrapper_inst/tri_mode_ethernet_mac_i/inst' of design 'design_1' [d:/Desktop/200T_workspace/KX7A200/KX7A100.gen/sources_1/ip/tri_mode_ethernet_mac_0/synth/tri_mode_ethernet_mac_0_clocks.xdc:30]
INFO: [Vivado 12-3272] Current instance is the top level cell 'udp_drive_inst/master_wrapper_inst/tri_mode_ethernet_mac_i/inst' of design 'design_1' [d:/Desktop/200T_workspace/KX7A200/KX7A100.gen/sources_1/ip/tri_mode_ethernet_mac_0/synth/tri_mode_ethernet_mac_0_clocks.xdc:53]
INFO: [Vivado 12-3272] Current instance is the top level cell 'udp_drive_inst/master_wrapper_inst/tri_mode_ethernet_mac_i/inst' of design 'design_1' [d:/Desktop/200T_workspace/KX7A200/KX7A100.gen/sources_1/ip/tri_mode_ethernet_mac_0/synth/tri_mode_ethernet_mac_0_clocks.xdc:54]
Finished Parsing XDC File [d:/Desktop/200T_workspace/KX7A200/KX7A100.gen/sources_1/ip/tri_mode_ethernet_mac_0/synth/tri_mode_ethernet_mac_0_clocks.xdc] for cell 'udp_drive_inst/master_wrapper_inst/tri_mode_ethernet_mac_i/inst'
Parsing XDC File [d:/Desktop/200T_workspace/KX7A200/KX7A100.gen/sources_1/ip/fifo_bit_cov/fifo_bit_cov_clocks.xdc] for cell 'ddr3_cache_module_inst/iw_ddr3_fifo_rd_pre_en_cov_ddr3_clk/U0'
Finished Parsing XDC File [d:/Desktop/200T_workspace/KX7A200/KX7A100.gen/sources_1/ip/fifo_bit_cov/fifo_bit_cov_clocks.xdc] for cell 'ddr3_cache_module_inst/iw_ddr3_fifo_rd_pre_en_cov_ddr3_clk/U0'
Parsing XDC File [d:/Desktop/200T_workspace/KX7A200/KX7A100.gen/sources_1/ip/fifo_bit_cov/fifo_bit_cov_clocks.xdc] for cell 'ddr3_cache_module_inst/iw_ddr3_rst_cov_200M/U0'
Finished Parsing XDC File [d:/Desktop/200T_workspace/KX7A200/KX7A100.gen/sources_1/ip/fifo_bit_cov/fifo_bit_cov_clocks.xdc] for cell 'ddr3_cache_module_inst/iw_ddr3_rst_cov_200M/U0'
Parsing XDC File [d:/Desktop/200T_workspace/KX7A200/KX7A100.gen/sources_1/ip/fifo_bit_cov/fifo_bit_cov_clocks.xdc] for cell 'ddr3_cache_module_inst/w_ddr3_fifo_rd_cache_prog_empty_cov_ddr3_clk/U0'
Finished Parsing XDC File [d:/Desktop/200T_workspace/KX7A200/KX7A100.gen/sources_1/ip/fifo_bit_cov/fifo_bit_cov_clocks.xdc] for cell 'ddr3_cache_module_inst/w_ddr3_fifo_rd_cache_prog_empty_cov_ddr3_clk/U0'
Parsing XDC File [d:/Desktop/200T_workspace/KX7A200/KX7A100.gen/sources_1/ip/fifo_bit_cov/fifo_bit_cov_clocks.xdc] for cell 'mclk_rst_module_inst/mclk_rst_cov_100k_rst/U0'
Finished Parsing XDC File [d:/Desktop/200T_workspace/KX7A200/KX7A100.gen/sources_1/ip/fifo_bit_cov/fifo_bit_cov_clocks.xdc] for cell 'mclk_rst_module_inst/mclk_rst_cov_100k_rst/U0'
Parsing XDC File [d:/Desktop/200T_workspace/KX7A200/KX7A100.gen/sources_1/ip/fifo_bit_cov/fifo_bit_cov_clocks.xdc] for cell 'mclk_rst_module_inst/mclk_rst_cov_10M_rst/U0'
Finished Parsing XDC File [d:/Desktop/200T_workspace/KX7A200/KX7A100.gen/sources_1/ip/fifo_bit_cov/fifo_bit_cov_clocks.xdc] for cell 'mclk_rst_module_inst/mclk_rst_cov_10M_rst/U0'
Parsing XDC File [d:/Desktop/200T_workspace/KX7A200/KX7A100.gen/sources_1/ip/fifo_bit_cov/fifo_bit_cov_clocks.xdc] for cell 'mclk_rst_module_inst/mclk_rst_cov_125M_rst/U0'
Finished Parsing XDC File [d:/Desktop/200T_workspace/KX7A200/KX7A100.gen/sources_1/ip/fifo_bit_cov/fifo_bit_cov_clocks.xdc] for cell 'mclk_rst_module_inst/mclk_rst_cov_125M_rst/U0'
Parsing XDC File [d:/Desktop/200T_workspace/KX7A200/KX7A100.gen/sources_1/ip/fifo_bit_cov/fifo_bit_cov_clocks.xdc] for cell 'mclk_rst_module_inst/mclk_rst_cov_15M625_rst/U0'
Finished Parsing XDC File [d:/Desktop/200T_workspace/KX7A200/KX7A100.gen/sources_1/ip/fifo_bit_cov/fifo_bit_cov_clocks.xdc] for cell 'mclk_rst_module_inst/mclk_rst_cov_15M625_rst/U0'
Parsing XDC File [d:/Desktop/200T_workspace/KX7A200/KX7A100.gen/sources_1/ip/fifo_bit_cov/fifo_bit_cov_clocks.xdc] for cell 'mclk_rst_module_inst/mclk_rst_cov_1M_rst/U0'
Finished Parsing XDC File [d:/Desktop/200T_workspace/KX7A200/KX7A100.gen/sources_1/ip/fifo_bit_cov/fifo_bit_cov_clocks.xdc] for cell 'mclk_rst_module_inst/mclk_rst_cov_1M_rst/U0'
Parsing XDC File [d:/Desktop/200T_workspace/KX7A200/KX7A100.gen/sources_1/ip/fifo_bit_cov/fifo_bit_cov_clocks.xdc] for cell 'mclk_rst_module_inst/mclk_rst_cov_1k_rst/U0'
Finished Parsing XDC File [d:/Desktop/200T_workspace/KX7A200/KX7A100.gen/sources_1/ip/fifo_bit_cov/fifo_bit_cov_clocks.xdc] for cell 'mclk_rst_module_inst/mclk_rst_cov_1k_rst/U0'
Parsing XDC File [d:/Desktop/200T_workspace/KX7A200/KX7A100.gen/sources_1/ip/fifo_bit_cov/fifo_bit_cov_clocks.xdc] for cell 'mclk_rst_module_inst/mclk_rst_cov_200M_rst/U0'
Finished Parsing XDC File [d:/Desktop/200T_workspace/KX7A200/KX7A100.gen/sources_1/ip/fifo_bit_cov/fifo_bit_cov_clocks.xdc] for cell 'mclk_rst_module_inst/mclk_rst_cov_200M_rst/U0'
Parsing XDC File [d:/Desktop/200T_workspace/KX7A200/KX7A100.gen/sources_1/ip/fifo_bit_cov/fifo_bit_cov_clocks.xdc] for cell 'mclk_rst_module_inst/mclk_rst_cov_25M_rst/U0'
Finished Parsing XDC File [d:/Desktop/200T_workspace/KX7A200/KX7A100.gen/sources_1/ip/fifo_bit_cov/fifo_bit_cov_clocks.xdc] for cell 'mclk_rst_module_inst/mclk_rst_cov_25M_rst/U0'
Parsing XDC File [d:/Desktop/200T_workspace/KX7A200/KX7A100.gen/sources_1/ip/fifo_bit_cov/fifo_bit_cov_clocks.xdc] for cell 'mclk_rst_module_inst/mclk_rst_cov_31M25_rst/U0'
Finished Parsing XDC File [d:/Desktop/200T_workspace/KX7A200/KX7A100.gen/sources_1/ip/fifo_bit_cov/fifo_bit_cov_clocks.xdc] for cell 'mclk_rst_module_inst/mclk_rst_cov_31M25_rst/U0'
Parsing XDC File [d:/Desktop/200T_workspace/KX7A200/KX7A100.gen/sources_1/ip/fifo_bit_cov/fifo_bit_cov_clocks.xdc] for cell 'mclk_rst_module_inst/mclk_rst_cov_400k_rst/U0'
Finished Parsing XDC File [d:/Desktop/200T_workspace/KX7A200/KX7A100.gen/sources_1/ip/fifo_bit_cov/fifo_bit_cov_clocks.xdc] for cell 'mclk_rst_module_inst/mclk_rst_cov_400k_rst/U0'
Parsing XDC File [d:/Desktop/200T_workspace/KX7A200/KX7A100.gen/sources_1/ip/fifo_bit_cov/fifo_bit_cov_clocks.xdc] for cell 'mclk_rst_module_inst/mclk_rst_cov_50M_rst/U0'
Finished Parsing XDC File [d:/Desktop/200T_workspace/KX7A200/KX7A100.gen/sources_1/ip/fifo_bit_cov/fifo_bit_cov_clocks.xdc] for cell 'mclk_rst_module_inst/mclk_rst_cov_50M_rst/U0'
Parsing XDC File [d:/Desktop/200T_workspace/KX7A200/KX7A100.gen/sources_1/ip/fifo_bit_cov/fifo_bit_cov_clocks.xdc] for cell 'mclk_rst_module_inst/mclk_rst_cov_5M_rst/U0'
Finished Parsing XDC File [d:/Desktop/200T_workspace/KX7A200/KX7A100.gen/sources_1/ip/fifo_bit_cov/fifo_bit_cov_clocks.xdc] for cell 'mclk_rst_module_inst/mclk_rst_cov_5M_rst/U0'
Parsing XDC File [d:/Desktop/200T_workspace/KX7A200/KX7A100.gen/sources_1/ip/fifo_ddr3_wr/fifo_ddr3_wr_clocks.xdc] for cell 'ddr3_cache_module_inst/fifo_ddr3_wr_inst/U0'
Finished Parsing XDC File [d:/Desktop/200T_workspace/KX7A200/KX7A100.gen/sources_1/ip/fifo_ddr3_wr/fifo_ddr3_wr_clocks.xdc] for cell 'ddr3_cache_module_inst/fifo_ddr3_wr_inst/U0'
WARNING: [Vivado 12-4379] -delay contains time 1000000.062000 which cannot be represented in single precision floating point without rounding by more than 1 picosecond [D:/Xilinx/Vivado/2020.2/data/ip/xpm/xpm_cdc/tcl/xpm_cdc_gray.tcl:16]
WARNING: [Vivado 12-4379] -delay contains time 1000000.062000 which cannot be represented in single precision floating point without rounding by more than 1 picosecond [D:/Xilinx/Vivado/2020.2/data/ip/xpm/xpm_cdc/tcl/xpm_cdc_gray.tcl:16]
WARNING: [Vivado 12-4379] -delay contains time 1000000.062000 which cannot be represented in single precision floating point without rounding by more than 1 picosecond [D:/Xilinx/Vivado/2020.2/data/ip/xpm/xpm_cdc/tcl/xpm_cdc_gray.tcl:16]
INFO: [Project 1-1715] 3 XPM XDC files have been applied to the design.
INFO: [Opt 31-138] Pushed 0 inverter(s) to 0 load pin(s).
INFO: [Project 1-1687] 12 scoped IP constraints or related sub-commands were skipped due to synthesis logic optimizations usually triggered by constant connectivity or unconnected output pins. To review the skipped constraints and messages, run the command 'set_param netlist.IPMsgFiltering false' before opening the design.
Netlist sorting complete. Time (s): cpu = 00:00:00 ; elapsed = 00:00:00.031 . Memory (MB): peak = 1718.297 ; gain = 0.000
INFO: [Project 1-111] Unisim Transformation Summary:
  A total of 1598 instances were transformed.
  IOBUF => IOBUF (IBUF, OBUFT): 7 instances
  IOBUFDS_DIFF_OUT_INTERMDISABLE => IOBUFDS_DIFF_OUT_INTERMDISABLE (IBUFDS_INTERMDISABLE_INT(x2), INV, OBUFTDS(x2)): 8 instances
  IOBUF_INTERMDISABLE => IOBUF_INTERMDISABLE (IBUF_INTERMDISABLE, OBUFT): 64 instances
  OBUFDS => OBUFDS_DUAL_BUF (INV, OBUFDS(x2)): 2 instances
  RAM16X1D => RAM32X1D (RAMD32(x2)): 15 instances
  RAM32M => RAM32M (RAMD32(x6), RAMS32(x2)): 614 instances
  RAM64M => RAM64M (RAMD64E(x4)): 872 instances
  RAM64X1D => RAM64X1D (RAMD64E(x2)): 16 instances

34 Infos, 3 Warnings, 0 Critical Warnings and 0 Errors encountered.
link_design completed successfully
link_design: Time (s): cpu = 00:00:29 ; elapsed = 00:00:58 . Memory (MB): peak = 1718.297 ; gain = 708.816
Command: opt_design
Attempting to get a license for feature 'Implementation' and/or device 'xc7a200t'
INFO: [Common 17-349] Got license for feature 'Implementation' and/or device 'xc7a200t'
Running DRC as a precondition to command opt_design

Starting DRC Task
INFO: [DRC 23-27] Running DRC with 2 threads
INFO: [Project 1-461] DRC finished with 0 Errors
INFO: [Project 1-462] Please refer to the DRC report (report_drc) for more information.

Time (s): cpu = 00:00:02 ; elapsed = 00:00:02 . Memory (MB): peak = 1718.297 ; gain = 0.000

Starting Cache Timing Information Task
INFO: [Constraints 18-483] create_clock: no pin(s)/port(s)/net(s) specified as objects, only virtual clock 'udp_drive_inst/master_wrapper_inst/tri_mode_ethernet_mac_i/inst_rgmii_rx_clk' will be created. If you don't want this, please specify pin(s)/ports(s)/net(s) as objects to the command. [d:/Desktop/200T_workspace/KX7A200/KX7A100.gen/sources_1/ip/tri_mode_ethernet_mac_0/synth/tri_mode_ethernet_mac_0_clocks.xdc:29]
INFO: [Timing 38-35] Done setting XDC timing constraints.
Ending Cache Timing Information Task | Checksum: 248a9bbf0

Time (s): cpu = 00:00:03 ; elapsed = 00:00:04 . Memory (MB): peak = 1718.297 ; gain = 0.000

Starting Logic Optimization Task

Phase 1 Generate And Synthesize Debug Cores
INFO: [Chipscope 16-329] Generating Script for core instance : dbg_hub 
INFO: [IP_Flow 19-3806] Processing IP xilinx.com:ip:xsdbm:3.0 for cell dbg_hub_CV.
INFO: [Chipscope 16-469] Using cached IP synthesis design for IP xilinx.com:ip:xsdbm:3.0, cache-ID = 429c864645dbe723.
Netlist sorting complete. Time (s): cpu = 00:00:00 ; elapsed = 00:00:00.104 . Memory (MB): peak = 1964.637 ; gain = 0.000
Phase 1 Generate And Synthesize Debug Cores | Checksum: 1b6f18e60

Time (s): cpu = 00:00:03 ; elapsed = 00:00:23 . Memory (MB): peak = 1964.637 ; gain = 44.285

Phase 2 Retarget
INFO: [Opt 31-138] Pushed 4 inverter(s) to 13 load pin(s).
INFO: [Opt 31-49] Retargeted 0 cell(s).
Phase 2 Retarget | Checksum: e5b5dace

Time (s): cpu = 00:00:07 ; elapsed = 00:00:28 . Memory (MB): peak = 1964.637 ; gain = 44.285
INFO: [Opt 31-389] Phase Retarget created 660 cells and removed 1398 cells
INFO: [Opt 31-1021] In phase Retarget, 285 netlist objects are constrained preventing optimization. Please run opt_design with -debug_log to get more detail. 

Phase 3 Constant propagation
INFO: [Opt 31-138] Pushed 3 inverter(s) to 4 load pin(s).
Phase 3 Constant propagation | Checksum: 16042dfab

Time (s): cpu = 00:00:07 ; elapsed = 00:00:29 . Memory (MB): peak = 1964.637 ; gain = 44.285
INFO: [Opt 31-389] Phase Constant propagation created 168 cells and removed 460 cells
INFO: [Opt 31-1021] In phase Constant propagation, 250 netlist objects are constrained preventing optimization. Please run opt_design with -debug_log to get more detail. 

Phase 4 Sweep
Phase 4 Sweep | Checksum: 17edace0e

Time (s): cpu = 00:00:09 ; elapsed = 00:00:32 . Memory (MB): peak = 1964.637 ; gain = 44.285
INFO: [Opt 31-389] Phase Sweep created 1 cells and removed 7996 cells
INFO: [Opt 31-1021] In phase Sweep, 2045 netlist objects are constrained preventing optimization. Please run opt_design with -debug_log to get more detail. 

Phase 5 BUFG optimization
INFO: [Opt 31-274] Optimized connectivity to 1 cascaded buffer cells
Phase 5 BUFG optimization | Checksum: 1924e5c4f

Time (s): cpu = 00:00:10 ; elapsed = 00:00:33 . Memory (MB): peak = 1964.637 ; gain = 44.285
INFO: [Opt 31-662] Phase BUFG optimization created 0 cells of which 0 are BUFGs and removed 1 cells.

Phase 6 Shift Register Optimization
INFO: [Opt 31-1064] SRL Remap converted 0 SRLs to 0 registers and converted 0 registers of register chains to 0 SRLs
Phase 6 Shift Register Optimization | Checksum: 1924e5c4f

Time (s): cpu = 00:00:10 ; elapsed = 00:00:33 . Memory (MB): peak = 1964.637 ; gain = 44.285
INFO: [Opt 31-389] Phase Shift Register Optimization created 0 cells and removed 0 cells

Phase 7 Post Processing Netlist
Phase 7 Post Processing Netlist | Checksum: 19585b844

Time (s): cpu = 00:00:10 ; elapsed = 00:00:33 . Memory (MB): peak = 1964.637 ; gain = 44.285
INFO: [Opt 31-389] Phase Post Processing Netlist created 0 cells and removed 0 cells
INFO: [Opt 31-1021] In phase Post Processing Netlist, 247 netlist objects are constrained preventing optimization. Please run opt_design with -debug_log to get more detail. 
Opt_design Change Summary
=========================


-------------------------------------------------------------------------------------------------------------------------
|  Phase                        |  #Cells created  |  #Cells Removed  |  #Constrained objects preventing optimizations  |
-------------------------------------------------------------------------------------------------------------------------
|  Retarget                     |             660  |            1398  |                                            285  |
|  Constant propagation         |             168  |             460  |                                            250  |
|  Sweep                        |               1  |            7996  |                                           2045  |
|  BUFG optimization            |               0  |               1  |                                              0  |
|  Shift Register Optimization  |               0  |               0  |                                              0  |
|  Post Processing Netlist      |               0  |               0  |                                            247  |
-------------------------------------------------------------------------------------------------------------------------



Starting Connectivity Check Task

Time (s): cpu = 00:00:00 ; elapsed = 00:00:00.080 . Memory (MB): peak = 1964.637 ; gain = 0.000
Ending Logic Optimization Task | Checksum: 244a4201e

Time (s): cpu = 00:00:11 ; elapsed = 00:00:34 . Memory (MB): peak = 1964.637 ; gain = 44.285

Starting Power Optimization Task
INFO: [Pwropt 34-132] Skipping clock gating for clocks with a period < 2.00 ns.
INFO: [Power 33-23] Power model is not available for DNA_PORT_inst
INFO: [Pwropt 34-9] Applying IDT optimizations ...
INFO: [Pwropt 34-10] Applying ODC optimizations ...
INFO: [Constraints 18-483] create_clock: no pin(s)/port(s)/net(s) specified as objects, only virtual clock 'udp_drive_inst/master_wrapper_inst/tri_mode_ethernet_mac_i/inst_rgmii_rx_clk' will be created. If you don't want this, please specify pin(s)/ports(s)/net(s) as objects to the command. [d:/Desktop/200T_workspace/KX7A200/KX7A100.gen/sources_1/ip/tri_mode_ethernet_mac_0/synth/tri_mode_ethernet_mac_0_clocks.xdc:29]
INFO: [Timing 38-35] Done setting XDC timing constraints.
Running Vector-less Activity Propagation...

Finished Running Vector-less Activity Propagation


Starting PowerOpt Patch Enables Task
INFO: [Pwropt 34-162] WRITE_MODE attribute of 0 BRAM(s) out of a total of 15 has been updated to save power. Run report_power_opt to get a complete listing of the BRAMs updated.
INFO: [Pwropt 34-201] Structural ODC has moved 0 WE to EN ports
Number of BRAM Ports augmented: 2 newly gated: 2 Total Ports: 30
Ending PowerOpt Patch Enables Task | Checksum: 1b8edc3a6

Time (s): cpu = 00:00:01 ; elapsed = 00:00:00.267 . Memory (MB): peak = 2306.301 ; gain = 0.000
Ending Power Optimization Task | Checksum: 1b8edc3a6

Time (s): cpu = 00:00:09 ; elapsed = 00:00:07 . Memory (MB): peak = 2306.301 ; gain = 341.664

Starting Final Cleanup Task

Starting Logic Optimization Task
INFO: [Constraints 18-483] create_clock: no pin(s)/port(s)/net(s) specified as objects, only virtual clock 'udp_drive_inst/master_wrapper_inst/tri_mode_ethernet_mac_i/inst_rgmii_rx_clk' will be created. If you don't want this, please specify pin(s)/ports(s)/net(s) as objects to the command. [d:/Desktop/200T_workspace/KX7A200/KX7A100.gen/sources_1/ip/tri_mode_ethernet_mac_0/synth/tri_mode_ethernet_mac_0_clocks.xdc:29]
INFO: [Timing 38-35] Done setting XDC timing constraints.
Ending Logic Optimization Task | Checksum: 28f3ac77f

Time (s): cpu = 00:00:04 ; elapsed = 00:00:04 . Memory (MB): peak = 2306.301 ; gain = 0.000
Ending Final Cleanup Task | Checksum: 28f3ac77f

Time (s): cpu = 00:00:05 ; elapsed = 00:00:06 . Memory (MB): peak = 2306.301 ; gain = 0.000

Starting Netlist Obfuscation Task
Netlist sorting complete. Time (s): cpu = 00:00:00 ; elapsed = 00:00:00.017 . Memory (MB): peak = 2306.301 ; gain = 0.000
Ending Netlist Obfuscation Task | Checksum: 28f3ac77f

Time (s): cpu = 00:00:00 ; elapsed = 00:00:00.017 . Memory (MB): peak = 2306.301 ; gain = 0.000
INFO: [Common 17-83] Releasing license: Implementation
73 Infos, 3 Warnings, 0 Critical Warnings and 0 Errors encountered.
opt_design completed successfully
opt_design: Time (s): cpu = 00:00:32 ; elapsed = 00:00:55 . Memory (MB): peak = 2306.301 ; gain = 588.004
INFO: [Constraints 18-483] create_clock: no pin(s)/port(s)/net(s) specified as objects, only virtual clock 'udp_drive_inst/master_wrapper_inst/tri_mode_ethernet_mac_i/inst_rgmii_rx_clk' will be created. If you don't want this, please specify pin(s)/ports(s)/net(s) as objects to the command. [d:/Desktop/200T_workspace/KX7A200/KX7A100.gen/sources_1/ip/tri_mode_ethernet_mac_0/synth/tri_mode_ethernet_mac_0_clocks.xdc:29]
INFO: [Timing 38-35] Done setting XDC timing constraints.
INFO: [Timing 38-480] Writing timing data to binary archive.
Writing placer database...
Writing XDEF routing.
Writing XDEF routing logical nets.
Writing XDEF routing special nets.
Write XDEF Complete: Time (s): cpu = 00:00:00 ; elapsed = 00:00:00.067 . Memory (MB): peak = 2306.301 ; gain = 0.000
INFO: [Common 17-1381] The checkpoint 'D:/Desktop/200T_workspace/KX7A200/KX7A100.runs/impl_1/top_opt.dcp' has been generated.
write_checkpoint: Time (s): cpu = 00:00:10 ; elapsed = 00:00:08 . Memory (MB): peak = 2306.301 ; gain = 0.000
INFO: [runtcl-4] Executing : report_drc -file top_drc_opted.rpt -pb top_drc_opted.pb -rpx top_drc_opted.rpx
Command: report_drc -file top_drc_opted.rpt -pb top_drc_opted.pb -rpx top_drc_opted.rpx
INFO: [IP_Flow 19-1839] IP Catalog is up to date.
INFO: [DRC 23-27] Running DRC with 2 threads
INFO: [Coretcl 2-168] The results of DRC are in file D:/Desktop/200T_workspace/KX7A200/KX7A100.runs/impl_1/top_drc_opted.rpt.
report_drc completed successfully
report_drc: Time (s): cpu = 00:00:06 ; elapsed = 00:00:06 . Memory (MB): peak = 2306.301 ; gain = 0.000
INFO: [Chipscope 16-240] Debug cores have already been implemented
Command: place_design
Attempting to get a license for feature 'Implementation' and/or device 'xc7a200t'
INFO: [Common 17-349] Got license for feature 'Implementation' and/or device 'xc7a200t'
INFO: [DRC 23-27] Running DRC with 2 threads
INFO: [Vivado_Tcl 4-198] DRC finished with 0 Errors
INFO: [Vivado_Tcl 4-199] Please refer to the DRC report (report_drc) for more information.
Running DRC as a precondition to command place_design
INFO: [DRC 23-27] Running DRC with 2 threads
WARNING: [DRC CHECK-3] Report rule limit reached: REQP-1839 rule limit reached: 20 violations have been found.
WARNING: [DRC CHECK-3] Report rule limit reached: REQP-1840 rule limit reached: 20 violations have been found.
WARNING: [DRC REQP-1839] RAMB36 async control check: The RAMB36E1 udp_drive_inst/master_wrapper_inst/uiudp_stack_inst/arp_layer/mac_cache_module/mac_address_ram/U0/inst_blk_mem_gen/gnbram.gnativebmg.native_blk_mem_gen/valid.cstr/ramloop[1].ram.r/prim_init.ram/DEVICE_7SERIES.NO_BMM_INFO.TRUE_DP.SIMPLE_PRIM36.ram has an input control pin udp_drive_inst/master_wrapper_inst/uiudp_stack_inst/arp_layer/mac_cache_module/mac_address_ram/U0/inst_blk_mem_gen/gnbram.gnativebmg.native_blk_mem_gen/valid.cstr/ramloop[1].ram.r/prim_init.ram/DEVICE_7SERIES.NO_BMM_INFO.TRUE_DP.SIMPLE_PRIM36.ram/ENBWREN (net: udp_drive_inst/master_wrapper_inst/uiudp_stack_inst/arp_layer/mac_cache_module/mac_address_ram/U0/inst_blk_mem_gen/gnbram.gnativebmg.native_blk_mem_gen/valid.cstr/ramloop[1].ram.r/prim_init.ram/enb) which is driven by a register (udp_drive_inst/master_wrapper_inst/uiudp_stack_inst/arp_layer/mac_cache_module/mac_cache_flag_reg[0]) that has an active asychronous set or reset. This may cause corruption of the memory contents and/or read values when the set/reset is asserted and is not analyzed by the default static timing analysis. It is suggested to eliminate the use of a set/reset to registers driving this RAMB pin or else use a synchronous reset in which the assertion of the reset is timed by default.
WARNING: [DRC REQP-1839] RAMB36 async control check: The RAMB36E1 udp_drive_inst/master_wrapper_inst/uiudp_stack_inst/arp_layer/mac_cache_module/mac_address_ram/U0/inst_blk_mem_gen/gnbram.gnativebmg.native_blk_mem_gen/valid.cstr/ramloop[1].ram.r/prim_init.ram/DEVICE_7SERIES.NO_BMM_INFO.TRUE_DP.SIMPLE_PRIM36.ram has an input control pin udp_drive_inst/master_wrapper_inst/uiudp_stack_inst/arp_layer/mac_cache_module/mac_address_ram/U0/inst_blk_mem_gen/gnbram.gnativebmg.native_blk_mem_gen/valid.cstr/ramloop[1].ram.r/prim_init.ram/DEVICE_7SERIES.NO_BMM_INFO.TRUE_DP.SIMPLE_PRIM36.ram/ENBWREN (net: udp_drive_inst/master_wrapper_inst/uiudp_stack_inst/arp_layer/mac_cache_module/mac_address_ram/U0/inst_blk_mem_gen/gnbram.gnativebmg.native_blk_mem_gen/valid.cstr/ramloop[1].ram.r/prim_init.ram/enb) which is driven by a register (udp_drive_inst/master_wrapper_inst/uiudp_stack_inst/arp_layer/mac_cache_module/mac_cache_flag_reg[100]) that has an active asychronous set or reset. This may cause corruption of the memory contents and/or read values when the set/reset is asserted and is not analyzed by the default static timing analysis. It is suggested to eliminate the use of a set/reset to registers driving this RAMB pin or else use a synchronous reset in which the assertion of the reset is timed by default.
WARNING: [DRC REQP-1839] RAMB36 async control check: The RAMB36E1 udp_drive_inst/master_wrapper_inst/uiudp_stack_inst/arp_layer/mac_cache_module/mac_address_ram/U0/inst_blk_mem_gen/gnbram.gnativebmg.native_blk_mem_gen/valid.cstr/ramloop[1].ram.r/prim_init.ram/DEVICE_7SERIES.NO_BMM_INFO.TRUE_DP.SIMPLE_PRIM36.ram has an input control pin udp_drive_inst/master_wrapper_inst/uiudp_stack_inst/arp_layer/mac_cache_module/mac_address_ram/U0/inst_blk_mem_gen/gnbram.gnativebmg.native_blk_mem_gen/valid.cstr/ramloop[1].ram.r/prim_init.ram/DEVICE_7SERIES.NO_BMM_INFO.TRUE_DP.SIMPLE_PRIM36.ram/ENBWREN (net: udp_drive_inst/master_wrapper_inst/uiudp_stack_inst/arp_layer/mac_cache_module/mac_address_ram/U0/inst_blk_mem_gen/gnbram.gnativebmg.native_blk_mem_gen/valid.cstr/ramloop[1].ram.r/prim_init.ram/enb) which is driven by a register (udp_drive_inst/master_wrapper_inst/uiudp_stack_inst/arp_layer/mac_cache_module/mac_cache_flag_reg[101]) that has an active asychronous set or reset. This may cause corruption of the memory contents and/or read values when the set/reset is asserted and is not analyzed by the default static timing analysis. It is suggested to eliminate the use of a set/reset to registers driving this RAMB pin or else use a synchronous reset in which the assertion of the reset is timed by default.
WARNING: [DRC REQP-1839] RAMB36 async control check: The RAMB36E1 udp_drive_inst/master_wrapper_inst/uiudp_stack_inst/arp_layer/mac_cache_module/mac_address_ram/U0/inst_blk_mem_gen/gnbram.gnativebmg.native_blk_mem_gen/valid.cstr/ramloop[1].ram.r/prim_init.ram/DEVICE_7SERIES.NO_BMM_INFO.TRUE_DP.SIMPLE_PRIM36.ram has an input control pin udp_drive_inst/master_wrapper_inst/uiudp_stack_inst/arp_layer/mac_cache_module/mac_address_ram/U0/inst_blk_mem_gen/gnbram.gnativebmg.native_blk_mem_gen/valid.cstr/ramloop[1].ram.r/prim_init.ram/DEVICE_7SERIES.NO_BMM_INFO.TRUE_DP.SIMPLE_PRIM36.ram/ENBWREN (net: udp_drive_inst/master_wrapper_inst/uiudp_stack_inst/arp_layer/mac_cache_module/mac_address_ram/U0/inst_blk_mem_gen/gnbram.gnativebmg.native_blk_mem_gen/valid.cstr/ramloop[1].ram.r/prim_init.ram/enb) which is driven by a register (udp_drive_inst/master_wrapper_inst/uiudp_stack_inst/arp_layer/mac_cache_module/mac_cache_flag_reg[102]) that has an active asychronous set or reset. This may cause corruption of the memory contents and/or read values when the set/reset is asserted and is not analyzed by the default static timing analysis. It is suggested to eliminate the use of a set/reset to registers driving this RAMB pin or else use a synchronous reset in which the assertion of the reset is timed by default.
WARNING: [DRC REQP-1839] RAMB36 async control check: The RAMB36E1 udp_drive_inst/master_wrapper_inst/uiudp_stack_inst/arp_layer/mac_cache_module/mac_address_ram/U0/inst_blk_mem_gen/gnbram.gnativebmg.native_blk_mem_gen/valid.cstr/ramloop[1].ram.r/prim_init.ram/DEVICE_7SERIES.NO_BMM_INFO.TRUE_DP.SIMPLE_PRIM36.ram has an input control pin udp_drive_inst/master_wrapper_inst/uiudp_stack_inst/arp_layer/mac_cache_module/mac_address_ram/U0/inst_blk_mem_gen/gnbram.gnativebmg.native_blk_mem_gen/valid.cstr/ramloop[1].ram.r/prim_init.ram/DEVICE_7SERIES.NO_BMM_INFO.TRUE_DP.SIMPLE_PRIM36.ram/ENBWREN (net: udp_drive_inst/master_wrapper_inst/uiudp_stack_inst/arp_layer/mac_cache_module/mac_address_ram/U0/inst_blk_mem_gen/gnbram.gnativebmg.native_blk_mem_gen/valid.cstr/ramloop[1].ram.r/prim_init.ram/enb) which is driven by a register (udp_drive_inst/master_wrapper_inst/uiudp_stack_inst/arp_layer/mac_cache_module/mac_cache_flag_reg[103]) that has an active asychronous set or reset. This may cause corruption of the memory contents and/or read values when the set/reset is asserted and is not analyzed by the default static timing analysis. It is suggested to eliminate the use of a set/reset to registers driving this RAMB pin or else use a synchronous reset in which the assertion of the reset is timed by default.
WARNING: [DRC REQP-1839] RAMB36 async control check: The RAMB36E1 udp_drive_inst/master_wrapper_inst/uiudp_stack_inst/arp_layer/mac_cache_module/mac_address_ram/U0/inst_blk_mem_gen/gnbram.gnativebmg.native_blk_mem_gen/valid.cstr/ramloop[1].ram.r/prim_init.ram/DEVICE_7SERIES.NO_BMM_INFO.TRUE_DP.SIMPLE_PRIM36.ram has an input control pin udp_drive_inst/master_wrapper_inst/uiudp_stack_inst/arp_layer/mac_cache_module/mac_address_ram/U0/inst_blk_mem_gen/gnbram.gnativebmg.native_blk_mem_gen/valid.cstr/ramloop[1].ram.r/prim_init.ram/DEVICE_7SERIES.NO_BMM_INFO.TRUE_DP.SIMPLE_PRIM36.ram/ENBWREN (net: udp_drive_inst/master_wrapper_inst/uiudp_stack_inst/arp_layer/mac_cache_module/mac_address_ram/U0/inst_blk_mem_gen/gnbram.gnativebmg.native_blk_mem_gen/valid.cstr/ramloop[1].ram.r/prim_init.ram/enb) which is driven by a register (udp_drive_inst/master_wrapper_inst/uiudp_stack_inst/arp_layer/mac_cache_module/mac_cache_flag_reg[104]) that has an active asychronous set or reset. This may cause corruption of the memory contents and/or read values when the set/reset is asserted and is not analyzed by the default static timing analysis. It is suggested to eliminate the use of a set/reset to registers driving this RAMB pin or else use a synchronous reset in which the assertion of the reset is timed by default.
WARNING: [DRC REQP-1839] RAMB36 async control check: The RAMB36E1 udp_drive_inst/master_wrapper_inst/uiudp_stack_inst/arp_layer/mac_cache_module/mac_address_ram/U0/inst_blk_mem_gen/gnbram.gnativebmg.native_blk_mem_gen/valid.cstr/ramloop[1].ram.r/prim_init.ram/DEVICE_7SERIES.NO_BMM_INFO.TRUE_DP.SIMPLE_PRIM36.ram has an input control pin udp_drive_inst/master_wrapper_inst/uiudp_stack_inst/arp_layer/mac_cache_module/mac_address_ram/U0/inst_blk_mem_gen/gnbram.gnativebmg.native_blk_mem_gen/valid.cstr/ramloop[1].ram.r/prim_init.ram/DEVICE_7SERIES.NO_BMM_INFO.TRUE_DP.SIMPLE_PRIM36.ram/ENBWREN (net: udp_drive_inst/master_wrapper_inst/uiudp_stack_inst/arp_layer/mac_cache_module/mac_address_ram/U0/inst_blk_mem_gen/gnbram.gnativebmg.native_blk_mem_gen/valid.cstr/ramloop[1].ram.r/prim_init.ram/enb) which is driven by a register (udp_drive_inst/master_wrapper_inst/uiudp_stack_inst/arp_layer/mac_cache_module/mac_cache_flag_reg[105]) that has an active asychronous set or reset. This may cause corruption of the memory contents and/or read values when the set/reset is asserted and is not analyzed by the default static timing analysis. It is suggested to eliminate the use of a set/reset to registers driving this RAMB pin or else use a synchronous reset in which the assertion of the reset is timed by default.
WARNING: [DRC REQP-1839] RAMB36 async control check: The RAMB36E1 udp_drive_inst/master_wrapper_inst/uiudp_stack_inst/arp_layer/mac_cache_module/mac_address_ram/U0/inst_blk_mem_gen/gnbram.gnativebmg.native_blk_mem_gen/valid.cstr/ramloop[1].ram.r/prim_init.ram/DEVICE_7SERIES.NO_BMM_INFO.TRUE_DP.SIMPLE_PRIM36.ram has an input control pin udp_drive_inst/master_wrapper_inst/uiudp_stack_inst/arp_layer/mac_cache_module/mac_address_ram/U0/inst_blk_mem_gen/gnbram.gnativebmg.native_blk_mem_gen/valid.cstr/ramloop[1].ram.r/prim_init.ram/DEVICE_7SERIES.NO_BMM_INFO.TRUE_DP.SIMPLE_PRIM36.ram/ENBWREN (net: udp_drive_inst/master_wrapper_inst/uiudp_stack_inst/arp_layer/mac_cache_module/mac_address_ram/U0/inst_blk_mem_gen/gnbram.gnativebmg.native_blk_mem_gen/valid.cstr/ramloop[1].ram.r/prim_init.ram/enb) which is driven by a register (udp_drive_inst/master_wrapper_inst/uiudp_stack_inst/arp_layer/mac_cache_module/mac_cache_flag_reg[89]) that has an active asychronous set or reset. This may cause corruption of the memory contents and/or read values when the set/reset is asserted and is not analyzed by the default static timing analysis. It is suggested to eliminate the use of a set/reset to registers driving this RAMB pin or else use a synchronous reset in which the assertion of the reset is timed by default.
WARNING: [DRC REQP-1839] RAMB36 async control check: The RAMB36E1 udp_drive_inst/master_wrapper_inst/uiudp_stack_inst/arp_layer/mac_cache_module/mac_address_ram/U0/inst_blk_mem_gen/gnbram.gnativebmg.native_blk_mem_gen/valid.cstr/ramloop[1].ram.r/prim_init.ram/DEVICE_7SERIES.NO_BMM_INFO.TRUE_DP.SIMPLE_PRIM36.ram has an input control pin udp_drive_inst/master_wrapper_inst/uiudp_stack_inst/arp_layer/mac_cache_module/mac_address_ram/U0/inst_blk_mem_gen/gnbram.gnativebmg.native_blk_mem_gen/valid.cstr/ramloop[1].ram.r/prim_init.ram/DEVICE_7SERIES.NO_BMM_INFO.TRUE_DP.SIMPLE_PRIM36.ram/ENBWREN (net: udp_drive_inst/master_wrapper_inst/uiudp_stack_inst/arp_layer/mac_cache_module/mac_address_ram/U0/inst_blk_mem_gen/gnbram.gnativebmg.native_blk_mem_gen/valid.cstr/ramloop[1].ram.r/prim_init.ram/enb) which is driven by a register (udp_drive_inst/master_wrapper_inst/uiudp_stack_inst/arp_layer/mac_cache_module/mac_cache_flag_reg[8]) that has an active asychronous set or reset. This may cause corruption of the memory contents and/or read values when the set/reset is asserted and is not analyzed by the default static timing analysis. It is suggested to eliminate the use of a set/reset to registers driving this RAMB pin or else use a synchronous reset in which the assertion of the reset is timed by default.
WARNING: [DRC REQP-1839] RAMB36 async control check: The RAMB36E1 udp_drive_inst/master_wrapper_inst/uiudp_stack_inst/arp_layer/mac_cache_module/mac_address_ram/U0/inst_blk_mem_gen/gnbram.gnativebmg.native_blk_mem_gen/valid.cstr/ramloop[1].ram.r/prim_init.ram/DEVICE_7SERIES.NO_BMM_INFO.TRUE_DP.SIMPLE_PRIM36.ram has an input control pin udp_drive_inst/master_wrapper_inst/uiudp_stack_inst/arp_layer/mac_cache_module/mac_address_ram/U0/inst_blk_mem_gen/gnbram.gnativebmg.native_blk_mem_gen/valid.cstr/ramloop[1].ram.r/prim_init.ram/DEVICE_7SERIES.NO_BMM_INFO.TRUE_DP.SIMPLE_PRIM36.ram/ENBWREN (net: udp_drive_inst/master_wrapper_inst/uiudp_stack_inst/arp_layer/mac_cache_module/mac_address_ram/U0/inst_blk_mem_gen/gnbram.gnativebmg.native_blk_mem_gen/valid.cstr/ramloop[1].ram.r/prim_init.ram/enb) which is driven by a register (udp_drive_inst/master_wrapper_inst/uiudp_stack_inst/arp_layer/mac_cache_module/mac_cache_flag_reg[90]) that has an active asychronous set or reset. This may cause corruption of the memory contents and/or read values when the set/reset is asserted and is not analyzed by the default static timing analysis. It is suggested to eliminate the use of a set/reset to registers driving this RAMB pin or else use a synchronous reset in which the assertion of the reset is timed by default.
WARNING: [DRC REQP-1839] RAMB36 async control check: The RAMB36E1 udp_drive_inst/master_wrapper_inst/uiudp_stack_inst/arp_layer/mac_cache_module/mac_address_ram/U0/inst_blk_mem_gen/gnbram.gnativebmg.native_blk_mem_gen/valid.cstr/ramloop[1].ram.r/prim_init.ram/DEVICE_7SERIES.NO_BMM_INFO.TRUE_DP.SIMPLE_PRIM36.ram has an input control pin udp_drive_inst/master_wrapper_inst/uiudp_stack_inst/arp_layer/mac_cache_module/mac_address_ram/U0/inst_blk_mem_gen/gnbram.gnativebmg.native_blk_mem_gen/valid.cstr/ramloop[1].ram.r/prim_init.ram/DEVICE_7SERIES.NO_BMM_INFO.TRUE_DP.SIMPLE_PRIM36.ram/ENBWREN (net: udp_drive_inst/master_wrapper_inst/uiudp_stack_inst/arp_layer/mac_cache_module/mac_address_ram/U0/inst_blk_mem_gen/gnbram.gnativebmg.native_blk_mem_gen/valid.cstr/ramloop[1].ram.r/prim_init.ram/enb) which is driven by a register (udp_drive_inst/master_wrapper_inst/uiudp_stack_inst/arp_layer/mac_cache_module/mac_cache_flag_reg[91]) that has an active asychronous set or reset. This may cause corruption of the memory contents and/or read values when the set/reset is asserted and is not analyzed by the default static timing analysis. It is suggested to eliminate the use of a set/reset to registers driving this RAMB pin or else use a synchronous reset in which the assertion of the reset is timed by default.
WARNING: [DRC REQP-1839] RAMB36 async control check: The RAMB36E1 udp_drive_inst/master_wrapper_inst/uiudp_stack_inst/arp_layer/mac_cache_module/mac_address_ram/U0/inst_blk_mem_gen/gnbram.gnativebmg.native_blk_mem_gen/valid.cstr/ramloop[1].ram.r/prim_init.ram/DEVICE_7SERIES.NO_BMM_INFO.TRUE_DP.SIMPLE_PRIM36.ram has an input control pin udp_drive_inst/master_wrapper_inst/uiudp_stack_inst/arp_layer/mac_cache_module/mac_address_ram/U0/inst_blk_mem_gen/gnbram.gnativebmg.native_blk_mem_gen/valid.cstr/ramloop[1].ram.r/prim_init.ram/DEVICE_7SERIES.NO_BMM_INFO.TRUE_DP.SIMPLE_PRIM36.ram/ENBWREN (net: udp_drive_inst/master_wrapper_inst/uiudp_stack_inst/arp_layer/mac_cache_module/mac_address_ram/U0/inst_blk_mem_gen/gnbram.gnativebmg.native_blk_mem_gen/valid.cstr/ramloop[1].ram.r/prim_init.ram/enb) which is driven by a register (udp_drive_inst/master_wrapper_inst/uiudp_stack_inst/arp_layer/mac_cache_module/mac_cache_flag_reg[92]) that has an active asychronous set or reset. This may cause corruption of the memory contents and/or read values when the set/reset is asserted and is not analyzed by the default static timing analysis. It is suggested to eliminate the use of a set/reset to registers driving this RAMB pin or else use a synchronous reset in which the assertion of the reset is timed by default.
WARNING: [DRC REQP-1839] RAMB36 async control check: The RAMB36E1 udp_drive_inst/master_wrapper_inst/uiudp_stack_inst/arp_layer/mac_cache_module/mac_address_ram/U0/inst_blk_mem_gen/gnbram.gnativebmg.native_blk_mem_gen/valid.cstr/ramloop[1].ram.r/prim_init.ram/DEVICE_7SERIES.NO_BMM_INFO.TRUE_DP.SIMPLE_PRIM36.ram has an input control pin udp_drive_inst/master_wrapper_inst/uiudp_stack_inst/arp_layer/mac_cache_module/mac_address_ram/U0/inst_blk_mem_gen/gnbram.gnativebmg.native_blk_mem_gen/valid.cstr/ramloop[1].ram.r/prim_init.ram/DEVICE_7SERIES.NO_BMM_INFO.TRUE_DP.SIMPLE_PRIM36.ram/ENBWREN (net: udp_drive_inst/master_wrapper_inst/uiudp_stack_inst/arp_layer/mac_cache_module/mac_address_ram/U0/inst_blk_mem_gen/gnbram.gnativebmg.native_blk_mem_gen/valid.cstr/ramloop[1].ram.r/prim_init.ram/enb) which is driven by a register (udp_drive_inst/master_wrapper_inst/uiudp_stack_inst/arp_layer/mac_cache_module/mac_cache_flag_reg[93]) that has an active asychronous set or reset. This may cause corruption of the memory contents and/or read values when the set/reset is asserted and is not analyzed by the default static timing analysis. It is suggested to eliminate the use of a set/reset to registers driving this RAMB pin or else use a synchronous reset in which the assertion of the reset is timed by default.
WARNING: [DRC REQP-1839] RAMB36 async control check: The RAMB36E1 udp_drive_inst/master_wrapper_inst/uiudp_stack_inst/arp_layer/mac_cache_module/mac_address_ram/U0/inst_blk_mem_gen/gnbram.gnativebmg.native_blk_mem_gen/valid.cstr/ramloop[1].ram.r/prim_init.ram/DEVICE_7SERIES.NO_BMM_INFO.TRUE_DP.SIMPLE_PRIM36.ram has an input control pin udp_drive_inst/master_wrapper_inst/uiudp_stack_inst/arp_layer/mac_cache_module/mac_address_ram/U0/inst_blk_mem_gen/gnbram.gnativebmg.native_blk_mem_gen/valid.cstr/ramloop[1].ram.r/prim_init.ram/DEVICE_7SERIES.NO_BMM_INFO.TRUE_DP.SIMPLE_PRIM36.ram/ENBWREN (net: udp_drive_inst/master_wrapper_inst/uiudp_stack_inst/arp_layer/mac_cache_module/mac_address_ram/U0/inst_blk_mem_gen/gnbram.gnativebmg.native_blk_mem_gen/valid.cstr/ramloop[1].ram.r/prim_init.ram/enb) which is driven by a register (udp_drive_inst/master_wrapper_inst/uiudp_stack_inst/arp_layer/mac_cache_module/mac_cache_flag_reg[94]) that has an active asychronous set or reset. This may cause corruption of the memory contents and/or read values when the set/reset is asserted and is not analyzed by the default static timing analysis. It is suggested to eliminate the use of a set/reset to registers driving this RAMB pin or else use a synchronous reset in which the assertion of the reset is timed by default.
WARNING: [DRC REQP-1839] RAMB36 async control check: The RAMB36E1 udp_drive_inst/master_wrapper_inst/uiudp_stack_inst/arp_layer/mac_cache_module/mac_address_ram/U0/inst_blk_mem_gen/gnbram.gnativebmg.native_blk_mem_gen/valid.cstr/ramloop[1].ram.r/prim_init.ram/DEVICE_7SERIES.NO_BMM_INFO.TRUE_DP.SIMPLE_PRIM36.ram has an input control pin udp_drive_inst/master_wrapper_inst/uiudp_stack_inst/arp_layer/mac_cache_module/mac_address_ram/U0/inst_blk_mem_gen/gnbram.gnativebmg.native_blk_mem_gen/valid.cstr/ramloop[1].ram.r/prim_init.ram/DEVICE_7SERIES.NO_BMM_INFO.TRUE_DP.SIMPLE_PRIM36.ram/ENBWREN (net: udp_drive_inst/master_wrapper_inst/uiudp_stack_inst/arp_layer/mac_cache_module/mac_address_ram/U0/inst_blk_mem_gen/gnbram.gnativebmg.native_blk_mem_gen/valid.cstr/ramloop[1].ram.r/prim_init.ram/enb) which is driven by a register (udp_drive_inst/master_wrapper_inst/uiudp_stack_inst/arp_layer/mac_cache_module/mac_cache_flag_reg[95]) that has an active asychronous set or reset. This may cause corruption of the memory contents and/or read values when the set/reset is asserted and is not analyzed by the default static timing analysis. It is suggested to eliminate the use of a set/reset to registers driving this RAMB pin or else use a synchronous reset in which the assertion of the reset is timed by default.
WARNING: [DRC REQP-1839] RAMB36 async control check: The RAMB36E1 udp_drive_inst/master_wrapper_inst/uiudp_stack_inst/arp_layer/mac_cache_module/mac_address_ram/U0/inst_blk_mem_gen/gnbram.gnativebmg.native_blk_mem_gen/valid.cstr/ramloop[1].ram.r/prim_init.ram/DEVICE_7SERIES.NO_BMM_INFO.TRUE_DP.SIMPLE_PRIM36.ram has an input control pin udp_drive_inst/master_wrapper_inst/uiudp_stack_inst/arp_layer/mac_cache_module/mac_address_ram/U0/inst_blk_mem_gen/gnbram.gnativebmg.native_blk_mem_gen/valid.cstr/ramloop[1].ram.r/prim_init.ram/DEVICE_7SERIES.NO_BMM_INFO.TRUE_DP.SIMPLE_PRIM36.ram/ENBWREN (net: udp_drive_inst/master_wrapper_inst/uiudp_stack_inst/arp_layer/mac_cache_module/mac_address_ram/U0/inst_blk_mem_gen/gnbram.gnativebmg.native_blk_mem_gen/valid.cstr/ramloop[1].ram.r/prim_init.ram/enb) which is driven by a register (udp_drive_inst/master_wrapper_inst/uiudp_stack_inst/arp_layer/mac_cache_module/mac_cache_flag_reg[96]) that has an active asychronous set or reset. This may cause corruption of the memory contents and/or read values when the set/reset is asserted and is not analyzed by the default static timing analysis. It is suggested to eliminate the use of a set/reset to registers driving this RAMB pin or else use a synchronous reset in which the assertion of the reset is timed by default.
WARNING: [DRC REQP-1839] RAMB36 async control check: The RAMB36E1 udp_drive_inst/master_wrapper_inst/uiudp_stack_inst/arp_layer/mac_cache_module/mac_address_ram/U0/inst_blk_mem_gen/gnbram.gnativebmg.native_blk_mem_gen/valid.cstr/ramloop[1].ram.r/prim_init.ram/DEVICE_7SERIES.NO_BMM_INFO.TRUE_DP.SIMPLE_PRIM36.ram has an input control pin udp_drive_inst/master_wrapper_inst/uiudp_stack_inst/arp_layer/mac_cache_module/mac_address_ram/U0/inst_blk_mem_gen/gnbram.gnativebmg.native_blk_mem_gen/valid.cstr/ramloop[1].ram.r/prim_init.ram/DEVICE_7SERIES.NO_BMM_INFO.TRUE_DP.SIMPLE_PRIM36.ram/ENBWREN (net: udp_drive_inst/master_wrapper_inst/uiudp_stack_inst/arp_layer/mac_cache_module/mac_address_ram/U0/inst_blk_mem_gen/gnbram.gnativebmg.native_blk_mem_gen/valid.cstr/ramloop[1].ram.r/prim_init.ram/enb) which is driven by a register (udp_drive_inst/master_wrapper_inst/uiudp_stack_inst/arp_layer/mac_cache_module/mac_cache_flag_reg[97]) that has an active asychronous set or reset. This may cause corruption of the memory contents and/or read values when the set/reset is asserted and is not analyzed by the default static timing analysis. It is suggested to eliminate the use of a set/reset to registers driving this RAMB pin or else use a synchronous reset in which the assertion of the reset is timed by default.
WARNING: [DRC REQP-1839] RAMB36 async control check: The RAMB36E1 udp_drive_inst/master_wrapper_inst/uiudp_stack_inst/arp_layer/mac_cache_module/mac_address_ram/U0/inst_blk_mem_gen/gnbram.gnativebmg.native_blk_mem_gen/valid.cstr/ramloop[1].ram.r/prim_init.ram/DEVICE_7SERIES.NO_BMM_INFO.TRUE_DP.SIMPLE_PRIM36.ram has an input control pin udp_drive_inst/master_wrapper_inst/uiudp_stack_inst/arp_layer/mac_cache_module/mac_address_ram/U0/inst_blk_mem_gen/gnbram.gnativebmg.native_blk_mem_gen/valid.cstr/ramloop[1].ram.r/prim_init.ram/DEVICE_7SERIES.NO_BMM_INFO.TRUE_DP.SIMPLE_PRIM36.ram/ENBWREN (net: udp_drive_inst/master_wrapper_inst/uiudp_stack_inst/arp_layer/mac_cache_module/mac_address_ram/U0/inst_blk_mem_gen/gnbram.gnativebmg.native_blk_mem_gen/valid.cstr/ramloop[1].ram.r/prim_init.ram/enb) which is driven by a register (udp_drive_inst/master_wrapper_inst/uiudp_stack_inst/arp_layer/mac_cache_module/mac_cache_flag_reg[98]) that has an active asychronous set or reset. This may cause corruption of the memory contents and/or read values when the set/reset is asserted and is not analyzed by the default static timing analysis. It is suggested to eliminate the use of a set/reset to registers driving this RAMB pin or else use a synchronous reset in which the assertion of the reset is timed by default.
WARNING: [DRC REQP-1839] RAMB36 async control check: The RAMB36E1 udp_drive_inst/master_wrapper_inst/uiudp_stack_inst/arp_layer/mac_cache_module/mac_address_ram/U0/inst_blk_mem_gen/gnbram.gnativebmg.native_blk_mem_gen/valid.cstr/ramloop[1].ram.r/prim_init.ram/DEVICE_7SERIES.NO_BMM_INFO.TRUE_DP.SIMPLE_PRIM36.ram has an input control pin udp_drive_inst/master_wrapper_inst/uiudp_stack_inst/arp_layer/mac_cache_module/mac_address_ram/U0/inst_blk_mem_gen/gnbram.gnativebmg.native_blk_mem_gen/valid.cstr/ramloop[1].ram.r/prim_init.ram/DEVICE_7SERIES.NO_BMM_INFO.TRUE_DP.SIMPLE_PRIM36.ram/ENBWREN (net: udp_drive_inst/master_wrapper_inst/uiudp_stack_inst/arp_layer/mac_cache_module/mac_address_ram/U0/inst_blk_mem_gen/gnbram.gnativebmg.native_blk_mem_gen/valid.cstr/ramloop[1].ram.r/prim_init.ram/enb) which is driven by a register (udp_drive_inst/master_wrapper_inst/uiudp_stack_inst/arp_layer/mac_cache_module/mac_cache_flag_reg[99]) that has an active asychronous set or reset. This may cause corruption of the memory contents and/or read values when the set/reset is asserted and is not analyzed by the default static timing analysis. It is suggested to eliminate the use of a set/reset to registers driving this RAMB pin or else use a synchronous reset in which the assertion of the reset is timed by default.
WARNING: [DRC REQP-1839] RAMB36 async control check: The RAMB36E1 udp_drive_inst/master_wrapper_inst/uiudp_stack_inst/arp_layer/mac_cache_module/mac_address_ram/U0/inst_blk_mem_gen/gnbram.gnativebmg.native_blk_mem_gen/valid.cstr/ramloop[1].ram.r/prim_init.ram/DEVICE_7SERIES.NO_BMM_INFO.TRUE_DP.SIMPLE_PRIM36.ram has an input control pin udp_drive_inst/master_wrapper_inst/uiudp_stack_inst/arp_layer/mac_cache_module/mac_address_ram/U0/inst_blk_mem_gen/gnbram.gnativebmg.native_blk_mem_gen/valid.cstr/ramloop[1].ram.r/prim_init.ram/DEVICE_7SERIES.NO_BMM_INFO.TRUE_DP.SIMPLE_PRIM36.ram/ENBWREN (net: udp_drive_inst/master_wrapper_inst/uiudp_stack_inst/arp_layer/mac_cache_module/mac_address_ram/U0/inst_blk_mem_gen/gnbram.gnativebmg.native_blk_mem_gen/valid.cstr/ramloop[1].ram.r/prim_init.ram/enb) which is driven by a register (udp_drive_inst/master_wrapper_inst/uiudp_stack_inst/arp_layer/mac_cache_module/mac_cache_flag_reg[9]) that has an active asychronous set or reset. This may cause corruption of the memory contents and/or read values when the set/reset is asserted and is not analyzed by the default static timing analysis. It is suggested to eliminate the use of a set/reset to registers driving this RAMB pin or else use a synchronous reset in which the assertion of the reset is timed by default.
WARNING: [DRC REQP-1840] RAMB18 async control check: The RAMB18E1 udp_drive_inst/master_wrapper_inst/uiudp_stack_inst/arp_layer/mac_cache_module/mac_address_ram/U0/inst_blk_mem_gen/gnbram.gnativebmg.native_blk_mem_gen/valid.cstr/ramloop[0].ram.r/prim_init.ram/DEVICE_7SERIES.NO_BMM_INFO.TRUE_DP.SIMPLE_PRIM18.ram has an input control pin udp_drive_inst/master_wrapper_inst/uiudp_stack_inst/arp_layer/mac_cache_module/mac_address_ram/U0/inst_blk_mem_gen/gnbram.gnativebmg.native_blk_mem_gen/valid.cstr/ramloop[0].ram.r/prim_init.ram/DEVICE_7SERIES.NO_BMM_INFO.TRUE_DP.SIMPLE_PRIM18.ram/ENBWREN (net: udp_drive_inst/master_wrapper_inst/uiudp_stack_inst/arp_layer/mac_cache_module/mac_address_ram/U0/inst_blk_mem_gen/gnbram.gnativebmg.native_blk_mem_gen/valid.cstr/ramloop[0].ram.r/prim_init.ram/enb) which is driven by a register (udp_drive_inst/master_wrapper_inst/uiudp_stack_inst/arp_layer/mac_cache_module/mac_cache_flag_reg[0]) that has an active asychronous set or reset. This may cause corruption of the memory contents and/or read values when the set/reset is asserted and is not analyzed by the default static timing analysis. It is suggested to eliminate the use of a set/reset to registers driving this RAMB pin or else use a synchronous reset in which the assertion of the reset is timed by default.
WARNING: [DRC REQP-1840] RAMB18 async control check: The RAMB18E1 udp_drive_inst/master_wrapper_inst/uiudp_stack_inst/arp_layer/mac_cache_module/mac_address_ram/U0/inst_blk_mem_gen/gnbram.gnativebmg.native_blk_mem_gen/valid.cstr/ramloop[0].ram.r/prim_init.ram/DEVICE_7SERIES.NO_BMM_INFO.TRUE_DP.SIMPLE_PRIM18.ram has an input control pin udp_drive_inst/master_wrapper_inst/uiudp_stack_inst/arp_layer/mac_cache_module/mac_address_ram/U0/inst_blk_mem_gen/gnbram.gnativebmg.native_blk_mem_gen/valid.cstr/ramloop[0].ram.r/prim_init.ram/DEVICE_7SERIES.NO_BMM_INFO.TRUE_DP.SIMPLE_PRIM18.ram/ENBWREN (net: udp_drive_inst/master_wrapper_inst/uiudp_stack_inst/arp_layer/mac_cache_module/mac_address_ram/U0/inst_blk_mem_gen/gnbram.gnativebmg.native_blk_mem_gen/valid.cstr/ramloop[0].ram.r/prim_init.ram/enb) which is driven by a register (udp_drive_inst/master_wrapper_inst/uiudp_stack_inst/arp_layer/mac_cache_module/mac_cache_flag_reg[100]) that has an active asychronous set or reset. This may cause corruption of the memory contents and/or read values when the set/reset is asserted and is not analyzed by the default static timing analysis. It is suggested to eliminate the use of a set/reset to registers driving this RAMB pin or else use a synchronous reset in which the assertion of the reset is timed by default.
WARNING: [DRC REQP-1840] RAMB18 async control check: The RAMB18E1 udp_drive_inst/master_wrapper_inst/uiudp_stack_inst/arp_layer/mac_cache_module/mac_address_ram/U0/inst_blk_mem_gen/gnbram.gnativebmg.native_blk_mem_gen/valid.cstr/ramloop[0].ram.r/prim_init.ram/DEVICE_7SERIES.NO_BMM_INFO.TRUE_DP.SIMPLE_PRIM18.ram has an input control pin udp_drive_inst/master_wrapper_inst/uiudp_stack_inst/arp_layer/mac_cache_module/mac_address_ram/U0/inst_blk_mem_gen/gnbram.gnativebmg.native_blk_mem_gen/valid.cstr/ramloop[0].ram.r/prim_init.ram/DEVICE_7SERIES.NO_BMM_INFO.TRUE_DP.SIMPLE_PRIM18.ram/ENBWREN (net: udp_drive_inst/master_wrapper_inst/uiudp_stack_inst/arp_layer/mac_cache_module/mac_address_ram/U0/inst_blk_mem_gen/gnbram.gnativebmg.native_blk_mem_gen/valid.cstr/ramloop[0].ram.r/prim_init.ram/enb) which is driven by a register (udp_drive_inst/master_wrapper_inst/uiudp_stack_inst/arp_layer/mac_cache_module/mac_cache_flag_reg[101]) that has an active asychronous set or reset. This may cause corruption of the memory contents and/or read values when the set/reset is asserted and is not analyzed by the default static timing analysis. It is suggested to eliminate the use of a set/reset to registers driving this RAMB pin or else use a synchronous reset in which the assertion of the reset is timed by default.
WARNING: [DRC REQP-1840] RAMB18 async control check: The RAMB18E1 udp_drive_inst/master_wrapper_inst/uiudp_stack_inst/arp_layer/mac_cache_module/mac_address_ram/U0/inst_blk_mem_gen/gnbram.gnativebmg.native_blk_mem_gen/valid.cstr/ramloop[0].ram.r/prim_init.ram/DEVICE_7SERIES.NO_BMM_INFO.TRUE_DP.SIMPLE_PRIM18.ram has an input control pin udp_drive_inst/master_wrapper_inst/uiudp_stack_inst/arp_layer/mac_cache_module/mac_address_ram/U0/inst_blk_mem_gen/gnbram.gnativebmg.native_blk_mem_gen/valid.cstr/ramloop[0].ram.r/prim_init.ram/DEVICE_7SERIES.NO_BMM_INFO.TRUE_DP.SIMPLE_PRIM18.ram/ENBWREN (net: udp_drive_inst/master_wrapper_inst/uiudp_stack_inst/arp_layer/mac_cache_module/mac_address_ram/U0/inst_blk_mem_gen/gnbram.gnativebmg.native_blk_mem_gen/valid.cstr/ramloop[0].ram.r/prim_init.ram/enb) which is driven by a register (udp_drive_inst/master_wrapper_inst/uiudp_stack_inst/arp_layer/mac_cache_module/mac_cache_flag_reg[102]) that has an active asychronous set or reset. This may cause corruption of the memory contents and/or read values when the set/reset is asserted and is not analyzed by the default static timing analysis. It is suggested to eliminate the use of a set/reset to registers driving this RAMB pin or else use a synchronous reset in which the assertion of the reset is timed by default.
WARNING: [DRC REQP-1840] RAMB18 async control check: The RAMB18E1 udp_drive_inst/master_wrapper_inst/uiudp_stack_inst/arp_layer/mac_cache_module/mac_address_ram/U0/inst_blk_mem_gen/gnbram.gnativebmg.native_blk_mem_gen/valid.cstr/ramloop[0].ram.r/prim_init.ram/DEVICE_7SERIES.NO_BMM_INFO.TRUE_DP.SIMPLE_PRIM18.ram has an input control pin udp_drive_inst/master_wrapper_inst/uiudp_stack_inst/arp_layer/mac_cache_module/mac_address_ram/U0/inst_blk_mem_gen/gnbram.gnativebmg.native_blk_mem_gen/valid.cstr/ramloop[0].ram.r/prim_init.ram/DEVICE_7SERIES.NO_BMM_INFO.TRUE_DP.SIMPLE_PRIM18.ram/ENBWREN (net: udp_drive_inst/master_wrapper_inst/uiudp_stack_inst/arp_layer/mac_cache_module/mac_address_ram/U0/inst_blk_mem_gen/gnbram.gnativebmg.native_blk_mem_gen/valid.cstr/ramloop[0].ram.r/prim_init.ram/enb) which is driven by a register (udp_drive_inst/master_wrapper_inst/uiudp_stack_inst/arp_layer/mac_cache_module/mac_cache_flag_reg[103]) that has an active asychronous set or reset. This may cause corruption of the memory contents and/or read values when the set/reset is asserted and is not analyzed by the default static timing analysis. It is suggested to eliminate the use of a set/reset to registers driving this RAMB pin or else use a synchronous reset in which the assertion of the reset is timed by default.
WARNING: [DRC REQP-1840] RAMB18 async control check: The RAMB18E1 udp_drive_inst/master_wrapper_inst/uiudp_stack_inst/arp_layer/mac_cache_module/mac_address_ram/U0/inst_blk_mem_gen/gnbram.gnativebmg.native_blk_mem_gen/valid.cstr/ramloop[0].ram.r/prim_init.ram/DEVICE_7SERIES.NO_BMM_INFO.TRUE_DP.SIMPLE_PRIM18.ram has an input control pin udp_drive_inst/master_wrapper_inst/uiudp_stack_inst/arp_layer/mac_cache_module/mac_address_ram/U0/inst_blk_mem_gen/gnbram.gnativebmg.native_blk_mem_gen/valid.cstr/ramloop[0].ram.r/prim_init.ram/DEVICE_7SERIES.NO_BMM_INFO.TRUE_DP.SIMPLE_PRIM18.ram/ENBWREN (net: udp_drive_inst/master_wrapper_inst/uiudp_stack_inst/arp_layer/mac_cache_module/mac_address_ram/U0/inst_blk_mem_gen/gnbram.gnativebmg.native_blk_mem_gen/valid.cstr/ramloop[0].ram.r/prim_init.ram/enb) which is driven by a register (udp_drive_inst/master_wrapper_inst/uiudp_stack_inst/arp_layer/mac_cache_module/mac_cache_flag_reg[104]) that has an active asychronous set or reset. This may cause corruption of the memory contents and/or read values when the set/reset is asserted and is not analyzed by the default static timing analysis. It is suggested to eliminate the use of a set/reset to registers driving this RAMB pin or else use a synchronous reset in which the assertion of the reset is timed by default.
WARNING: [DRC REQP-1840] RAMB18 async control check: The RAMB18E1 udp_drive_inst/master_wrapper_inst/uiudp_stack_inst/arp_layer/mac_cache_module/mac_address_ram/U0/inst_blk_mem_gen/gnbram.gnativebmg.native_blk_mem_gen/valid.cstr/ramloop[0].ram.r/prim_init.ram/DEVICE_7SERIES.NO_BMM_INFO.TRUE_DP.SIMPLE_PRIM18.ram has an input control pin udp_drive_inst/master_wrapper_inst/uiudp_stack_inst/arp_layer/mac_cache_module/mac_address_ram/U0/inst_blk_mem_gen/gnbram.gnativebmg.native_blk_mem_gen/valid.cstr/ramloop[0].ram.r/prim_init.ram/DEVICE_7SERIES.NO_BMM_INFO.TRUE_DP.SIMPLE_PRIM18.ram/ENBWREN (net: udp_drive_inst/master_wrapper_inst/uiudp_stack_inst/arp_layer/mac_cache_module/mac_address_ram/U0/inst_blk_mem_gen/gnbram.gnativebmg.native_blk_mem_gen/valid.cstr/ramloop[0].ram.r/prim_init.ram/enb) which is driven by a register (udp_drive_inst/master_wrapper_inst/uiudp_stack_inst/arp_layer/mac_cache_module/mac_cache_flag_reg[105]) that has an active asychronous set or reset. This may cause corruption of the memory contents and/or read values when the set/reset is asserted and is not analyzed by the default static timing analysis. It is suggested to eliminate the use of a set/reset to registers driving this RAMB pin or else use a synchronous reset in which the assertion of the reset is timed by default.
WARNING: [DRC REQP-1840] RAMB18 async control check: The RAMB18E1 udp_drive_inst/master_wrapper_inst/uiudp_stack_inst/arp_layer/mac_cache_module/mac_address_ram/U0/inst_blk_mem_gen/gnbram.gnativebmg.native_blk_mem_gen/valid.cstr/ramloop[0].ram.r/prim_init.ram/DEVICE_7SERIES.NO_BMM_INFO.TRUE_DP.SIMPLE_PRIM18.ram has an input control pin udp_drive_inst/master_wrapper_inst/uiudp_stack_inst/arp_layer/mac_cache_module/mac_address_ram/U0/inst_blk_mem_gen/gnbram.gnativebmg.native_blk_mem_gen/valid.cstr/ramloop[0].ram.r/prim_init.ram/DEVICE_7SERIES.NO_BMM_INFO.TRUE_DP.SIMPLE_PRIM18.ram/ENBWREN (net: udp_drive_inst/master_wrapper_inst/uiudp_stack_inst/arp_layer/mac_cache_module/mac_address_ram/U0/inst_blk_mem_gen/gnbram.gnativebmg.native_blk_mem_gen/valid.cstr/ramloop[0].ram.r/prim_init.ram/enb) which is driven by a register (udp_drive_inst/master_wrapper_inst/uiudp_stack_inst/arp_layer/mac_cache_module/mac_cache_flag_reg[89]) that has an active asychronous set or reset. This may cause corruption of the memory contents and/or read values when the set/reset is asserted and is not analyzed by the default static timing analysis. It is suggested to eliminate the use of a set/reset to registers driving this RAMB pin or else use a synchronous reset in which the assertion of the reset is timed by default.
WARNING: [DRC REQP-1840] RAMB18 async control check: The RAMB18E1 udp_drive_inst/master_wrapper_inst/uiudp_stack_inst/arp_layer/mac_cache_module/mac_address_ram/U0/inst_blk_mem_gen/gnbram.gnativebmg.native_blk_mem_gen/valid.cstr/ramloop[0].ram.r/prim_init.ram/DEVICE_7SERIES.NO_BMM_INFO.TRUE_DP.SIMPLE_PRIM18.ram has an input control pin udp_drive_inst/master_wrapper_inst/uiudp_stack_inst/arp_layer/mac_cache_module/mac_address_ram/U0/inst_blk_mem_gen/gnbram.gnativebmg.native_blk_mem_gen/valid.cstr/ramloop[0].ram.r/prim_init.ram/DEVICE_7SERIES.NO_BMM_INFO.TRUE_DP.SIMPLE_PRIM18.ram/ENBWREN (net: udp_drive_inst/master_wrapper_inst/uiudp_stack_inst/arp_layer/mac_cache_module/mac_address_ram/U0/inst_blk_mem_gen/gnbram.gnativebmg.native_blk_mem_gen/valid.cstr/ramloop[0].ram.r/prim_init.ram/enb) which is driven by a register (udp_drive_inst/master_wrapper_inst/uiudp_stack_inst/arp_layer/mac_cache_module/mac_cache_flag_reg[8]) that has an active asychronous set or reset. This may cause corruption of the memory contents and/or read values when the set/reset is asserted and is not analyzed by the default static timing analysis. It is suggested to eliminate the use of a set/reset to registers driving this RAMB pin or else use a synchronous reset in which the assertion of the reset is timed by default.
WARNING: [DRC REQP-1840] RAMB18 async control check: The RAMB18E1 udp_drive_inst/master_wrapper_inst/uiudp_stack_inst/arp_layer/mac_cache_module/mac_address_ram/U0/inst_blk_mem_gen/gnbram.gnativebmg.native_blk_mem_gen/valid.cstr/ramloop[0].ram.r/prim_init.ram/DEVICE_7SERIES.NO_BMM_INFO.TRUE_DP.SIMPLE_PRIM18.ram has an input control pin udp_drive_inst/master_wrapper_inst/uiudp_stack_inst/arp_layer/mac_cache_module/mac_address_ram/U0/inst_blk_mem_gen/gnbram.gnativebmg.native_blk_mem_gen/valid.cstr/ramloop[0].ram.r/prim_init.ram/DEVICE_7SERIES.NO_BMM_INFO.TRUE_DP.SIMPLE_PRIM18.ram/ENBWREN (net: udp_drive_inst/master_wrapper_inst/uiudp_stack_inst/arp_layer/mac_cache_module/mac_address_ram/U0/inst_blk_mem_gen/gnbram.gnativebmg.native_blk_mem_gen/valid.cstr/ramloop[0].ram.r/prim_init.ram/enb) which is driven by a register (udp_drive_inst/master_wrapper_inst/uiudp_stack_inst/arp_layer/mac_cache_module/mac_cache_flag_reg[90]) that has an active asychronous set or reset. This may cause corruption of the memory contents and/or read values when the set/reset is asserted and is not analyzed by the default static timing analysis. It is suggested to eliminate the use of a set/reset to registers driving this RAMB pin or else use a synchronous reset in which the assertion of the reset is timed by default.
WARNING: [DRC REQP-1840] RAMB18 async control check: The RAMB18E1 udp_drive_inst/master_wrapper_inst/uiudp_stack_inst/arp_layer/mac_cache_module/mac_address_ram/U0/inst_blk_mem_gen/gnbram.gnativebmg.native_blk_mem_gen/valid.cstr/ramloop[0].ram.r/prim_init.ram/DEVICE_7SERIES.NO_BMM_INFO.TRUE_DP.SIMPLE_PRIM18.ram has an input control pin udp_drive_inst/master_wrapper_inst/uiudp_stack_inst/arp_layer/mac_cache_module/mac_address_ram/U0/inst_blk_mem_gen/gnbram.gnativebmg.native_blk_mem_gen/valid.cstr/ramloop[0].ram.r/prim_init.ram/DEVICE_7SERIES.NO_BMM_INFO.TRUE_DP.SIMPLE_PRIM18.ram/ENBWREN (net: udp_drive_inst/master_wrapper_inst/uiudp_stack_inst/arp_layer/mac_cache_module/mac_address_ram/U0/inst_blk_mem_gen/gnbram.gnativebmg.native_blk_mem_gen/valid.cstr/ramloop[0].ram.r/prim_init.ram/enb) which is driven by a register (udp_drive_inst/master_wrapper_inst/uiudp_stack_inst/arp_layer/mac_cache_module/mac_cache_flag_reg[91]) that has an active asychronous set or reset. This may cause corruption of the memory contents and/or read values when the set/reset is asserted and is not analyzed by the default static timing analysis. It is suggested to eliminate the use of a set/reset to registers driving this RAMB pin or else use a synchronous reset in which the assertion of the reset is timed by default.
WARNING: [DRC REQP-1840] RAMB18 async control check: The RAMB18E1 udp_drive_inst/master_wrapper_inst/uiudp_stack_inst/arp_layer/mac_cache_module/mac_address_ram/U0/inst_blk_mem_gen/gnbram.gnativebmg.native_blk_mem_gen/valid.cstr/ramloop[0].ram.r/prim_init.ram/DEVICE_7SERIES.NO_BMM_INFO.TRUE_DP.SIMPLE_PRIM18.ram has an input control pin udp_drive_inst/master_wrapper_inst/uiudp_stack_inst/arp_layer/mac_cache_module/mac_address_ram/U0/inst_blk_mem_gen/gnbram.gnativebmg.native_blk_mem_gen/valid.cstr/ramloop[0].ram.r/prim_init.ram/DEVICE_7SERIES.NO_BMM_INFO.TRUE_DP.SIMPLE_PRIM18.ram/ENBWREN (net: udp_drive_inst/master_wrapper_inst/uiudp_stack_inst/arp_layer/mac_cache_module/mac_address_ram/U0/inst_blk_mem_gen/gnbram.gnativebmg.native_blk_mem_gen/valid.cstr/ramloop[0].ram.r/prim_init.ram/enb) which is driven by a register (udp_drive_inst/master_wrapper_inst/uiudp_stack_inst/arp_layer/mac_cache_module/mac_cache_flag_reg[92]) that has an active asychronous set or reset. This may cause corruption of the memory contents and/or read values when the set/reset is asserted and is not analyzed by the default static timing analysis. It is suggested to eliminate the use of a set/reset to registers driving this RAMB pin or else use a synchronous reset in which the assertion of the reset is timed by default.
WARNING: [DRC REQP-1840] RAMB18 async control check: The RAMB18E1 udp_drive_inst/master_wrapper_inst/uiudp_stack_inst/arp_layer/mac_cache_module/mac_address_ram/U0/inst_blk_mem_gen/gnbram.gnativebmg.native_blk_mem_gen/valid.cstr/ramloop[0].ram.r/prim_init.ram/DEVICE_7SERIES.NO_BMM_INFO.TRUE_DP.SIMPLE_PRIM18.ram has an input control pin udp_drive_inst/master_wrapper_inst/uiudp_stack_inst/arp_layer/mac_cache_module/mac_address_ram/U0/inst_blk_mem_gen/gnbram.gnativebmg.native_blk_mem_gen/valid.cstr/ramloop[0].ram.r/prim_init.ram/DEVICE_7SERIES.NO_BMM_INFO.TRUE_DP.SIMPLE_PRIM18.ram/ENBWREN (net: udp_drive_inst/master_wrapper_inst/uiudp_stack_inst/arp_layer/mac_cache_module/mac_address_ram/U0/inst_blk_mem_gen/gnbram.gnativebmg.native_blk_mem_gen/valid.cstr/ramloop[0].ram.r/prim_init.ram/enb) which is driven by a register (udp_drive_inst/master_wrapper_inst/uiudp_stack_inst/arp_layer/mac_cache_module/mac_cache_flag_reg[93]) that has an active asychronous set or reset. This may cause corruption of the memory contents and/or read values when the set/reset is asserted and is not analyzed by the default static timing analysis. It is suggested to eliminate the use of a set/reset to registers driving this RAMB pin or else use a synchronous reset in which the assertion of the reset is timed by default.
WARNING: [DRC REQP-1840] RAMB18 async control check: The RAMB18E1 udp_drive_inst/master_wrapper_inst/uiudp_stack_inst/arp_layer/mac_cache_module/mac_address_ram/U0/inst_blk_mem_gen/gnbram.gnativebmg.native_blk_mem_gen/valid.cstr/ramloop[0].ram.r/prim_init.ram/DEVICE_7SERIES.NO_BMM_INFO.TRUE_DP.SIMPLE_PRIM18.ram has an input control pin udp_drive_inst/master_wrapper_inst/uiudp_stack_inst/arp_layer/mac_cache_module/mac_address_ram/U0/inst_blk_mem_gen/gnbram.gnativebmg.native_blk_mem_gen/valid.cstr/ramloop[0].ram.r/prim_init.ram/DEVICE_7SERIES.NO_BMM_INFO.TRUE_DP.SIMPLE_PRIM18.ram/ENBWREN (net: udp_drive_inst/master_wrapper_inst/uiudp_stack_inst/arp_layer/mac_cache_module/mac_address_ram/U0/inst_blk_mem_gen/gnbram.gnativebmg.native_blk_mem_gen/valid.cstr/ramloop[0].ram.r/prim_init.ram/enb) which is driven by a register (udp_drive_inst/master_wrapper_inst/uiudp_stack_inst/arp_layer/mac_cache_module/mac_cache_flag_reg[94]) that has an active asychronous set or reset. This may cause corruption of the memory contents and/or read values when the set/reset is asserted and is not analyzed by the default static timing analysis. It is suggested to eliminate the use of a set/reset to registers driving this RAMB pin or else use a synchronous reset in which the assertion of the reset is timed by default.
WARNING: [DRC REQP-1840] RAMB18 async control check: The RAMB18E1 udp_drive_inst/master_wrapper_inst/uiudp_stack_inst/arp_layer/mac_cache_module/mac_address_ram/U0/inst_blk_mem_gen/gnbram.gnativebmg.native_blk_mem_gen/valid.cstr/ramloop[0].ram.r/prim_init.ram/DEVICE_7SERIES.NO_BMM_INFO.TRUE_DP.SIMPLE_PRIM18.ram has an input control pin udp_drive_inst/master_wrapper_inst/uiudp_stack_inst/arp_layer/mac_cache_module/mac_address_ram/U0/inst_blk_mem_gen/gnbram.gnativebmg.native_blk_mem_gen/valid.cstr/ramloop[0].ram.r/prim_init.ram/DEVICE_7SERIES.NO_BMM_INFO.TRUE_DP.SIMPLE_PRIM18.ram/ENBWREN (net: udp_drive_inst/master_wrapper_inst/uiudp_stack_inst/arp_layer/mac_cache_module/mac_address_ram/U0/inst_blk_mem_gen/gnbram.gnativebmg.native_blk_mem_gen/valid.cstr/ramloop[0].ram.r/prim_init.ram/enb) which is driven by a register (udp_drive_inst/master_wrapper_inst/uiudp_stack_inst/arp_layer/mac_cache_module/mac_cache_flag_reg[95]) that has an active asychronous set or reset. This may cause corruption of the memory contents and/or read values when the set/reset is asserted and is not analyzed by the default static timing analysis. It is suggested to eliminate the use of a set/reset to registers driving this RAMB pin or else use a synchronous reset in which the assertion of the reset is timed by default.
WARNING: [DRC REQP-1840] RAMB18 async control check: The RAMB18E1 udp_drive_inst/master_wrapper_inst/uiudp_stack_inst/arp_layer/mac_cache_module/mac_address_ram/U0/inst_blk_mem_gen/gnbram.gnativebmg.native_blk_mem_gen/valid.cstr/ramloop[0].ram.r/prim_init.ram/DEVICE_7SERIES.NO_BMM_INFO.TRUE_DP.SIMPLE_PRIM18.ram has an input control pin udp_drive_inst/master_wrapper_inst/uiudp_stack_inst/arp_layer/mac_cache_module/mac_address_ram/U0/inst_blk_mem_gen/gnbram.gnativebmg.native_blk_mem_gen/valid.cstr/ramloop[0].ram.r/prim_init.ram/DEVICE_7SERIES.NO_BMM_INFO.TRUE_DP.SIMPLE_PRIM18.ram/ENBWREN (net: udp_drive_inst/master_wrapper_inst/uiudp_stack_inst/arp_layer/mac_cache_module/mac_address_ram/U0/inst_blk_mem_gen/gnbram.gnativebmg.native_blk_mem_gen/valid.cstr/ramloop[0].ram.r/prim_init.ram/enb) which is driven by a register (udp_drive_inst/master_wrapper_inst/uiudp_stack_inst/arp_layer/mac_cache_module/mac_cache_flag_reg[96]) that has an active asychronous set or reset. This may cause corruption of the memory contents and/or read values when the set/reset is asserted and is not analyzed by the default static timing analysis. It is suggested to eliminate the use of a set/reset to registers driving this RAMB pin or else use a synchronous reset in which the assertion of the reset is timed by default.
WARNING: [DRC REQP-1840] RAMB18 async control check: The RAMB18E1 udp_drive_inst/master_wrapper_inst/uiudp_stack_inst/arp_layer/mac_cache_module/mac_address_ram/U0/inst_blk_mem_gen/gnbram.gnativebmg.native_blk_mem_gen/valid.cstr/ramloop[0].ram.r/prim_init.ram/DEVICE_7SERIES.NO_BMM_INFO.TRUE_DP.SIMPLE_PRIM18.ram has an input control pin udp_drive_inst/master_wrapper_inst/uiudp_stack_inst/arp_layer/mac_cache_module/mac_address_ram/U0/inst_blk_mem_gen/gnbram.gnativebmg.native_blk_mem_gen/valid.cstr/ramloop[0].ram.r/prim_init.ram/DEVICE_7SERIES.NO_BMM_INFO.TRUE_DP.SIMPLE_PRIM18.ram/ENBWREN (net: udp_drive_inst/master_wrapper_inst/uiudp_stack_inst/arp_layer/mac_cache_module/mac_address_ram/U0/inst_blk_mem_gen/gnbram.gnativebmg.native_blk_mem_gen/valid.cstr/ramloop[0].ram.r/prim_init.ram/enb) which is driven by a register (udp_drive_inst/master_wrapper_inst/uiudp_stack_inst/arp_layer/mac_cache_module/mac_cache_flag_reg[97]) that has an active asychronous set or reset. This may cause corruption of the memory contents and/or read values when the set/reset is asserted and is not analyzed by the default static timing analysis. It is suggested to eliminate the use of a set/reset to registers driving this RAMB pin or else use a synchronous reset in which the assertion of the reset is timed by default.
WARNING: [DRC REQP-1840] RAMB18 async control check: The RAMB18E1 udp_drive_inst/master_wrapper_inst/uiudp_stack_inst/arp_layer/mac_cache_module/mac_address_ram/U0/inst_blk_mem_gen/gnbram.gnativebmg.native_blk_mem_gen/valid.cstr/ramloop[0].ram.r/prim_init.ram/DEVICE_7SERIES.NO_BMM_INFO.TRUE_DP.SIMPLE_PRIM18.ram has an input control pin udp_drive_inst/master_wrapper_inst/uiudp_stack_inst/arp_layer/mac_cache_module/mac_address_ram/U0/inst_blk_mem_gen/gnbram.gnativebmg.native_blk_mem_gen/valid.cstr/ramloop[0].ram.r/prim_init.ram/DEVICE_7SERIES.NO_BMM_INFO.TRUE_DP.SIMPLE_PRIM18.ram/ENBWREN (net: udp_drive_inst/master_wrapper_inst/uiudp_stack_inst/arp_layer/mac_cache_module/mac_address_ram/U0/inst_blk_mem_gen/gnbram.gnativebmg.native_blk_mem_gen/valid.cstr/ramloop[0].ram.r/prim_init.ram/enb) which is driven by a register (udp_drive_inst/master_wrapper_inst/uiudp_stack_inst/arp_layer/mac_cache_module/mac_cache_flag_reg[98]) that has an active asychronous set or reset. This may cause corruption of the memory contents and/or read values when the set/reset is asserted and is not analyzed by the default static timing analysis. It is suggested to eliminate the use of a set/reset to registers driving this RAMB pin or else use a synchronous reset in which the assertion of the reset is timed by default.
WARNING: [DRC REQP-1840] RAMB18 async control check: The RAMB18E1 udp_drive_inst/master_wrapper_inst/uiudp_stack_inst/arp_layer/mac_cache_module/mac_address_ram/U0/inst_blk_mem_gen/gnbram.gnativebmg.native_blk_mem_gen/valid.cstr/ramloop[0].ram.r/prim_init.ram/DEVICE_7SERIES.NO_BMM_INFO.TRUE_DP.SIMPLE_PRIM18.ram has an input control pin udp_drive_inst/master_wrapper_inst/uiudp_stack_inst/arp_layer/mac_cache_module/mac_address_ram/U0/inst_blk_mem_gen/gnbram.gnativebmg.native_blk_mem_gen/valid.cstr/ramloop[0].ram.r/prim_init.ram/DEVICE_7SERIES.NO_BMM_INFO.TRUE_DP.SIMPLE_PRIM18.ram/ENBWREN (net: udp_drive_inst/master_wrapper_inst/uiudp_stack_inst/arp_layer/mac_cache_module/mac_address_ram/U0/inst_blk_mem_gen/gnbram.gnativebmg.native_blk_mem_gen/valid.cstr/ramloop[0].ram.r/prim_init.ram/enb) which is driven by a register (udp_drive_inst/master_wrapper_inst/uiudp_stack_inst/arp_layer/mac_cache_module/mac_cache_flag_reg[99]) that has an active asychronous set or reset. This may cause corruption of the memory contents and/or read values when the set/reset is asserted and is not analyzed by the default static timing analysis. It is suggested to eliminate the use of a set/reset to registers driving this RAMB pin or else use a synchronous reset in which the assertion of the reset is timed by default.
WARNING: [DRC REQP-1840] RAMB18 async control check: The RAMB18E1 udp_drive_inst/master_wrapper_inst/uiudp_stack_inst/arp_layer/mac_cache_module/mac_address_ram/U0/inst_blk_mem_gen/gnbram.gnativebmg.native_blk_mem_gen/valid.cstr/ramloop[0].ram.r/prim_init.ram/DEVICE_7SERIES.NO_BMM_INFO.TRUE_DP.SIMPLE_PRIM18.ram has an input control pin udp_drive_inst/master_wrapper_inst/uiudp_stack_inst/arp_layer/mac_cache_module/mac_address_ram/U0/inst_blk_mem_gen/gnbram.gnativebmg.native_blk_mem_gen/valid.cstr/ramloop[0].ram.r/prim_init.ram/DEVICE_7SERIES.NO_BMM_INFO.TRUE_DP.SIMPLE_PRIM18.ram/ENBWREN (net: udp_drive_inst/master_wrapper_inst/uiudp_stack_inst/arp_layer/mac_cache_module/mac_address_ram/U0/inst_blk_mem_gen/gnbram.gnativebmg.native_blk_mem_gen/valid.cstr/ramloop[0].ram.r/prim_init.ram/enb) which is driven by a register (udp_drive_inst/master_wrapper_inst/uiudp_stack_inst/arp_layer/mac_cache_module/mac_cache_flag_reg[9]) that has an active asychronous set or reset. This may cause corruption of the memory contents and/or read values when the set/reset is asserted and is not analyzed by the default static timing analysis. It is suggested to eliminate the use of a set/reset to registers driving this RAMB pin or else use a synchronous reset in which the assertion of the reset is timed by default.
INFO: [Vivado_Tcl 4-198] DRC finished with 0 Errors, 42 Warnings
INFO: [Vivado_Tcl 4-199] Please refer to the DRC report (report_drc) for more information.

Starting Placer Task
INFO: [Place 30-611] Multithreading enabled for place_design using a maximum of 2 CPUs

Phase 1 Placer Initialization

Phase 1.1 Placer Initialization Netlist Sorting
Netlist sorting complete. Time (s): cpu = 00:00:00 ; elapsed = 00:00:00.018 . Memory (MB): peak = 2306.301 ; gain = 0.000
Phase 1.1 Placer Initialization Netlist Sorting | Checksum: 1cfb3a007

Time (s): cpu = 00:00:00 ; elapsed = 00:00:00.040 . Memory (MB): peak = 2306.301 ; gain = 0.000
Netlist sorting complete. Time (s): cpu = 00:00:00 ; elapsed = 00:00:00.015 . Memory (MB): peak = 2306.301 ; gain = 0.000

Phase 1.2 IO Placement/ Clock Placement/ Build Placer Device
Phase 1.2 IO Placement/ Clock Placement/ Build Placer Device | Checksum: 1bb2d5fad

Time (s): cpu = 00:00:06 ; elapsed = 00:00:05 . Memory (MB): peak = 2306.301 ; gain = 0.000

Phase 1.3 Build Placer Netlist Model
Phase 1.3 Build Placer Netlist Model | Checksum: 22abd5194

Time (s): cpu = 00:00:13 ; elapsed = 00:00:13 . Memory (MB): peak = 2306.301 ; gain = 0.000

Phase 1.4 Constrain Clocks/Macros
Phase 1.4 Constrain Clocks/Macros | Checksum: 22abd5194

Time (s): cpu = 00:00:13 ; elapsed = 00:00:13 . Memory (MB): peak = 2306.301 ; gain = 0.000
Phase 1 Placer Initialization | Checksum: 22abd5194

Time (s): cpu = 00:00:13 ; elapsed = 00:00:14 . Memory (MB): peak = 2306.301 ; gain = 0.000

Phase 2 Global Placement

Phase 2.1 Floorplanning
Phase 2.1 Floorplanning | Checksum: 220138e86

Time (s): cpu = 00:00:15 ; elapsed = 00:00:16 . Memory (MB): peak = 2306.301 ; gain = 0.000

Phase 2.2 Update Timing before SLR Path Opt
Phase 2.2 Update Timing before SLR Path Opt | Checksum: 202c2bc87

Time (s): cpu = 00:00:16 ; elapsed = 00:00:18 . Memory (MB): peak = 2306.301 ; gain = 0.000

Phase 2.3 Global Placement Core

Phase 2.3.1 Physical Synthesis In Placer
INFO: [Physopt 32-1035] Found 0 LUTNM shape to break, 2054 LUT instances to create LUTNM shape
INFO: [Physopt 32-1044] Break lutnm for timing: one critical 0, two critical 0, total 0, new lutff created 0
INFO: [Physopt 32-775] End 1 Pass. Optimized 870 nets or cells. Created 0 new cell, deleted 870 existing cells and moved 0 existing cell
INFO: [Physopt 32-65] No nets found for high-fanout optimization.
INFO: [Physopt 32-232] Optimized 0 net. Created 0 new instance.
INFO: [Physopt 32-775] End 1 Pass. Optimized 0 net or cell. Created 0 new cell, deleted 0 existing cell and moved 0 existing cell
INFO: [Physopt 32-670] No setup violation found.  DSP Register Optimization was not performed.
INFO: [Physopt 32-670] No setup violation found.  Shift Register to Pipeline Optimization was not performed.
INFO: [Physopt 32-670] No setup violation found.  Shift Register Optimization was not performed.
INFO: [Physopt 32-670] No setup violation found.  BRAM Register Optimization was not performed.
INFO: [Physopt 32-670] No setup violation found.  URAM Register Optimization was not performed.
INFO: [Physopt 32-949] No candidate nets found for dynamic/static region interface net replication
INFO: [Physopt 32-775] End 1 Pass. Optimized 0 net or cell. Created 0 new cell, deleted 0 existing cell and moved 0 existing cell
Netlist sorting complete. Time (s): cpu = 00:00:00 ; elapsed = 00:00:00.021 . Memory (MB): peak = 2306.301 ; gain = 0.000

Summary of Physical Synthesis Optimizations
============================================


-----------------------------------------------------------------------------------------------------------------------------------------------------------
|  Optimization                                     |  Added Cells  |  Removed Cells  |  Optimized Cells/Nets  |  Dont Touch  |  Iterations  |  Elapsed   |
-----------------------------------------------------------------------------------------------------------------------------------------------------------
|  LUT Combining                                    |            0  |            870  |                   870  |           0  |           1  |  00:00:01  |
|  Very High Fanout                                 |            0  |              0  |                     0  |           0  |           1  |  00:00:00  |
|  DSP Register                                     |            0  |              0  |                     0  |           0  |           0  |  00:00:00  |
|  Shift Register to Pipeline                       |            0  |              0  |                     0  |           0  |           0  |  00:00:00  |
|  Shift Register                                   |            0  |              0  |                     0  |           0  |           0  |  00:00:00  |
|  BRAM Register                                    |            0  |              0  |                     0  |           0  |           0  |  00:00:00  |
|  URAM Register                                    |            0  |              0  |                     0  |           0  |           0  |  00:00:00  |
|  Dynamic/Static Region Interface Net Replication  |            0  |              0  |                     0  |           0  |           1  |  00:00:00  |
|  Total                                            |            0  |            870  |                   870  |           0  |           3  |  00:00:01  |
-----------------------------------------------------------------------------------------------------------------------------------------------------------


Phase 2.3.1 Physical Synthesis In Placer | Checksum: 2239618cc

Time (s): cpu = 00:00:36 ; elapsed = 00:00:39 . Memory (MB): peak = 2306.301 ; gain = 0.000
Phase 2.3 Global Placement Core | Checksum: 1b593d123

Time (s): cpu = 00:00:37 ; elapsed = 00:00:40 . Memory (MB): peak = 2306.301 ; gain = 0.000
Phase 2 Global Placement | Checksum: 1b593d123

Time (s): cpu = 00:00:37 ; elapsed = 00:00:40 . Memory (MB): peak = 2306.301 ; gain = 0.000

Phase 3 Detail Placement

Phase 3.1 Commit Multi Column Macros
Phase 3.1 Commit Multi Column Macros | Checksum: 15f4e335d

Time (s): cpu = 00:00:39 ; elapsed = 00:00:42 . Memory (MB): peak = 2306.301 ; gain = 0.000

Phase 3.2 Commit Most Macros & LUTRAMs
Phase 3.2 Commit Most Macros & LUTRAMs | Checksum: e6a79f3d

Time (s): cpu = 00:00:42 ; elapsed = 00:00:46 . Memory (MB): peak = 2306.301 ; gain = 0.000

Phase 3.3 Area Swap Optimization
Phase 3.3 Area Swap Optimization | Checksum: 16a1eb46b

Time (s): cpu = 00:00:43 ; elapsed = 00:00:46 . Memory (MB): peak = 2306.301 ; gain = 0.000

Phase 3.4 Pipeline Register Optimization
Phase 3.4 Pipeline Register Optimization | Checksum: 110841b2a

Time (s): cpu = 00:00:43 ; elapsed = 00:00:46 . Memory (MB): peak = 2306.301 ; gain = 0.000

Phase 3.5 Small Shape Detail Placement
Phase 3.5 Small Shape Detail Placement | Checksum: 1fdb49939

Time (s): cpu = 00:00:49 ; elapsed = 00:00:54 . Memory (MB): peak = 2306.301 ; gain = 0.000

Phase 3.6 Re-assign LUT pins
Phase 3.6 Re-assign LUT pins | Checksum: 27c456dbf

Time (s): cpu = 00:00:50 ; elapsed = 00:00:55 . Memory (MB): peak = 2306.301 ; gain = 0.000

Phase 3.7 Pipeline Register Optimization
Phase 3.7 Pipeline Register Optimization | Checksum: 140e26aa9

Time (s): cpu = 00:00:50 ; elapsed = 00:00:56 . Memory (MB): peak = 2306.301 ; gain = 0.000
Phase 3 Detail Placement | Checksum: 140e26aa9

Time (s): cpu = 00:00:51 ; elapsed = 00:00:56 . Memory (MB): peak = 2306.301 ; gain = 0.000

Phase 4 Post Placement Optimization and Clean-Up

Phase 4.1 Post Commit Optimization
INFO: [Constraints 18-483] create_clock: no pin(s)/port(s)/net(s) specified as objects, only virtual clock 'udp_drive_inst/master_wrapper_inst/tri_mode_ethernet_mac_i/inst_rgmii_rx_clk' will be created. If you don't want this, please specify pin(s)/ports(s)/net(s) as objects to the command. [d:/Desktop/200T_workspace/KX7A200/KX7A100.gen/sources_1/ip/tri_mode_ethernet_mac_0/synth/tri_mode_ethernet_mac_0_clocks.xdc:29]
INFO: [Timing 38-35] Done setting XDC timing constraints.

Phase 4.1.1 Post Placement Optimization
Post Placement Optimization Initialization | Checksum: 25543663a

Phase 4.1.1.1 BUFG Insertion

Starting Physical Synthesis Task

Phase 1 Physical Synthesis Initialization
INFO: [Physopt 32-721] Multithreading enabled for phys_opt_design using a maximum of 2 CPUs
INFO: [Physopt 32-619] Estimated Timing Summary | WNS=0.216 | TNS=0.000 |
Phase 1 Physical Synthesis Initialization | Checksum: 254bea9fe

Time (s): cpu = 00:00:00 ; elapsed = 00:00:02 . Memory (MB): peak = 2306.301 ; gain = 0.000
INFO: [Place 46-33] Processed net udp_drive_inst/master_wrapper_inst/example_resets/core_reset_gen/reset_out, BUFG insertion was skipped due to placement/routing conflicts.
INFO: [Place 46-33] Processed net mclk_rst_module_inst/edge_module_mclk_rst/wr_en, BUFG insertion was skipped due to placement/routing conflicts.
INFO: [Place 46-56] BUFG insertion identified 2 candidate nets. Inserted BUFG: 0, Replicated BUFG Driver: 0, Skipped due to Placement/Routing Conflicts: 2, Skipped due to Timing Degradation: 0, Skipped due to Illegal Netlist: 0.
Ending Physical Synthesis Task | Checksum: 20698d7fc

Time (s): cpu = 00:00:01 ; elapsed = 00:00:02 . Memory (MB): peak = 2306.301 ; gain = 0.000
Phase 4.1.1.1 BUFG Insertion | Checksum: 25543663a

Time (s): cpu = 00:00:57 ; elapsed = 00:01:05 . Memory (MB): peak = 2306.301 ; gain = 0.000
INFO: [Place 30-746] Post Placement Timing Summary WNS=0.562. For the most accurate timing information please run report_timing.

Time (s): cpu = 00:00:58 ; elapsed = 00:01:06 . Memory (MB): peak = 2306.301 ; gain = 0.000
Phase 4.1 Post Commit Optimization | Checksum: 1bf92cd75

Time (s): cpu = 00:00:59 ; elapsed = 00:01:06 . Memory (MB): peak = 2306.301 ; gain = 0.000

Phase 4.2 Post Placement Cleanup
Phase 4.2 Post Placement Cleanup | Checksum: 1bf92cd75

Time (s): cpu = 00:00:59 ; elapsed = 00:01:07 . Memory (MB): peak = 2306.301 ; gain = 0.000

Phase 4.3 Placer Reporting

Phase 4.3.1 Print Estimated Congestion
INFO: [Place 30-612] Post-Placement Estimated Congestion 
 ____________________________________________________
|           | Global Congestion | Short Congestion  |
| Direction | Region Size       | Region Size       |
|___________|___________________|___________________|
|      North|                2x2|                2x2|
|___________|___________________|___________________|
|      South|                2x2|                2x2|
|___________|___________________|___________________|
|       East|                1x1|                2x2|
|___________|___________________|___________________|
|       West|                1x1|                1x1|
|___________|___________________|___________________|

Phase 4.3.1 Print Estimated Congestion | Checksum: 1bf92cd75

Time (s): cpu = 00:00:59 ; elapsed = 00:01:07 . Memory (MB): peak = 2306.301 ; gain = 0.000
Phase 4.3 Placer Reporting | Checksum: 1bf92cd75

Time (s): cpu = 00:00:59 ; elapsed = 00:01:07 . Memory (MB): peak = 2306.301 ; gain = 0.000

Phase 4.4 Final Placement Cleanup
Netlist sorting complete. Time (s): cpu = 00:00:00 ; elapsed = 00:00:00.019 . Memory (MB): peak = 2306.301 ; gain = 0.000

Time (s): cpu = 00:00:59 ; elapsed = 00:01:07 . Memory (MB): peak = 2306.301 ; gain = 0.000
Phase 4 Post Placement Optimization and Clean-Up | Checksum: 18a5c8dd2

Time (s): cpu = 00:01:00 ; elapsed = 00:01:07 . Memory (MB): peak = 2306.301 ; gain = 0.000
Ending Placer Task | Checksum: c59f65f1

Time (s): cpu = 00:01:00 ; elapsed = 00:01:07 . Memory (MB): peak = 2306.301 ; gain = 0.000
INFO: [Common 17-83] Releasing license: Implementation
113 Infos, 45 Warnings, 0 Critical Warnings and 0 Errors encountered.
place_design completed successfully
place_design: Time (s): cpu = 00:01:03 ; elapsed = 00:01:10 . Memory (MB): peak = 2306.301 ; gain = 0.000
INFO: [Timing 38-480] Writing timing data to binary archive.
Writing placer database...
Writing XDEF routing.
Writing XDEF routing logical nets.
Writing XDEF routing special nets.
Write XDEF Complete: Time (s): cpu = 00:00:05 ; elapsed = 00:00:02 . Memory (MB): peak = 2306.301 ; gain = 0.000
INFO: [Common 17-1381] The checkpoint 'D:/Desktop/200T_workspace/KX7A200/KX7A100.runs/impl_1/top_placed.dcp' has been generated.
write_checkpoint: Time (s): cpu = 00:00:09 ; elapsed = 00:00:07 . Memory (MB): peak = 2306.301 ; gain = 0.000
INFO: [runtcl-4] Executing : report_io -file top_io_placed.rpt
report_io: Time (s): cpu = 00:00:01 ; elapsed = 00:00:00.101 . Memory (MB): peak = 2306.301 ; gain = 0.000
INFO: [runtcl-4] Executing : report_utilization -file top_utilization_placed.rpt -pb top_utilization_placed.pb
INFO: [runtcl-4] Executing : report_control_sets -verbose -file top_control_sets_placed.rpt
report_control_sets: Time (s): cpu = 00:00:00 ; elapsed = 00:00:00.137 . Memory (MB): peak = 2306.301 ; gain = 0.000
Command: phys_opt_design
Attempting to get a license for feature 'Implementation' and/or device 'xc7a200t'
INFO: [Common 17-349] Got license for feature 'Implementation' and/or device 'xc7a200t'
INFO: [Vivado_Tcl 4-383] Design worst setup slack (WNS) is greater than or equal to 0.000 ns. Skipping all physical synthesis optimizations.
INFO: [Vivado_Tcl 4-232] No setup violation found. The netlist was not modified.
INFO: [Common 17-83] Releasing license: Implementation
122 Infos, 45 Warnings, 0 Critical Warnings and 0 Errors encountered.
phys_opt_design completed successfully
INFO: [Timing 38-480] Writing timing data to binary archive.
Writing placer database...
Writing XDEF routing.
Writing XDEF routing logical nets.
Writing XDEF routing special nets.
Write XDEF Complete: Time (s): cpu = 00:00:05 ; elapsed = 00:00:02 . Memory (MB): peak = 2306.301 ; gain = 0.000
INFO: [Common 17-1381] The checkpoint 'D:/Desktop/200T_workspace/KX7A200/KX7A100.runs/impl_1/top_physopt.dcp' has been generated.
write_checkpoint: Time (s): cpu = 00:00:10 ; elapsed = 00:00:07 . Memory (MB): peak = 2306.301 ; gain = 0.000
Command: route_design
Attempting to get a license for feature 'Implementation' and/or device 'xc7a200t'
INFO: [Common 17-349] Got license for feature 'Implementation' and/or device 'xc7a200t'
Running DRC as a precondition to command route_design
INFO: [DRC 23-27] Running DRC with 2 threads
INFO: [Vivado_Tcl 4-198] DRC finished with 0 Errors
INFO: [Vivado_Tcl 4-199] Please refer to the DRC report (report_drc) for more information.


Starting Routing Task
INFO: [Route 35-254] Multithreading enabled for route_design using a maximum of 2 CPUs
Checksum: PlaceDB: 2e8ada7a ConstDB: 0 ShapeSum: 97148b77 RouteDB: 0

Phase 1 Build RT Design
Phase 1 Build RT Design | Checksum: 181414025

Time (s): cpu = 00:00:41 ; elapsed = 00:00:35 . Memory (MB): peak = 2465.004 ; gain = 146.930
Post Restoration Checksum: NetGraph: 869f4946 NumContArr: faa1f6df Constraints: 0 Timing: 0

Phase 2 Router Initialization

Phase 2.1 Create Timer
Phase 2.1 Create Timer | Checksum: 181414025

Time (s): cpu = 00:00:42 ; elapsed = 00:00:35 . Memory (MB): peak = 2465.004 ; gain = 146.930

Phase 2.2 Fix Topology Constraints
Phase 2.2 Fix Topology Constraints | Checksum: 181414025

Time (s): cpu = 00:00:42 ; elapsed = 00:00:35 . Memory (MB): peak = 2474.445 ; gain = 156.371

Phase 2.3 Pre Route Cleanup
Phase 2.3 Pre Route Cleanup | Checksum: 181414025

Time (s): cpu = 00:00:42 ; elapsed = 00:00:35 . Memory (MB): peak = 2474.445 ; gain = 156.371
 Number of Nodes with overlaps = 0

Phase 2.4 Update Timing
Phase 2.4 Update Timing | Checksum: 1330399a2

Time (s): cpu = 00:00:51 ; elapsed = 00:00:46 . Memory (MB): peak = 2531.812 ; gain = 213.738
INFO: [Route 35-416] Intermediate Timing Summary | WNS=0.574  | TNS=0.000  | WHS=-2.312 | THS=-2009.948|


Phase 2.5 Update Timing for Bus Skew

Phase 2.5.1 Update Timing
Phase 2.5.1 Update Timing | Checksum: e5167547

Time (s): cpu = 00:00:57 ; elapsed = 00:00:53 . Memory (MB): peak = 2568.520 ; gain = 250.445
INFO: [Route 35-416] Intermediate Timing Summary | WNS=0.574  | TNS=0.000  | WHS=N/A    | THS=N/A    |

Phase 2.5 Update Timing for Bus Skew | Checksum: d32247b9

Time (s): cpu = 00:00:57 ; elapsed = 00:00:53 . Memory (MB): peak = 2575.191 ; gain = 257.117
Phase 2 Router Initialization | Checksum: a5196d51

Time (s): cpu = 00:00:57 ; elapsed = 00:00:53 . Memory (MB): peak = 2575.191 ; gain = 257.117

Router Utilization Summary
  Global Vertical Routing Utilization    = 0.00856362 %
  Global Horizontal Routing Utilization  = 0.0263384 %
  Routable Net Status*
  *Does not include unroutable nets such as driverless and loadless.
  Run report_route_status for detailed report.
  Number of Failed Nets               = 34598
    (Failed Nets is the sum of unrouted and partially routed nets)
  Number of Unrouted Nets             = 34591
  Number of Partially Routed Nets     = 7
  Number of Node Overlaps             = 2


Phase 3 Initial Routing

Phase 3.1 Global Routing
Phase 3.1 Global Routing | Checksum: a5196d51

Time (s): cpu = 00:00:57 ; elapsed = 00:00:53 . Memory (MB): peak = 2581.840 ; gain = 263.766
Phase 3 Initial Routing | Checksum: 26d889ff6

Time (s): cpu = 00:01:03 ; elapsed = 00:00:58 . Memory (MB): peak = 2638.617 ; gain = 320.543

Phase 4 Rip-up And Reroute

Phase 4.1 Global Iteration 0
 Number of Nodes with overlaps = 1980
 Number of Nodes with overlaps = 43
 Number of Nodes with overlaps = 5
 Number of Nodes with overlaps = 1
 Number of Nodes with overlaps = 0
INFO: [Route 35-416] Intermediate Timing Summary | WNS=0.574  | TNS=0.000  | WHS=N/A    | THS=N/A    |

Phase 4.1 Global Iteration 0 | Checksum: 1dc736469

Time (s): cpu = 00:01:10 ; elapsed = 00:01:09 . Memory (MB): peak = 2638.617 ; gain = 320.543
Phase 4 Rip-up And Reroute | Checksum: 1dc736469

Time (s): cpu = 00:01:10 ; elapsed = 00:01:09 . Memory (MB): peak = 2638.617 ; gain = 320.543

Phase 5 Delay and Skew Optimization

Phase 5.1 Delay CleanUp

Phase 5.1.1 Update Timing
Phase 5.1.1 Update Timing | Checksum: 1a29e7efc

Time (s): cpu = 00:01:11 ; elapsed = 00:01:11 . Memory (MB): peak = 2638.617 ; gain = 320.543
INFO: [Route 35-416] Intermediate Timing Summary | WNS=0.574  | TNS=0.000  | WHS=N/A    | THS=N/A    |

Phase 5.1 Delay CleanUp | Checksum: 1c3734df2

Time (s): cpu = 00:01:12 ; elapsed = 00:01:11 . Memory (MB): peak = 2638.617 ; gain = 320.543

Phase 5.2 Clock Skew Optimization
Phase 5.2 Clock Skew Optimization | Checksum: 1c3734df2

Time (s): cpu = 00:01:12 ; elapsed = 00:01:11 . Memory (MB): peak = 2638.617 ; gain = 320.543
Phase 5 Delay and Skew Optimization | Checksum: 1c3734df2

Time (s): cpu = 00:01:12 ; elapsed = 00:01:11 . Memory (MB): peak = 2638.617 ; gain = 320.543

Phase 6 Post Hold Fix

Phase 6.1 Hold Fix Iter

Phase 6.1.1 Update Timing
Phase 6.1.1 Update Timing | Checksum: 1aa99ea4f

Time (s): cpu = 00:01:14 ; elapsed = 00:01:14 . Memory (MB): peak = 2638.617 ; gain = 320.543
INFO: [Route 35-416] Intermediate Timing Summary | WNS=0.402  | TNS=0.000  | WHS=0.013  | THS=0.000  |

Phase 6.1 Hold Fix Iter | Checksum: 14fd428da

Time (s): cpu = 00:01:14 ; elapsed = 00:01:14 . Memory (MB): peak = 2638.617 ; gain = 320.543
Phase 6 Post Hold Fix | Checksum: 14fd428da

Time (s): cpu = 00:01:14 ; elapsed = 00:01:14 . Memory (MB): peak = 2638.617 ; gain = 320.543

Phase 7 Route finalize

Router Utilization Summary
  Global Vertical Routing Utilization    = 3.24899 %
  Global Horizontal Routing Utilization  = 3.25654 %
  Routable Net Status*
  *Does not include unroutable nets such as driverless and loadless.
  Run report_route_status for detailed report.
  Number of Failed Nets               = 0
    (Failed Nets is the sum of unrouted and partially routed nets)
  Number of Unrouted Nets             = 0
  Number of Partially Routed Nets     = 0
  Number of Node Overlaps             = 0

Phase 7 Route finalize | Checksum: 1dc983e7b

Time (s): cpu = 00:01:14 ; elapsed = 00:01:14 . Memory (MB): peak = 2638.617 ; gain = 320.543

Phase 8 Verifying routed nets

 Verification completed successfully
Phase 8 Verifying routed nets | Checksum: 1dc983e7b

Time (s): cpu = 00:01:14 ; elapsed = 00:01:14 . Memory (MB): peak = 2638.617 ; gain = 320.543

Phase 9 Depositing Routes
Phase 9 Depositing Routes | Checksum: fc70c2e6

Time (s): cpu = 00:01:16 ; elapsed = 00:01:16 . Memory (MB): peak = 2638.617 ; gain = 320.543

Phase 10 Post Router Timing
INFO: [Route 35-57] Estimated Timing Summary | WNS=0.402  | TNS=0.000  | WHS=0.013  | THS=0.000  |

INFO: [Route 35-327] The final timing numbers are based on the router estimated timing analysis. For a complete and accurate timing signoff, please run report_timing_summary.
Phase 10 Post Router Timing | Checksum: fc70c2e6

Time (s): cpu = 00:01:16 ; elapsed = 00:01:17 . Memory (MB): peak = 2638.617 ; gain = 320.543
INFO: [Route 35-16] Router Completed Successfully

Time (s): cpu = 00:01:16 ; elapsed = 00:01:17 . Memory (MB): peak = 2638.617 ; gain = 320.543

Routing Is Done.
INFO: [Common 17-83] Releasing license: Implementation
138 Infos, 45 Warnings, 0 Critical Warnings and 0 Errors encountered.
route_design completed successfully
route_design: Time (s): cpu = 00:01:24 ; elapsed = 00:01:23 . Memory (MB): peak = 2638.617 ; gain = 332.316
INFO: [Timing 38-480] Writing timing data to binary archive.
Writing placer database...
Writing XDEF routing.
Writing XDEF routing logical nets.
Writing XDEF routing special nets.
Write XDEF Complete: Time (s): cpu = 00:00:07 ; elapsed = 00:00:03 . Memory (MB): peak = 2638.617 ; gain = 0.000
INFO: [Common 17-1381] The checkpoint 'D:/Desktop/200T_workspace/KX7A200/KX7A100.runs/impl_1/top_routed.dcp' has been generated.
write_checkpoint: Time (s): cpu = 00:00:11 ; elapsed = 00:00:07 . Memory (MB): peak = 2638.617 ; gain = 0.000
INFO: [runtcl-4] Executing : report_drc -file top_drc_routed.rpt -pb top_drc_routed.pb -rpx top_drc_routed.rpx
Command: report_drc -file top_drc_routed.rpt -pb top_drc_routed.pb -rpx top_drc_routed.rpx
INFO: [IP_Flow 19-1839] IP Catalog is up to date.
INFO: [DRC 23-27] Running DRC with 2 threads
INFO: [Coretcl 2-168] The results of DRC are in file D:/Desktop/200T_workspace/KX7A200/KX7A100.runs/impl_1/top_drc_routed.rpt.
report_drc completed successfully
report_drc: Time (s): cpu = 00:00:14 ; elapsed = 00:00:10 . Memory (MB): peak = 2651.840 ; gain = 13.223
INFO: [runtcl-4] Executing : report_methodology -file top_methodology_drc_routed.rpt -pb top_methodology_drc_routed.pb -rpx top_methodology_drc_routed.rpx
Command: report_methodology -file top_methodology_drc_routed.rpt -pb top_methodology_drc_routed.pb -rpx top_methodology_drc_routed.rpx
INFO: [Constraints 18-483] create_clock: no pin(s)/port(s)/net(s) specified as objects, only virtual clock 'udp_drive_inst/master_wrapper_inst/tri_mode_ethernet_mac_i/inst_rgmii_rx_clk' will be created. If you don't want this, please specify pin(s)/ports(s)/net(s) as objects to the command. [d:/Desktop/200T_workspace/KX7A200/KX7A100.gen/sources_1/ip/tri_mode_ethernet_mac_0/synth/tri_mode_ethernet_mac_0_clocks.xdc:29]
INFO: [Timing 38-35] Done setting XDC timing constraints.
INFO: [DRC 23-133] Running Methodology with 2 threads
INFO: [Coretcl 2-1520] The results of Report Methodology are in file D:/Desktop/200T_workspace/KX7A200/KX7A100.runs/impl_1/top_methodology_drc_routed.rpt.
report_methodology completed successfully
report_methodology: Time (s): cpu = 00:00:11 ; elapsed = 00:00:10 . Memory (MB): peak = 2651.840 ; gain = 0.000
INFO: [runtcl-4] Executing : report_power -file top_power_routed.rpt -pb top_power_summary_routed.pb -rpx top_power_routed.rpx
Command: report_power -file top_power_routed.rpt -pb top_power_summary_routed.pb -rpx top_power_routed.rpx
INFO: [Power 33-23] Power model is not available for DNA_PORT_inst
INFO: [Constraints 18-483] create_clock: no pin(s)/port(s)/net(s) specified as objects, only virtual clock 'udp_drive_inst/master_wrapper_inst/tri_mode_ethernet_mac_i/inst_rgmii_rx_clk' will be created. If you don't want this, please specify pin(s)/ports(s)/net(s) as objects to the command. [d:/Desktop/200T_workspace/KX7A200/KX7A100.gen/sources_1/ip/tri_mode_ethernet_mac_0/synth/tri_mode_ethernet_mac_0_clocks.xdc:29]
INFO: [Timing 38-35] Done setting XDC timing constraints.
Running Vector-less Activity Propagation...

Finished Running Vector-less Activity Propagation
WARNING: [Power 33-332] Found switching activity that implies high-fanout reset nets being asserted for excessive periods of time which may result in inaccurate power analysis.
Resolution: To review and fix problems, please run Power Constraints Advisor in the GUI from Tools > Power Constraints Advisor or run report_power with the -advisory option to generate a text report.
153 Infos, 46 Warnings, 0 Critical Warnings and 0 Errors encountered.
report_power completed successfully
report_power: Time (s): cpu = 00:00:12 ; elapsed = 00:00:11 . Memory (MB): peak = 2654.043 ; gain = 2.203
INFO: [runtcl-4] Executing : report_route_status -file top_route_status.rpt -pb top_route_status.pb
INFO: [runtcl-4] Executing : report_timing_summary -max_paths 10 -file top_timing_summary_routed.rpt -pb top_timing_summary_routed.pb -rpx top_timing_summary_routed.rpx -warn_on_violation 
INFO: [Timing 38-91] UpdateTimingParams: Speed grade: -2, Delay Type: min_max.
INFO: [Timing 38-191] Multithreading enabled for timing update using a maximum of 2 CPUs
WARNING: [Timing 38-436] There are set_bus_skew constraint(s) in this design. Please run report_bus_skew to ensure that bus skew requirements are met.
INFO: [runtcl-4] Executing : report_incremental_reuse -file top_incremental_reuse_routed.rpt
INFO: [Vivado_Tcl 4-1062] Incremental flow is disabled. No incremental reuse Info to report.
INFO: [runtcl-4] Executing : report_clock_utilization -file top_clock_utilization_routed.rpt
INFO: [runtcl-4] Executing : report_bus_skew -warn_on_violation -file top_bus_skew_routed.rpt -pb top_bus_skew_routed.pb -rpx top_bus_skew_routed.rpx
INFO: [Timing 38-91] UpdateTimingParams: Speed grade: -2, Delay Type: min_max.
INFO: [Timing 38-191] Multithreading enabled for timing update using a maximum of 2 CPUs
INFO: [Memdata 28-208] The XPM instance: <udp_drive_inst/master_wrapper_inst/tx_packet_fifo0/inst/gen_fifo.xpm_fifo_axis_inst/xpm_fifo_base_inst/gen_sdpram.xpm_memory_base_inst> is part of IP: <udp_drive_inst/master_wrapper_inst/tx_packet_fifo0>. This XPM instance will be excluded from the .mmi because updatemem is prohibited from making changes to an XPM that is part of an IP.
INFO: [Memdata 28-208] The XPM instance: <udp_drive_inst/master_wrapper_inst/tx_async_fifo0/inst/gen_fifo.xpm_fifo_axis_inst/xpm_fifo_base_inst/gen_sdpram.xpm_memory_base_inst> is part of IP: <udp_drive_inst/master_wrapper_inst/tx_async_fifo0>. This XPM instance will be excluded from the .mmi because updatemem is prohibited from making changes to an XPM that is part of an IP.
INFO: [Memdata 28-208] The XPM instance: <udp_drive_inst/master_wrapper_inst/rx_packet_fifo0/inst/gen_fifo.xpm_fifo_axis_inst/xpm_fifo_base_inst/gen_sdpram.xpm_memory_base_inst> is part of IP: <udp_drive_inst/master_wrapper_inst/rx_packet_fifo0>. This XPM instance will be excluded from the .mmi because updatemem is prohibited from making changes to an XPM that is part of an IP.
INFO: [Memdata 28-208] The XPM instance: <udp_drive_inst/master_wrapper_inst/rx_async_fifo0/inst/gen_fifo.xpm_fifo_axis_inst/xpm_fifo_base_inst/gen_sdpram.xpm_memory_base_inst> is part of IP: <udp_drive_inst/master_wrapper_inst/rx_async_fifo0>. This XPM instance will be excluded from the .mmi because updatemem is prohibited from making changes to an XPM that is part of an IP.
Command: write_bitstream -force top.bit -bin_file
Attempting to get a license for feature 'Implementation' and/or device 'xc7a200t'
INFO: [Common 17-349] Got license for feature 'Implementation' and/or device 'xc7a200t'
Running DRC as a precondition to command write_bitstream
INFO: [IP_Flow 19-1839] IP Catalog is up to date.
INFO: [DRC 23-27] Running DRC with 2 threads
WARNING: [DRC BUFC-1] Input Buffer Connections: Input buffer ddr3_cache_module_inst/ddr3_module_inst/mig_7series_0_inst/u_mig_7series_0_mig/u_memc_ui_top_std/mem_intfc0/ddr_phy_top0/u_ddr_mc_phy_wrapper/gen_dqs_iobuf_HR.gen_dqs_iobuf[0].gen_dqs_diff.u_iobuf_dqs/IBUFDS_0 has no loads. It is recommended to have an input buffer drive an internal load.
WARNING: [DRC BUFC-1] Input Buffer Connections: Input buffer ddr3_cache_module_inst/ddr3_module_inst/mig_7series_0_inst/u_mig_7series_0_mig/u_memc_ui_top_std/mem_intfc0/ddr_phy_top0/u_ddr_mc_phy_wrapper/gen_dqs_iobuf_HR.gen_dqs_iobuf[1].gen_dqs_diff.u_iobuf_dqs/IBUFDS_0 has no loads. It is recommended to have an input buffer drive an internal load.
WARNING: [DRC BUFC-1] Input Buffer Connections: Input buffer ddr3_cache_module_inst/ddr3_module_inst/mig_7series_0_inst/u_mig_7series_0_mig/u_memc_ui_top_std/mem_intfc0/ddr_phy_top0/u_ddr_mc_phy_wrapper/gen_dqs_iobuf_HR.gen_dqs_iobuf[2].gen_dqs_diff.u_iobuf_dqs/IBUFDS_0 has no loads. It is recommended to have an input buffer drive an internal load.
WARNING: [DRC BUFC-1] Input Buffer Connections: Input buffer ddr3_cache_module_inst/ddr3_module_inst/mig_7series_0_inst/u_mig_7series_0_mig/u_memc_ui_top_std/mem_intfc0/ddr_phy_top0/u_ddr_mc_phy_wrapper/gen_dqs_iobuf_HR.gen_dqs_iobuf[3].gen_dqs_diff.u_iobuf_dqs/IBUFDS_0 has no loads. It is recommended to have an input buffer drive an internal load.
WARNING: [DRC BUFC-1] Input Buffer Connections: Input buffer ddr3_cache_module_inst/ddr3_module_inst/mig_7series_0_inst/u_mig_7series_0_mig/u_memc_ui_top_std/mem_intfc0/ddr_phy_top0/u_ddr_mc_phy_wrapper/gen_dqs_iobuf_HR.gen_dqs_iobuf[4].gen_dqs_diff.u_iobuf_dqs/IBUFDS_0 has no loads. It is recommended to have an input buffer drive an internal load.
WARNING: [DRC BUFC-1] Input Buffer Connections: Input buffer ddr3_cache_module_inst/ddr3_module_inst/mig_7series_0_inst/u_mig_7series_0_mig/u_memc_ui_top_std/mem_intfc0/ddr_phy_top0/u_ddr_mc_phy_wrapper/gen_dqs_iobuf_HR.gen_dqs_iobuf[5].gen_dqs_diff.u_iobuf_dqs/IBUFDS_0 has no loads. It is recommended to have an input buffer drive an internal load.
WARNING: [DRC BUFC-1] Input Buffer Connections: Input buffer ddr3_cache_module_inst/ddr3_module_inst/mig_7series_0_inst/u_mig_7series_0_mig/u_memc_ui_top_std/mem_intfc0/ddr_phy_top0/u_ddr_mc_phy_wrapper/gen_dqs_iobuf_HR.gen_dqs_iobuf[6].gen_dqs_diff.u_iobuf_dqs/IBUFDS_0 has no loads. It is recommended to have an input buffer drive an internal load.
WARNING: [DRC BUFC-1] Input Buffer Connections: Input buffer ddr3_cache_module_inst/ddr3_module_inst/mig_7series_0_inst/u_mig_7series_0_mig/u_memc_ui_top_std/mem_intfc0/ddr_phy_top0/u_ddr_mc_phy_wrapper/gen_dqs_iobuf_HR.gen_dqs_iobuf[7].gen_dqs_diff.u_iobuf_dqs/IBUFDS_0 has no loads. It is recommended to have an input buffer drive an internal load.
WARNING: [DRC BUFC-1] Input Buffer Connections: Input buffer eeprom_module_inst_0/iic_module_inst/IOBUF_inst/IBUF has no loads. It is recommended to have an input buffer drive an internal load.
WARNING: [DRC BUFC-1] Input Buffer Connections: Input buffer eeprom_module_inst_1/iic_module_inst/IOBUF_inst/IBUF has no loads. It is recommended to have an input buffer drive an internal load.
WARNING: [DRC CHECK-3] Report rule limit reached: REQP-1839 rule limit reached: 20 violations have been found.
WARNING: [DRC CHECK-3] Report rule limit reached: REQP-1840 rule limit reached: 20 violations have been found.
WARNING: [DRC PDRC-61] SLICEM_5lutO5_C5: Dangling output pin O5 on site SLICE_X56Y188:C5LUT. For this programming the O5 output pin should have a signal.
WARNING: [DRC PDRC-63] SLICEM_5lutO5_A5: Dangling output pin O5 on site SLICE_X62Y192:A5LUT. For this programming the O5 output pin should have a signal.
WARNING: [DRC PDRC-63] SLICEM_5lutO5_A5: Dangling output pin O5 on site SLICE_X88Y113:A5LUT. For this programming the O5 output pin should have a signal.
WARNING: [DRC PDRC-63] SLICEM_5lutO5_A5: Dangling output pin O5 on site SLICE_X88Y115:A5LUT. For this programming the O5 output pin should have a signal.
WARNING: [DRC REQP-1709] Clock output buffering: PLLE2_ADV connectivity violation. The signal ddr3_cache_module_inst/ddr3_module_inst/mig_7series_0_inst/u_mig_7series_0_mig/u_ddr3_infrastructure/pll_clk3_out on the ddr3_cache_module_inst/ddr3_module_inst/mig_7series_0_inst/u_mig_7series_0_mig/u_ddr3_infrastructure/plle2_i/CLKOUT3 pin of ddr3_cache_module_inst/ddr3_module_inst/mig_7series_0_inst/u_mig_7series_0_mig/u_ddr3_infrastructure/plle2_i does not drive the same kind of BUFFER load as the other CLKOUT pins. Routing from the different buffer types will not be phase aligned.
WARNING: [DRC REQP-1839] RAMB36 async control check: The RAMB36E1 udp_drive_inst/master_wrapper_inst/uiudp_stack_inst/arp_layer/mac_cache_module/mac_address_ram/U0/inst_blk_mem_gen/gnbram.gnativebmg.native_blk_mem_gen/valid.cstr/ramloop[1].ram.r/prim_init.ram/DEVICE_7SERIES.NO_BMM_INFO.TRUE_DP.SIMPLE_PRIM36.ram has an input control pin udp_drive_inst/master_wrapper_inst/uiudp_stack_inst/arp_layer/mac_cache_module/mac_address_ram/U0/inst_blk_mem_gen/gnbram.gnativebmg.native_blk_mem_gen/valid.cstr/ramloop[1].ram.r/prim_init.ram/DEVICE_7SERIES.NO_BMM_INFO.TRUE_DP.SIMPLE_PRIM36.ram/ENBWREN (net: udp_drive_inst/master_wrapper_inst/uiudp_stack_inst/arp_layer/mac_cache_module/mac_address_ram/U0/inst_blk_mem_gen/gnbram.gnativebmg.native_blk_mem_gen/valid.cstr/ramloop[1].ram.r/prim_init.ram/enb) which is driven by a register (udp_drive_inst/master_wrapper_inst/uiudp_stack_inst/arp_layer/mac_cache_module/mac_cache_flag_reg[0]) that has an active asychronous set or reset. This may cause corruption of the memory contents and/or read values when the set/reset is asserted and is not analyzed by the default static timing analysis. It is suggested to eliminate the use of a set/reset to registers driving this RAMB pin or else use a synchronous reset in which the assertion of the reset is timed by default.
WARNING: [DRC REQP-1839] RAMB36 async control check: The RAMB36E1 udp_drive_inst/master_wrapper_inst/uiudp_stack_inst/arp_layer/mac_cache_module/mac_address_ram/U0/inst_blk_mem_gen/gnbram.gnativebmg.native_blk_mem_gen/valid.cstr/ramloop[1].ram.r/prim_init.ram/DEVICE_7SERIES.NO_BMM_INFO.TRUE_DP.SIMPLE_PRIM36.ram has an input control pin udp_drive_inst/master_wrapper_inst/uiudp_stack_inst/arp_layer/mac_cache_module/mac_address_ram/U0/inst_blk_mem_gen/gnbram.gnativebmg.native_blk_mem_gen/valid.cstr/ramloop[1].ram.r/prim_init.ram/DEVICE_7SERIES.NO_BMM_INFO.TRUE_DP.SIMPLE_PRIM36.ram/ENBWREN (net: udp_drive_inst/master_wrapper_inst/uiudp_stack_inst/arp_layer/mac_cache_module/mac_address_ram/U0/inst_blk_mem_gen/gnbram.gnativebmg.native_blk_mem_gen/valid.cstr/ramloop[1].ram.r/prim_init.ram/enb) which is driven by a register (udp_drive_inst/master_wrapper_inst/uiudp_stack_inst/arp_layer/mac_cache_module/mac_cache_flag_reg[100]) that has an active asychronous set or reset. This may cause corruption of the memory contents and/or read values when the set/reset is asserted and is not analyzed by the default static timing analysis. It is suggested to eliminate the use of a set/reset to registers driving this RAMB pin or else use a synchronous reset in which the assertion of the reset is timed by default.
WARNING: [DRC REQP-1839] RAMB36 async control check: The RAMB36E1 udp_drive_inst/master_wrapper_inst/uiudp_stack_inst/arp_layer/mac_cache_module/mac_address_ram/U0/inst_blk_mem_gen/gnbram.gnativebmg.native_blk_mem_gen/valid.cstr/ramloop[1].ram.r/prim_init.ram/DEVICE_7SERIES.NO_BMM_INFO.TRUE_DP.SIMPLE_PRIM36.ram has an input control pin udp_drive_inst/master_wrapper_inst/uiudp_stack_inst/arp_layer/mac_cache_module/mac_address_ram/U0/inst_blk_mem_gen/gnbram.gnativebmg.native_blk_mem_gen/valid.cstr/ramloop[1].ram.r/prim_init.ram/DEVICE_7SERIES.NO_BMM_INFO.TRUE_DP.SIMPLE_PRIM36.ram/ENBWREN (net: udp_drive_inst/master_wrapper_inst/uiudp_stack_inst/arp_layer/mac_cache_module/mac_address_ram/U0/inst_blk_mem_gen/gnbram.gnativebmg.native_blk_mem_gen/valid.cstr/ramloop[1].ram.r/prim_init.ram/enb) which is driven by a register (udp_drive_inst/master_wrapper_inst/uiudp_stack_inst/arp_layer/mac_cache_module/mac_cache_flag_reg[101]) that has an active asychronous set or reset. This may cause corruption of the memory contents and/or read values when the set/reset is asserted and is not analyzed by the default static timing analysis. It is suggested to eliminate the use of a set/reset to registers driving this RAMB pin or else use a synchronous reset in which the assertion of the reset is timed by default.
WARNING: [DRC REQP-1839] RAMB36 async control check: The RAMB36E1 udp_drive_inst/master_wrapper_inst/uiudp_stack_inst/arp_layer/mac_cache_module/mac_address_ram/U0/inst_blk_mem_gen/gnbram.gnativebmg.native_blk_mem_gen/valid.cstr/ramloop[1].ram.r/prim_init.ram/DEVICE_7SERIES.NO_BMM_INFO.TRUE_DP.SIMPLE_PRIM36.ram has an input control pin udp_drive_inst/master_wrapper_inst/uiudp_stack_inst/arp_layer/mac_cache_module/mac_address_ram/U0/inst_blk_mem_gen/gnbram.gnativebmg.native_blk_mem_gen/valid.cstr/ramloop[1].ram.r/prim_init.ram/DEVICE_7SERIES.NO_BMM_INFO.TRUE_DP.SIMPLE_PRIM36.ram/ENBWREN (net: udp_drive_inst/master_wrapper_inst/uiudp_stack_inst/arp_layer/mac_cache_module/mac_address_ram/U0/inst_blk_mem_gen/gnbram.gnativebmg.native_blk_mem_gen/valid.cstr/ramloop[1].ram.r/prim_init.ram/enb) which is driven by a register (udp_drive_inst/master_wrapper_inst/uiudp_stack_inst/arp_layer/mac_cache_module/mac_cache_flag_reg[102]) that has an active asychronous set or reset. This may cause corruption of the memory contents and/or read values when the set/reset is asserted and is not analyzed by the default static timing analysis. It is suggested to eliminate the use of a set/reset to registers driving this RAMB pin or else use a synchronous reset in which the assertion of the reset is timed by default.
WARNING: [DRC REQP-1839] RAMB36 async control check: The RAMB36E1 udp_drive_inst/master_wrapper_inst/uiudp_stack_inst/arp_layer/mac_cache_module/mac_address_ram/U0/inst_blk_mem_gen/gnbram.gnativebmg.native_blk_mem_gen/valid.cstr/ramloop[1].ram.r/prim_init.ram/DEVICE_7SERIES.NO_BMM_INFO.TRUE_DP.SIMPLE_PRIM36.ram has an input control pin udp_drive_inst/master_wrapper_inst/uiudp_stack_inst/arp_layer/mac_cache_module/mac_address_ram/U0/inst_blk_mem_gen/gnbram.gnativebmg.native_blk_mem_gen/valid.cstr/ramloop[1].ram.r/prim_init.ram/DEVICE_7SERIES.NO_BMM_INFO.TRUE_DP.SIMPLE_PRIM36.ram/ENBWREN (net: udp_drive_inst/master_wrapper_inst/uiudp_stack_inst/arp_layer/mac_cache_module/mac_address_ram/U0/inst_blk_mem_gen/gnbram.gnativebmg.native_blk_mem_gen/valid.cstr/ramloop[1].ram.r/prim_init.ram/enb) which is driven by a register (udp_drive_inst/master_wrapper_inst/uiudp_stack_inst/arp_layer/mac_cache_module/mac_cache_flag_reg[103]) that has an active asychronous set or reset. This may cause corruption of the memory contents and/or read values when the set/reset is asserted and is not analyzed by the default static timing analysis. It is suggested to eliminate the use of a set/reset to registers driving this RAMB pin or else use a synchronous reset in which the assertion of the reset is timed by default.
WARNING: [DRC REQP-1839] RAMB36 async control check: The RAMB36E1 udp_drive_inst/master_wrapper_inst/uiudp_stack_inst/arp_layer/mac_cache_module/mac_address_ram/U0/inst_blk_mem_gen/gnbram.gnativebmg.native_blk_mem_gen/valid.cstr/ramloop[1].ram.r/prim_init.ram/DEVICE_7SERIES.NO_BMM_INFO.TRUE_DP.SIMPLE_PRIM36.ram has an input control pin udp_drive_inst/master_wrapper_inst/uiudp_stack_inst/arp_layer/mac_cache_module/mac_address_ram/U0/inst_blk_mem_gen/gnbram.gnativebmg.native_blk_mem_gen/valid.cstr/ramloop[1].ram.r/prim_init.ram/DEVICE_7SERIES.NO_BMM_INFO.TRUE_DP.SIMPLE_PRIM36.ram/ENBWREN (net: udp_drive_inst/master_wrapper_inst/uiudp_stack_inst/arp_layer/mac_cache_module/mac_address_ram/U0/inst_blk_mem_gen/gnbram.gnativebmg.native_blk_mem_gen/valid.cstr/ramloop[1].ram.r/prim_init.ram/enb) which is driven by a register (udp_drive_inst/master_wrapper_inst/uiudp_stack_inst/arp_layer/mac_cache_module/mac_cache_flag_reg[104]) that has an active asychronous set or reset. This may cause corruption of the memory contents and/or read values when the set/reset is asserted and is not analyzed by the default static timing analysis. It is suggested to eliminate the use of a set/reset to registers driving this RAMB pin or else use a synchronous reset in which the assertion of the reset is timed by default.
WARNING: [DRC REQP-1839] RAMB36 async control check: The RAMB36E1 udp_drive_inst/master_wrapper_inst/uiudp_stack_inst/arp_layer/mac_cache_module/mac_address_ram/U0/inst_blk_mem_gen/gnbram.gnativebmg.native_blk_mem_gen/valid.cstr/ramloop[1].ram.r/prim_init.ram/DEVICE_7SERIES.NO_BMM_INFO.TRUE_DP.SIMPLE_PRIM36.ram has an input control pin udp_drive_inst/master_wrapper_inst/uiudp_stack_inst/arp_layer/mac_cache_module/mac_address_ram/U0/inst_blk_mem_gen/gnbram.gnativebmg.native_blk_mem_gen/valid.cstr/ramloop[1].ram.r/prim_init.ram/DEVICE_7SERIES.NO_BMM_INFO.TRUE_DP.SIMPLE_PRIM36.ram/ENBWREN (net: udp_drive_inst/master_wrapper_inst/uiudp_stack_inst/arp_layer/mac_cache_module/mac_address_ram/U0/inst_blk_mem_gen/gnbram.gnativebmg.native_blk_mem_gen/valid.cstr/ramloop[1].ram.r/prim_init.ram/enb) which is driven by a register (udp_drive_inst/master_wrapper_inst/uiudp_stack_inst/arp_layer/mac_cache_module/mac_cache_flag_reg[105]) that has an active asychronous set or reset. This may cause corruption of the memory contents and/or read values when the set/reset is asserted and is not analyzed by the default static timing analysis. It is suggested to eliminate the use of a set/reset to registers driving this RAMB pin or else use a synchronous reset in which the assertion of the reset is timed by default.
WARNING: [DRC REQP-1839] RAMB36 async control check: The RAMB36E1 udp_drive_inst/master_wrapper_inst/uiudp_stack_inst/arp_layer/mac_cache_module/mac_address_ram/U0/inst_blk_mem_gen/gnbram.gnativebmg.native_blk_mem_gen/valid.cstr/ramloop[1].ram.r/prim_init.ram/DEVICE_7SERIES.NO_BMM_INFO.TRUE_DP.SIMPLE_PRIM36.ram has an input control pin udp_drive_inst/master_wrapper_inst/uiudp_stack_inst/arp_layer/mac_cache_module/mac_address_ram/U0/inst_blk_mem_gen/gnbram.gnativebmg.native_blk_mem_gen/valid.cstr/ramloop[1].ram.r/prim_init.ram/DEVICE_7SERIES.NO_BMM_INFO.TRUE_DP.SIMPLE_PRIM36.ram/ENBWREN (net: udp_drive_inst/master_wrapper_inst/uiudp_stack_inst/arp_layer/mac_cache_module/mac_address_ram/U0/inst_blk_mem_gen/gnbram.gnativebmg.native_blk_mem_gen/valid.cstr/ramloop[1].ram.r/prim_init.ram/enb) which is driven by a register (udp_drive_inst/master_wrapper_inst/uiudp_stack_inst/arp_layer/mac_cache_module/mac_cache_flag_reg[89]) that has an active asychronous set or reset. This may cause corruption of the memory contents and/or read values when the set/reset is asserted and is not analyzed by the default static timing analysis. It is suggested to eliminate the use of a set/reset to registers driving this RAMB pin or else use a synchronous reset in which the assertion of the reset is timed by default.
WARNING: [DRC REQP-1839] RAMB36 async control check: The RAMB36E1 udp_drive_inst/master_wrapper_inst/uiudp_stack_inst/arp_layer/mac_cache_module/mac_address_ram/U0/inst_blk_mem_gen/gnbram.gnativebmg.native_blk_mem_gen/valid.cstr/ramloop[1].ram.r/prim_init.ram/DEVICE_7SERIES.NO_BMM_INFO.TRUE_DP.SIMPLE_PRIM36.ram has an input control pin udp_drive_inst/master_wrapper_inst/uiudp_stack_inst/arp_layer/mac_cache_module/mac_address_ram/U0/inst_blk_mem_gen/gnbram.gnativebmg.native_blk_mem_gen/valid.cstr/ramloop[1].ram.r/prim_init.ram/DEVICE_7SERIES.NO_BMM_INFO.TRUE_DP.SIMPLE_PRIM36.ram/ENBWREN (net: udp_drive_inst/master_wrapper_inst/uiudp_stack_inst/arp_layer/mac_cache_module/mac_address_ram/U0/inst_blk_mem_gen/gnbram.gnativebmg.native_blk_mem_gen/valid.cstr/ramloop[1].ram.r/prim_init.ram/enb) which is driven by a register (udp_drive_inst/master_wrapper_inst/uiudp_stack_inst/arp_layer/mac_cache_module/mac_cache_flag_reg[8]) that has an active asychronous set or reset. This may cause corruption of the memory contents and/or read values when the set/reset is asserted and is not analyzed by the default static timing analysis. It is suggested to eliminate the use of a set/reset to registers driving this RAMB pin or else use a synchronous reset in which the assertion of the reset is timed by default.
WARNING: [DRC REQP-1839] RAMB36 async control check: The RAMB36E1 udp_drive_inst/master_wrapper_inst/uiudp_stack_inst/arp_layer/mac_cache_module/mac_address_ram/U0/inst_blk_mem_gen/gnbram.gnativebmg.native_blk_mem_gen/valid.cstr/ramloop[1].ram.r/prim_init.ram/DEVICE_7SERIES.NO_BMM_INFO.TRUE_DP.SIMPLE_PRIM36.ram has an input control pin udp_drive_inst/master_wrapper_inst/uiudp_stack_inst/arp_layer/mac_cache_module/mac_address_ram/U0/inst_blk_mem_gen/gnbram.gnativebmg.native_blk_mem_gen/valid.cstr/ramloop[1].ram.r/prim_init.ram/DEVICE_7SERIES.NO_BMM_INFO.TRUE_DP.SIMPLE_PRIM36.ram/ENBWREN (net: udp_drive_inst/master_wrapper_inst/uiudp_stack_inst/arp_layer/mac_cache_module/mac_address_ram/U0/inst_blk_mem_gen/gnbram.gnativebmg.native_blk_mem_gen/valid.cstr/ramloop[1].ram.r/prim_init.ram/enb) which is driven by a register (udp_drive_inst/master_wrapper_inst/uiudp_stack_inst/arp_layer/mac_cache_module/mac_cache_flag_reg[90]) that has an active asychronous set or reset. This may cause corruption of the memory contents and/or read values when the set/reset is asserted and is not analyzed by the default static timing analysis. It is suggested to eliminate the use of a set/reset to registers driving this RAMB pin or else use a synchronous reset in which the assertion of the reset is timed by default.
WARNING: [DRC REQP-1839] RAMB36 async control check: The RAMB36E1 udp_drive_inst/master_wrapper_inst/uiudp_stack_inst/arp_layer/mac_cache_module/mac_address_ram/U0/inst_blk_mem_gen/gnbram.gnativebmg.native_blk_mem_gen/valid.cstr/ramloop[1].ram.r/prim_init.ram/DEVICE_7SERIES.NO_BMM_INFO.TRUE_DP.SIMPLE_PRIM36.ram has an input control pin udp_drive_inst/master_wrapper_inst/uiudp_stack_inst/arp_layer/mac_cache_module/mac_address_ram/U0/inst_blk_mem_gen/gnbram.gnativebmg.native_blk_mem_gen/valid.cstr/ramloop[1].ram.r/prim_init.ram/DEVICE_7SERIES.NO_BMM_INFO.TRUE_DP.SIMPLE_PRIM36.ram/ENBWREN (net: udp_drive_inst/master_wrapper_inst/uiudp_stack_inst/arp_layer/mac_cache_module/mac_address_ram/U0/inst_blk_mem_gen/gnbram.gnativebmg.native_blk_mem_gen/valid.cstr/ramloop[1].ram.r/prim_init.ram/enb) which is driven by a register (udp_drive_inst/master_wrapper_inst/uiudp_stack_inst/arp_layer/mac_cache_module/mac_cache_flag_reg[91]) that has an active asychronous set or reset. This may cause corruption of the memory contents and/or read values when the set/reset is asserted and is not analyzed by the default static timing analysis. It is suggested to eliminate the use of a set/reset to registers driving this RAMB pin or else use a synchronous reset in which the assertion of the reset is timed by default.
WARNING: [DRC REQP-1839] RAMB36 async control check: The RAMB36E1 udp_drive_inst/master_wrapper_inst/uiudp_stack_inst/arp_layer/mac_cache_module/mac_address_ram/U0/inst_blk_mem_gen/gnbram.gnativebmg.native_blk_mem_gen/valid.cstr/ramloop[1].ram.r/prim_init.ram/DEVICE_7SERIES.NO_BMM_INFO.TRUE_DP.SIMPLE_PRIM36.ram has an input control pin udp_drive_inst/master_wrapper_inst/uiudp_stack_inst/arp_layer/mac_cache_module/mac_address_ram/U0/inst_blk_mem_gen/gnbram.gnativebmg.native_blk_mem_gen/valid.cstr/ramloop[1].ram.r/prim_init.ram/DEVICE_7SERIES.NO_BMM_INFO.TRUE_DP.SIMPLE_PRIM36.ram/ENBWREN (net: udp_drive_inst/master_wrapper_inst/uiudp_stack_inst/arp_layer/mac_cache_module/mac_address_ram/U0/inst_blk_mem_gen/gnbram.gnativebmg.native_blk_mem_gen/valid.cstr/ramloop[1].ram.r/prim_init.ram/enb) which is driven by a register (udp_drive_inst/master_wrapper_inst/uiudp_stack_inst/arp_layer/mac_cache_module/mac_cache_flag_reg[92]) that has an active asychronous set or reset. This may cause corruption of the memory contents and/or read values when the set/reset is asserted and is not analyzed by the default static timing analysis. It is suggested to eliminate the use of a set/reset to registers driving this RAMB pin or else use a synchronous reset in which the assertion of the reset is timed by default.
WARNING: [DRC REQP-1839] RAMB36 async control check: The RAMB36E1 udp_drive_inst/master_wrapper_inst/uiudp_stack_inst/arp_layer/mac_cache_module/mac_address_ram/U0/inst_blk_mem_gen/gnbram.gnativebmg.native_blk_mem_gen/valid.cstr/ramloop[1].ram.r/prim_init.ram/DEVICE_7SERIES.NO_BMM_INFO.TRUE_DP.SIMPLE_PRIM36.ram has an input control pin udp_drive_inst/master_wrapper_inst/uiudp_stack_inst/arp_layer/mac_cache_module/mac_address_ram/U0/inst_blk_mem_gen/gnbram.gnativebmg.native_blk_mem_gen/valid.cstr/ramloop[1].ram.r/prim_init.ram/DEVICE_7SERIES.NO_BMM_INFO.TRUE_DP.SIMPLE_PRIM36.ram/ENBWREN (net: udp_drive_inst/master_wrapper_inst/uiudp_stack_inst/arp_layer/mac_cache_module/mac_address_ram/U0/inst_blk_mem_gen/gnbram.gnativebmg.native_blk_mem_gen/valid.cstr/ramloop[1].ram.r/prim_init.ram/enb) which is driven by a register (udp_drive_inst/master_wrapper_inst/uiudp_stack_inst/arp_layer/mac_cache_module/mac_cache_flag_reg[93]) that has an active asychronous set or reset. This may cause corruption of the memory contents and/or read values when the set/reset is asserted and is not analyzed by the default static timing analysis. It is suggested to eliminate the use of a set/reset to registers driving this RAMB pin or else use a synchronous reset in which the assertion of the reset is timed by default.
WARNING: [DRC REQP-1839] RAMB36 async control check: The RAMB36E1 udp_drive_inst/master_wrapper_inst/uiudp_stack_inst/arp_layer/mac_cache_module/mac_address_ram/U0/inst_blk_mem_gen/gnbram.gnativebmg.native_blk_mem_gen/valid.cstr/ramloop[1].ram.r/prim_init.ram/DEVICE_7SERIES.NO_BMM_INFO.TRUE_DP.SIMPLE_PRIM36.ram has an input control pin udp_drive_inst/master_wrapper_inst/uiudp_stack_inst/arp_layer/mac_cache_module/mac_address_ram/U0/inst_blk_mem_gen/gnbram.gnativebmg.native_blk_mem_gen/valid.cstr/ramloop[1].ram.r/prim_init.ram/DEVICE_7SERIES.NO_BMM_INFO.TRUE_DP.SIMPLE_PRIM36.ram/ENBWREN (net: udp_drive_inst/master_wrapper_inst/uiudp_stack_inst/arp_layer/mac_cache_module/mac_address_ram/U0/inst_blk_mem_gen/gnbram.gnativebmg.native_blk_mem_gen/valid.cstr/ramloop[1].ram.r/prim_init.ram/enb) which is driven by a register (udp_drive_inst/master_wrapper_inst/uiudp_stack_inst/arp_layer/mac_cache_module/mac_cache_flag_reg[94]) that has an active asychronous set or reset. This may cause corruption of the memory contents and/or read values when the set/reset is asserted and is not analyzed by the default static timing analysis. It is suggested to eliminate the use of a set/reset to registers driving this RAMB pin or else use a synchronous reset in which the assertion of the reset is timed by default.
WARNING: [DRC REQP-1839] RAMB36 async control check: The RAMB36E1 udp_drive_inst/master_wrapper_inst/uiudp_stack_inst/arp_layer/mac_cache_module/mac_address_ram/U0/inst_blk_mem_gen/gnbram.gnativebmg.native_blk_mem_gen/valid.cstr/ramloop[1].ram.r/prim_init.ram/DEVICE_7SERIES.NO_BMM_INFO.TRUE_DP.SIMPLE_PRIM36.ram has an input control pin udp_drive_inst/master_wrapper_inst/uiudp_stack_inst/arp_layer/mac_cache_module/mac_address_ram/U0/inst_blk_mem_gen/gnbram.gnativebmg.native_blk_mem_gen/valid.cstr/ramloop[1].ram.r/prim_init.ram/DEVICE_7SERIES.NO_BMM_INFO.TRUE_DP.SIMPLE_PRIM36.ram/ENBWREN (net: udp_drive_inst/master_wrapper_inst/uiudp_stack_inst/arp_layer/mac_cache_module/mac_address_ram/U0/inst_blk_mem_gen/gnbram.gnativebmg.native_blk_mem_gen/valid.cstr/ramloop[1].ram.r/prim_init.ram/enb) which is driven by a register (udp_drive_inst/master_wrapper_inst/uiudp_stack_inst/arp_layer/mac_cache_module/mac_cache_flag_reg[95]) that has an active asychronous set or reset. This may cause corruption of the memory contents and/or read values when the set/reset is asserted and is not analyzed by the default static timing analysis. It is suggested to eliminate the use of a set/reset to registers driving this RAMB pin or else use a synchronous reset in which the assertion of the reset is timed by default.
WARNING: [DRC REQP-1839] RAMB36 async control check: The RAMB36E1 udp_drive_inst/master_wrapper_inst/uiudp_stack_inst/arp_layer/mac_cache_module/mac_address_ram/U0/inst_blk_mem_gen/gnbram.gnativebmg.native_blk_mem_gen/valid.cstr/ramloop[1].ram.r/prim_init.ram/DEVICE_7SERIES.NO_BMM_INFO.TRUE_DP.SIMPLE_PRIM36.ram has an input control pin udp_drive_inst/master_wrapper_inst/uiudp_stack_inst/arp_layer/mac_cache_module/mac_address_ram/U0/inst_blk_mem_gen/gnbram.gnativebmg.native_blk_mem_gen/valid.cstr/ramloop[1].ram.r/prim_init.ram/DEVICE_7SERIES.NO_BMM_INFO.TRUE_DP.SIMPLE_PRIM36.ram/ENBWREN (net: udp_drive_inst/master_wrapper_inst/uiudp_stack_inst/arp_layer/mac_cache_module/mac_address_ram/U0/inst_blk_mem_gen/gnbram.gnativebmg.native_blk_mem_gen/valid.cstr/ramloop[1].ram.r/prim_init.ram/enb) which is driven by a register (udp_drive_inst/master_wrapper_inst/uiudp_stack_inst/arp_layer/mac_cache_module/mac_cache_flag_reg[96]) that has an active asychronous set or reset. This may cause corruption of the memory contents and/or read values when the set/reset is asserted and is not analyzed by the default static timing analysis. It is suggested to eliminate the use of a set/reset to registers driving this RAMB pin or else use a synchronous reset in which the assertion of the reset is timed by default.
WARNING: [DRC REQP-1839] RAMB36 async control check: The RAMB36E1 udp_drive_inst/master_wrapper_inst/uiudp_stack_inst/arp_layer/mac_cache_module/mac_address_ram/U0/inst_blk_mem_gen/gnbram.gnativebmg.native_blk_mem_gen/valid.cstr/ramloop[1].ram.r/prim_init.ram/DEVICE_7SERIES.NO_BMM_INFO.TRUE_DP.SIMPLE_PRIM36.ram has an input control pin udp_drive_inst/master_wrapper_inst/uiudp_stack_inst/arp_layer/mac_cache_module/mac_address_ram/U0/inst_blk_mem_gen/gnbram.gnativebmg.native_blk_mem_gen/valid.cstr/ramloop[1].ram.r/prim_init.ram/DEVICE_7SERIES.NO_BMM_INFO.TRUE_DP.SIMPLE_PRIM36.ram/ENBWREN (net: udp_drive_inst/master_wrapper_inst/uiudp_stack_inst/arp_layer/mac_cache_module/mac_address_ram/U0/inst_blk_mem_gen/gnbram.gnativebmg.native_blk_mem_gen/valid.cstr/ramloop[1].ram.r/prim_init.ram/enb) which is driven by a register (udp_drive_inst/master_wrapper_inst/uiudp_stack_inst/arp_layer/mac_cache_module/mac_cache_flag_reg[97]) that has an active asychronous set or reset. This may cause corruption of the memory contents and/or read values when the set/reset is asserted and is not analyzed by the default static timing analysis. It is suggested to eliminate the use of a set/reset to registers driving this RAMB pin or else use a synchronous reset in which the assertion of the reset is timed by default.
WARNING: [DRC REQP-1839] RAMB36 async control check: The RAMB36E1 udp_drive_inst/master_wrapper_inst/uiudp_stack_inst/arp_layer/mac_cache_module/mac_address_ram/U0/inst_blk_mem_gen/gnbram.gnativebmg.native_blk_mem_gen/valid.cstr/ramloop[1].ram.r/prim_init.ram/DEVICE_7SERIES.NO_BMM_INFO.TRUE_DP.SIMPLE_PRIM36.ram has an input control pin udp_drive_inst/master_wrapper_inst/uiudp_stack_inst/arp_layer/mac_cache_module/mac_address_ram/U0/inst_blk_mem_gen/gnbram.gnativebmg.native_blk_mem_gen/valid.cstr/ramloop[1].ram.r/prim_init.ram/DEVICE_7SERIES.NO_BMM_INFO.TRUE_DP.SIMPLE_PRIM36.ram/ENBWREN (net: udp_drive_inst/master_wrapper_inst/uiudp_stack_inst/arp_layer/mac_cache_module/mac_address_ram/U0/inst_blk_mem_gen/gnbram.gnativebmg.native_blk_mem_gen/valid.cstr/ramloop[1].ram.r/prim_init.ram/enb) which is driven by a register (udp_drive_inst/master_wrapper_inst/uiudp_stack_inst/arp_layer/mac_cache_module/mac_cache_flag_reg[98]) that has an active asychronous set or reset. This may cause corruption of the memory contents and/or read values when the set/reset is asserted and is not analyzed by the default static timing analysis. It is suggested to eliminate the use of a set/reset to registers driving this RAMB pin or else use a synchronous reset in which the assertion of the reset is timed by default.
WARNING: [DRC REQP-1839] RAMB36 async control check: The RAMB36E1 udp_drive_inst/master_wrapper_inst/uiudp_stack_inst/arp_layer/mac_cache_module/mac_address_ram/U0/inst_blk_mem_gen/gnbram.gnativebmg.native_blk_mem_gen/valid.cstr/ramloop[1].ram.r/prim_init.ram/DEVICE_7SERIES.NO_BMM_INFO.TRUE_DP.SIMPLE_PRIM36.ram has an input control pin udp_drive_inst/master_wrapper_inst/uiudp_stack_inst/arp_layer/mac_cache_module/mac_address_ram/U0/inst_blk_mem_gen/gnbram.gnativebmg.native_blk_mem_gen/valid.cstr/ramloop[1].ram.r/prim_init.ram/DEVICE_7SERIES.NO_BMM_INFO.TRUE_DP.SIMPLE_PRIM36.ram/ENBWREN (net: udp_drive_inst/master_wrapper_inst/uiudp_stack_inst/arp_layer/mac_cache_module/mac_address_ram/U0/inst_blk_mem_gen/gnbram.gnativebmg.native_blk_mem_gen/valid.cstr/ramloop[1].ram.r/prim_init.ram/enb) which is driven by a register (udp_drive_inst/master_wrapper_inst/uiudp_stack_inst/arp_layer/mac_cache_module/mac_cache_flag_reg[99]) that has an active asychronous set or reset. This may cause corruption of the memory contents and/or read values when the set/reset is asserted and is not analyzed by the default static timing analysis. It is suggested to eliminate the use of a set/reset to registers driving this RAMB pin or else use a synchronous reset in which the assertion of the reset is timed by default.
WARNING: [DRC REQP-1839] RAMB36 async control check: The RAMB36E1 udp_drive_inst/master_wrapper_inst/uiudp_stack_inst/arp_layer/mac_cache_module/mac_address_ram/U0/inst_blk_mem_gen/gnbram.gnativebmg.native_blk_mem_gen/valid.cstr/ramloop[1].ram.r/prim_init.ram/DEVICE_7SERIES.NO_BMM_INFO.TRUE_DP.SIMPLE_PRIM36.ram has an input control pin udp_drive_inst/master_wrapper_inst/uiudp_stack_inst/arp_layer/mac_cache_module/mac_address_ram/U0/inst_blk_mem_gen/gnbram.gnativebmg.native_blk_mem_gen/valid.cstr/ramloop[1].ram.r/prim_init.ram/DEVICE_7SERIES.NO_BMM_INFO.TRUE_DP.SIMPLE_PRIM36.ram/ENBWREN (net: udp_drive_inst/master_wrapper_inst/uiudp_stack_inst/arp_layer/mac_cache_module/mac_address_ram/U0/inst_blk_mem_gen/gnbram.gnativebmg.native_blk_mem_gen/valid.cstr/ramloop[1].ram.r/prim_init.ram/enb) which is driven by a register (udp_drive_inst/master_wrapper_inst/uiudp_stack_inst/arp_layer/mac_cache_module/mac_cache_flag_reg[9]) that has an active asychronous set or reset. This may cause corruption of the memory contents and/or read values when the set/reset is asserted and is not analyzed by the default static timing analysis. It is suggested to eliminate the use of a set/reset to registers driving this RAMB pin or else use a synchronous reset in which the assertion of the reset is timed by default.
WARNING: [DRC REQP-1840] RAMB18 async control check: The RAMB18E1 udp_drive_inst/master_wrapper_inst/uiudp_stack_inst/arp_layer/mac_cache_module/mac_address_ram/U0/inst_blk_mem_gen/gnbram.gnativebmg.native_blk_mem_gen/valid.cstr/ramloop[0].ram.r/prim_init.ram/DEVICE_7SERIES.NO_BMM_INFO.TRUE_DP.SIMPLE_PRIM18.ram has an input control pin udp_drive_inst/master_wrapper_inst/uiudp_stack_inst/arp_layer/mac_cache_module/mac_address_ram/U0/inst_blk_mem_gen/gnbram.gnativebmg.native_blk_mem_gen/valid.cstr/ramloop[0].ram.r/prim_init.ram/DEVICE_7SERIES.NO_BMM_INFO.TRUE_DP.SIMPLE_PRIM18.ram/ENBWREN (net: udp_drive_inst/master_wrapper_inst/uiudp_stack_inst/arp_layer/mac_cache_module/mac_address_ram/U0/inst_blk_mem_gen/gnbram.gnativebmg.native_blk_mem_gen/valid.cstr/ramloop[0].ram.r/prim_init.ram/enb) which is driven by a register (udp_drive_inst/master_wrapper_inst/uiudp_stack_inst/arp_layer/mac_cache_module/mac_cache_flag_reg[0]) that has an active asychronous set or reset. This may cause corruption of the memory contents and/or read values when the set/reset is asserted and is not analyzed by the default static timing analysis. It is suggested to eliminate the use of a set/reset to registers driving this RAMB pin or else use a synchronous reset in which the assertion of the reset is timed by default.
WARNING: [DRC REQP-1840] RAMB18 async control check: The RAMB18E1 udp_drive_inst/master_wrapper_inst/uiudp_stack_inst/arp_layer/mac_cache_module/mac_address_ram/U0/inst_blk_mem_gen/gnbram.gnativebmg.native_blk_mem_gen/valid.cstr/ramloop[0].ram.r/prim_init.ram/DEVICE_7SERIES.NO_BMM_INFO.TRUE_DP.SIMPLE_PRIM18.ram has an input control pin udp_drive_inst/master_wrapper_inst/uiudp_stack_inst/arp_layer/mac_cache_module/mac_address_ram/U0/inst_blk_mem_gen/gnbram.gnativebmg.native_blk_mem_gen/valid.cstr/ramloop[0].ram.r/prim_init.ram/DEVICE_7SERIES.NO_BMM_INFO.TRUE_DP.SIMPLE_PRIM18.ram/ENBWREN (net: udp_drive_inst/master_wrapper_inst/uiudp_stack_inst/arp_layer/mac_cache_module/mac_address_ram/U0/inst_blk_mem_gen/gnbram.gnativebmg.native_blk_mem_gen/valid.cstr/ramloop[0].ram.r/prim_init.ram/enb) which is driven by a register (udp_drive_inst/master_wrapper_inst/uiudp_stack_inst/arp_layer/mac_cache_module/mac_cache_flag_reg[100]) that has an active asychronous set or reset. This may cause corruption of the memory contents and/or read values when the set/reset is asserted and is not analyzed by the default static timing analysis. It is suggested to eliminate the use of a set/reset to registers driving this RAMB pin or else use a synchronous reset in which the assertion of the reset is timed by default.
WARNING: [DRC REQP-1840] RAMB18 async control check: The RAMB18E1 udp_drive_inst/master_wrapper_inst/uiudp_stack_inst/arp_layer/mac_cache_module/mac_address_ram/U0/inst_blk_mem_gen/gnbram.gnativebmg.native_blk_mem_gen/valid.cstr/ramloop[0].ram.r/prim_init.ram/DEVICE_7SERIES.NO_BMM_INFO.TRUE_DP.SIMPLE_PRIM18.ram has an input control pin udp_drive_inst/master_wrapper_inst/uiudp_stack_inst/arp_layer/mac_cache_module/mac_address_ram/U0/inst_blk_mem_gen/gnbram.gnativebmg.native_blk_mem_gen/valid.cstr/ramloop[0].ram.r/prim_init.ram/DEVICE_7SERIES.NO_BMM_INFO.TRUE_DP.SIMPLE_PRIM18.ram/ENBWREN (net: udp_drive_inst/master_wrapper_inst/uiudp_stack_inst/arp_layer/mac_cache_module/mac_address_ram/U0/inst_blk_mem_gen/gnbram.gnativebmg.native_blk_mem_gen/valid.cstr/ramloop[0].ram.r/prim_init.ram/enb) which is driven by a register (udp_drive_inst/master_wrapper_inst/uiudp_stack_inst/arp_layer/mac_cache_module/mac_cache_flag_reg[101]) that has an active asychronous set or reset. This may cause corruption of the memory contents and/or read values when the set/reset is asserted and is not analyzed by the default static timing analysis. It is suggested to eliminate the use of a set/reset to registers driving this RAMB pin or else use a synchronous reset in which the assertion of the reset is timed by default.
WARNING: [DRC REQP-1840] RAMB18 async control check: The RAMB18E1 udp_drive_inst/master_wrapper_inst/uiudp_stack_inst/arp_layer/mac_cache_module/mac_address_ram/U0/inst_blk_mem_gen/gnbram.gnativebmg.native_blk_mem_gen/valid.cstr/ramloop[0].ram.r/prim_init.ram/DEVICE_7SERIES.NO_BMM_INFO.TRUE_DP.SIMPLE_PRIM18.ram has an input control pin udp_drive_inst/master_wrapper_inst/uiudp_stack_inst/arp_layer/mac_cache_module/mac_address_ram/U0/inst_blk_mem_gen/gnbram.gnativebmg.native_blk_mem_gen/valid.cstr/ramloop[0].ram.r/prim_init.ram/DEVICE_7SERIES.NO_BMM_INFO.TRUE_DP.SIMPLE_PRIM18.ram/ENBWREN (net: udp_drive_inst/master_wrapper_inst/uiudp_stack_inst/arp_layer/mac_cache_module/mac_address_ram/U0/inst_blk_mem_gen/gnbram.gnativebmg.native_blk_mem_gen/valid.cstr/ramloop[0].ram.r/prim_init.ram/enb) which is driven by a register (udp_drive_inst/master_wrapper_inst/uiudp_stack_inst/arp_layer/mac_cache_module/mac_cache_flag_reg[102]) that has an active asychronous set or reset. This may cause corruption of the memory contents and/or read values when the set/reset is asserted and is not analyzed by the default static timing analysis. It is suggested to eliminate the use of a set/reset to registers driving this RAMB pin or else use a synchronous reset in which the assertion of the reset is timed by default.
WARNING: [DRC REQP-1840] RAMB18 async control check: The RAMB18E1 udp_drive_inst/master_wrapper_inst/uiudp_stack_inst/arp_layer/mac_cache_module/mac_address_ram/U0/inst_blk_mem_gen/gnbram.gnativebmg.native_blk_mem_gen/valid.cstr/ramloop[0].ram.r/prim_init.ram/DEVICE_7SERIES.NO_BMM_INFO.TRUE_DP.SIMPLE_PRIM18.ram has an input control pin udp_drive_inst/master_wrapper_inst/uiudp_stack_inst/arp_layer/mac_cache_module/mac_address_ram/U0/inst_blk_mem_gen/gnbram.gnativebmg.native_blk_mem_gen/valid.cstr/ramloop[0].ram.r/prim_init.ram/DEVICE_7SERIES.NO_BMM_INFO.TRUE_DP.SIMPLE_PRIM18.ram/ENBWREN (net: udp_drive_inst/master_wrapper_inst/uiudp_stack_inst/arp_layer/mac_cache_module/mac_address_ram/U0/inst_blk_mem_gen/gnbram.gnativebmg.native_blk_mem_gen/valid.cstr/ramloop[0].ram.r/prim_init.ram/enb) which is driven by a register (udp_drive_inst/master_wrapper_inst/uiudp_stack_inst/arp_layer/mac_cache_module/mac_cache_flag_reg[103]) that has an active asychronous set or reset. This may cause corruption of the memory contents and/or read values when the set/reset is asserted and is not analyzed by the default static timing analysis. It is suggested to eliminate the use of a set/reset to registers driving this RAMB pin or else use a synchronous reset in which the assertion of the reset is timed by default.
WARNING: [DRC REQP-1840] RAMB18 async control check: The RAMB18E1 udp_drive_inst/master_wrapper_inst/uiudp_stack_inst/arp_layer/mac_cache_module/mac_address_ram/U0/inst_blk_mem_gen/gnbram.gnativebmg.native_blk_mem_gen/valid.cstr/ramloop[0].ram.r/prim_init.ram/DEVICE_7SERIES.NO_BMM_INFO.TRUE_DP.SIMPLE_PRIM18.ram has an input control pin udp_drive_inst/master_wrapper_inst/uiudp_stack_inst/arp_layer/mac_cache_module/mac_address_ram/U0/inst_blk_mem_gen/gnbram.gnativebmg.native_blk_mem_gen/valid.cstr/ramloop[0].ram.r/prim_init.ram/DEVICE_7SERIES.NO_BMM_INFO.TRUE_DP.SIMPLE_PRIM18.ram/ENBWREN (net: udp_drive_inst/master_wrapper_inst/uiudp_stack_inst/arp_layer/mac_cache_module/mac_address_ram/U0/inst_blk_mem_gen/gnbram.gnativebmg.native_blk_mem_gen/valid.cstr/ramloop[0].ram.r/prim_init.ram/enb) which is driven by a register (udp_drive_inst/master_wrapper_inst/uiudp_stack_inst/arp_layer/mac_cache_module/mac_cache_flag_reg[104]) that has an active asychronous set or reset. This may cause corruption of the memory contents and/or read values when the set/reset is asserted and is not analyzed by the default static timing analysis. It is suggested to eliminate the use of a set/reset to registers driving this RAMB pin or else use a synchronous reset in which the assertion of the reset is timed by default.
WARNING: [DRC REQP-1840] RAMB18 async control check: The RAMB18E1 udp_drive_inst/master_wrapper_inst/uiudp_stack_inst/arp_layer/mac_cache_module/mac_address_ram/U0/inst_blk_mem_gen/gnbram.gnativebmg.native_blk_mem_gen/valid.cstr/ramloop[0].ram.r/prim_init.ram/DEVICE_7SERIES.NO_BMM_INFO.TRUE_DP.SIMPLE_PRIM18.ram has an input control pin udp_drive_inst/master_wrapper_inst/uiudp_stack_inst/arp_layer/mac_cache_module/mac_address_ram/U0/inst_blk_mem_gen/gnbram.gnativebmg.native_blk_mem_gen/valid.cstr/ramloop[0].ram.r/prim_init.ram/DEVICE_7SERIES.NO_BMM_INFO.TRUE_DP.SIMPLE_PRIM18.ram/ENBWREN (net: udp_drive_inst/master_wrapper_inst/uiudp_stack_inst/arp_layer/mac_cache_module/mac_address_ram/U0/inst_blk_mem_gen/gnbram.gnativebmg.native_blk_mem_gen/valid.cstr/ramloop[0].ram.r/prim_init.ram/enb) which is driven by a register (udp_drive_inst/master_wrapper_inst/uiudp_stack_inst/arp_layer/mac_cache_module/mac_cache_flag_reg[105]) that has an active asychronous set or reset. This may cause corruption of the memory contents and/or read values when the set/reset is asserted and is not analyzed by the default static timing analysis. It is suggested to eliminate the use of a set/reset to registers driving this RAMB pin or else use a synchronous reset in which the assertion of the reset is timed by default.
WARNING: [DRC REQP-1840] RAMB18 async control check: The RAMB18E1 udp_drive_inst/master_wrapper_inst/uiudp_stack_inst/arp_layer/mac_cache_module/mac_address_ram/U0/inst_blk_mem_gen/gnbram.gnativebmg.native_blk_mem_gen/valid.cstr/ramloop[0].ram.r/prim_init.ram/DEVICE_7SERIES.NO_BMM_INFO.TRUE_DP.SIMPLE_PRIM18.ram has an input control pin udp_drive_inst/master_wrapper_inst/uiudp_stack_inst/arp_layer/mac_cache_module/mac_address_ram/U0/inst_blk_mem_gen/gnbram.gnativebmg.native_blk_mem_gen/valid.cstr/ramloop[0].ram.r/prim_init.ram/DEVICE_7SERIES.NO_BMM_INFO.TRUE_DP.SIMPLE_PRIM18.ram/ENBWREN (net: udp_drive_inst/master_wrapper_inst/uiudp_stack_inst/arp_layer/mac_cache_module/mac_address_ram/U0/inst_blk_mem_gen/gnbram.gnativebmg.native_blk_mem_gen/valid.cstr/ramloop[0].ram.r/prim_init.ram/enb) which is driven by a register (udp_drive_inst/master_wrapper_inst/uiudp_stack_inst/arp_layer/mac_cache_module/mac_cache_flag_reg[89]) that has an active asychronous set or reset. This may cause corruption of the memory contents and/or read values when the set/reset is asserted and is not analyzed by the default static timing analysis. It is suggested to eliminate the use of a set/reset to registers driving this RAMB pin or else use a synchronous reset in which the assertion of the reset is timed by default.
WARNING: [DRC REQP-1840] RAMB18 async control check: The RAMB18E1 udp_drive_inst/master_wrapper_inst/uiudp_stack_inst/arp_layer/mac_cache_module/mac_address_ram/U0/inst_blk_mem_gen/gnbram.gnativebmg.native_blk_mem_gen/valid.cstr/ramloop[0].ram.r/prim_init.ram/DEVICE_7SERIES.NO_BMM_INFO.TRUE_DP.SIMPLE_PRIM18.ram has an input control pin udp_drive_inst/master_wrapper_inst/uiudp_stack_inst/arp_layer/mac_cache_module/mac_address_ram/U0/inst_blk_mem_gen/gnbram.gnativebmg.native_blk_mem_gen/valid.cstr/ramloop[0].ram.r/prim_init.ram/DEVICE_7SERIES.NO_BMM_INFO.TRUE_DP.SIMPLE_PRIM18.ram/ENBWREN (net: udp_drive_inst/master_wrapper_inst/uiudp_stack_inst/arp_layer/mac_cache_module/mac_address_ram/U0/inst_blk_mem_gen/gnbram.gnativebmg.native_blk_mem_gen/valid.cstr/ramloop[0].ram.r/prim_init.ram/enb) which is driven by a register (udp_drive_inst/master_wrapper_inst/uiudp_stack_inst/arp_layer/mac_cache_module/mac_cache_flag_reg[8]) that has an active asychronous set or reset. This may cause corruption of the memory contents and/or read values when the set/reset is asserted and is not analyzed by the default static timing analysis. It is suggested to eliminate the use of a set/reset to registers driving this RAMB pin or else use a synchronous reset in which the assertion of the reset is timed by default.
WARNING: [DRC REQP-1840] RAMB18 async control check: The RAMB18E1 udp_drive_inst/master_wrapper_inst/uiudp_stack_inst/arp_layer/mac_cache_module/mac_address_ram/U0/inst_blk_mem_gen/gnbram.gnativebmg.native_blk_mem_gen/valid.cstr/ramloop[0].ram.r/prim_init.ram/DEVICE_7SERIES.NO_BMM_INFO.TRUE_DP.SIMPLE_PRIM18.ram has an input control pin udp_drive_inst/master_wrapper_inst/uiudp_stack_inst/arp_layer/mac_cache_module/mac_address_ram/U0/inst_blk_mem_gen/gnbram.gnativebmg.native_blk_mem_gen/valid.cstr/ramloop[0].ram.r/prim_init.ram/DEVICE_7SERIES.NO_BMM_INFO.TRUE_DP.SIMPLE_PRIM18.ram/ENBWREN (net: udp_drive_inst/master_wrapper_inst/uiudp_stack_inst/arp_layer/mac_cache_module/mac_address_ram/U0/inst_blk_mem_gen/gnbram.gnativebmg.native_blk_mem_gen/valid.cstr/ramloop[0].ram.r/prim_init.ram/enb) which is driven by a register (udp_drive_inst/master_wrapper_inst/uiudp_stack_inst/arp_layer/mac_cache_module/mac_cache_flag_reg[90]) that has an active asychronous set or reset. This may cause corruption of the memory contents and/or read values when the set/reset is asserted and is not analyzed by the default static timing analysis. It is suggested to eliminate the use of a set/reset to registers driving this RAMB pin or else use a synchronous reset in which the assertion of the reset is timed by default.
WARNING: [DRC REQP-1840] RAMB18 async control check: The RAMB18E1 udp_drive_inst/master_wrapper_inst/uiudp_stack_inst/arp_layer/mac_cache_module/mac_address_ram/U0/inst_blk_mem_gen/gnbram.gnativebmg.native_blk_mem_gen/valid.cstr/ramloop[0].ram.r/prim_init.ram/DEVICE_7SERIES.NO_BMM_INFO.TRUE_DP.SIMPLE_PRIM18.ram has an input control pin udp_drive_inst/master_wrapper_inst/uiudp_stack_inst/arp_layer/mac_cache_module/mac_address_ram/U0/inst_blk_mem_gen/gnbram.gnativebmg.native_blk_mem_gen/valid.cstr/ramloop[0].ram.r/prim_init.ram/DEVICE_7SERIES.NO_BMM_INFO.TRUE_DP.SIMPLE_PRIM18.ram/ENBWREN (net: udp_drive_inst/master_wrapper_inst/uiudp_stack_inst/arp_layer/mac_cache_module/mac_address_ram/U0/inst_blk_mem_gen/gnbram.gnativebmg.native_blk_mem_gen/valid.cstr/ramloop[0].ram.r/prim_init.ram/enb) which is driven by a register (udp_drive_inst/master_wrapper_inst/uiudp_stack_inst/arp_layer/mac_cache_module/mac_cache_flag_reg[91]) that has an active asychronous set or reset. This may cause corruption of the memory contents and/or read values when the set/reset is asserted and is not analyzed by the default static timing analysis. It is suggested to eliminate the use of a set/reset to registers driving this RAMB pin or else use a synchronous reset in which the assertion of the reset is timed by default.
WARNING: [DRC REQP-1840] RAMB18 async control check: The RAMB18E1 udp_drive_inst/master_wrapper_inst/uiudp_stack_inst/arp_layer/mac_cache_module/mac_address_ram/U0/inst_blk_mem_gen/gnbram.gnativebmg.native_blk_mem_gen/valid.cstr/ramloop[0].ram.r/prim_init.ram/DEVICE_7SERIES.NO_BMM_INFO.TRUE_DP.SIMPLE_PRIM18.ram has an input control pin udp_drive_inst/master_wrapper_inst/uiudp_stack_inst/arp_layer/mac_cache_module/mac_address_ram/U0/inst_blk_mem_gen/gnbram.gnativebmg.native_blk_mem_gen/valid.cstr/ramloop[0].ram.r/prim_init.ram/DEVICE_7SERIES.NO_BMM_INFO.TRUE_DP.SIMPLE_PRIM18.ram/ENBWREN (net: udp_drive_inst/master_wrapper_inst/uiudp_stack_inst/arp_layer/mac_cache_module/mac_address_ram/U0/inst_blk_mem_gen/gnbram.gnativebmg.native_blk_mem_gen/valid.cstr/ramloop[0].ram.r/prim_init.ram/enb) which is driven by a register (udp_drive_inst/master_wrapper_inst/uiudp_stack_inst/arp_layer/mac_cache_module/mac_cache_flag_reg[92]) that has an active asychronous set or reset. This may cause corruption of the memory contents and/or read values when the set/reset is asserted and is not analyzed by the default static timing analysis. It is suggested to eliminate the use of a set/reset to registers driving this RAMB pin or else use a synchronous reset in which the assertion of the reset is timed by default.
WARNING: [DRC REQP-1840] RAMB18 async control check: The RAMB18E1 udp_drive_inst/master_wrapper_inst/uiudp_stack_inst/arp_layer/mac_cache_module/mac_address_ram/U0/inst_blk_mem_gen/gnbram.gnativebmg.native_blk_mem_gen/valid.cstr/ramloop[0].ram.r/prim_init.ram/DEVICE_7SERIES.NO_BMM_INFO.TRUE_DP.SIMPLE_PRIM18.ram has an input control pin udp_drive_inst/master_wrapper_inst/uiudp_stack_inst/arp_layer/mac_cache_module/mac_address_ram/U0/inst_blk_mem_gen/gnbram.gnativebmg.native_blk_mem_gen/valid.cstr/ramloop[0].ram.r/prim_init.ram/DEVICE_7SERIES.NO_BMM_INFO.TRUE_DP.SIMPLE_PRIM18.ram/ENBWREN (net: udp_drive_inst/master_wrapper_inst/uiudp_stack_inst/arp_layer/mac_cache_module/mac_address_ram/U0/inst_blk_mem_gen/gnbram.gnativebmg.native_blk_mem_gen/valid.cstr/ramloop[0].ram.r/prim_init.ram/enb) which is driven by a register (udp_drive_inst/master_wrapper_inst/uiudp_stack_inst/arp_layer/mac_cache_module/mac_cache_flag_reg[93]) that has an active asychronous set or reset. This may cause corruption of the memory contents and/or read values when the set/reset is asserted and is not analyzed by the default static timing analysis. It is suggested to eliminate the use of a set/reset to registers driving this RAMB pin or else use a synchronous reset in which the assertion of the reset is timed by default.
WARNING: [DRC REQP-1840] RAMB18 async control check: The RAMB18E1 udp_drive_inst/master_wrapper_inst/uiudp_stack_inst/arp_layer/mac_cache_module/mac_address_ram/U0/inst_blk_mem_gen/gnbram.gnativebmg.native_blk_mem_gen/valid.cstr/ramloop[0].ram.r/prim_init.ram/DEVICE_7SERIES.NO_BMM_INFO.TRUE_DP.SIMPLE_PRIM18.ram has an input control pin udp_drive_inst/master_wrapper_inst/uiudp_stack_inst/arp_layer/mac_cache_module/mac_address_ram/U0/inst_blk_mem_gen/gnbram.gnativebmg.native_blk_mem_gen/valid.cstr/ramloop[0].ram.r/prim_init.ram/DEVICE_7SERIES.NO_BMM_INFO.TRUE_DP.SIMPLE_PRIM18.ram/ENBWREN (net: udp_drive_inst/master_wrapper_inst/uiudp_stack_inst/arp_layer/mac_cache_module/mac_address_ram/U0/inst_blk_mem_gen/gnbram.gnativebmg.native_blk_mem_gen/valid.cstr/ramloop[0].ram.r/prim_init.ram/enb) which is driven by a register (udp_drive_inst/master_wrapper_inst/uiudp_stack_inst/arp_layer/mac_cache_module/mac_cache_flag_reg[94]) that has an active asychronous set or reset. This may cause corruption of the memory contents and/or read values when the set/reset is asserted and is not analyzed by the default static timing analysis. It is suggested to eliminate the use of a set/reset to registers driving this RAMB pin or else use a synchronous reset in which the assertion of the reset is timed by default.
WARNING: [DRC REQP-1840] RAMB18 async control check: The RAMB18E1 udp_drive_inst/master_wrapper_inst/uiudp_stack_inst/arp_layer/mac_cache_module/mac_address_ram/U0/inst_blk_mem_gen/gnbram.gnativebmg.native_blk_mem_gen/valid.cstr/ramloop[0].ram.r/prim_init.ram/DEVICE_7SERIES.NO_BMM_INFO.TRUE_DP.SIMPLE_PRIM18.ram has an input control pin udp_drive_inst/master_wrapper_inst/uiudp_stack_inst/arp_layer/mac_cache_module/mac_address_ram/U0/inst_blk_mem_gen/gnbram.gnativebmg.native_blk_mem_gen/valid.cstr/ramloop[0].ram.r/prim_init.ram/DEVICE_7SERIES.NO_BMM_INFO.TRUE_DP.SIMPLE_PRIM18.ram/ENBWREN (net: udp_drive_inst/master_wrapper_inst/uiudp_stack_inst/arp_layer/mac_cache_module/mac_address_ram/U0/inst_blk_mem_gen/gnbram.gnativebmg.native_blk_mem_gen/valid.cstr/ramloop[0].ram.r/prim_init.ram/enb) which is driven by a register (udp_drive_inst/master_wrapper_inst/uiudp_stack_inst/arp_layer/mac_cache_module/mac_cache_flag_reg[95]) that has an active asychronous set or reset. This may cause corruption of the memory contents and/or read values when the set/reset is asserted and is not analyzed by the default static timing analysis. It is suggested to eliminate the use of a set/reset to registers driving this RAMB pin or else use a synchronous reset in which the assertion of the reset is timed by default.
WARNING: [DRC REQP-1840] RAMB18 async control check: The RAMB18E1 udp_drive_inst/master_wrapper_inst/uiudp_stack_inst/arp_layer/mac_cache_module/mac_address_ram/U0/inst_blk_mem_gen/gnbram.gnativebmg.native_blk_mem_gen/valid.cstr/ramloop[0].ram.r/prim_init.ram/DEVICE_7SERIES.NO_BMM_INFO.TRUE_DP.SIMPLE_PRIM18.ram has an input control pin udp_drive_inst/master_wrapper_inst/uiudp_stack_inst/arp_layer/mac_cache_module/mac_address_ram/U0/inst_blk_mem_gen/gnbram.gnativebmg.native_blk_mem_gen/valid.cstr/ramloop[0].ram.r/prim_init.ram/DEVICE_7SERIES.NO_BMM_INFO.TRUE_DP.SIMPLE_PRIM18.ram/ENBWREN (net: udp_drive_inst/master_wrapper_inst/uiudp_stack_inst/arp_layer/mac_cache_module/mac_address_ram/U0/inst_blk_mem_gen/gnbram.gnativebmg.native_blk_mem_gen/valid.cstr/ramloop[0].ram.r/prim_init.ram/enb) which is driven by a register (udp_drive_inst/master_wrapper_inst/uiudp_stack_inst/arp_layer/mac_cache_module/mac_cache_flag_reg[96]) that has an active asychronous set or reset. This may cause corruption of the memory contents and/or read values when the set/reset is asserted and is not analyzed by the default static timing analysis. It is suggested to eliminate the use of a set/reset to registers driving this RAMB pin or else use a synchronous reset in which the assertion of the reset is timed by default.
WARNING: [DRC REQP-1840] RAMB18 async control check: The RAMB18E1 udp_drive_inst/master_wrapper_inst/uiudp_stack_inst/arp_layer/mac_cache_module/mac_address_ram/U0/inst_blk_mem_gen/gnbram.gnativebmg.native_blk_mem_gen/valid.cstr/ramloop[0].ram.r/prim_init.ram/DEVICE_7SERIES.NO_BMM_INFO.TRUE_DP.SIMPLE_PRIM18.ram has an input control pin udp_drive_inst/master_wrapper_inst/uiudp_stack_inst/arp_layer/mac_cache_module/mac_address_ram/U0/inst_blk_mem_gen/gnbram.gnativebmg.native_blk_mem_gen/valid.cstr/ramloop[0].ram.r/prim_init.ram/DEVICE_7SERIES.NO_BMM_INFO.TRUE_DP.SIMPLE_PRIM18.ram/ENBWREN (net: udp_drive_inst/master_wrapper_inst/uiudp_stack_inst/arp_layer/mac_cache_module/mac_address_ram/U0/inst_blk_mem_gen/gnbram.gnativebmg.native_blk_mem_gen/valid.cstr/ramloop[0].ram.r/prim_init.ram/enb) which is driven by a register (udp_drive_inst/master_wrapper_inst/uiudp_stack_inst/arp_layer/mac_cache_module/mac_cache_flag_reg[97]) that has an active asychronous set or reset. This may cause corruption of the memory contents and/or read values when the set/reset is asserted and is not analyzed by the default static timing analysis. It is suggested to eliminate the use of a set/reset to registers driving this RAMB pin or else use a synchronous reset in which the assertion of the reset is timed by default.
WARNING: [DRC REQP-1840] RAMB18 async control check: The RAMB18E1 udp_drive_inst/master_wrapper_inst/uiudp_stack_inst/arp_layer/mac_cache_module/mac_address_ram/U0/inst_blk_mem_gen/gnbram.gnativebmg.native_blk_mem_gen/valid.cstr/ramloop[0].ram.r/prim_init.ram/DEVICE_7SERIES.NO_BMM_INFO.TRUE_DP.SIMPLE_PRIM18.ram has an input control pin udp_drive_inst/master_wrapper_inst/uiudp_stack_inst/arp_layer/mac_cache_module/mac_address_ram/U0/inst_blk_mem_gen/gnbram.gnativebmg.native_blk_mem_gen/valid.cstr/ramloop[0].ram.r/prim_init.ram/DEVICE_7SERIES.NO_BMM_INFO.TRUE_DP.SIMPLE_PRIM18.ram/ENBWREN (net: udp_drive_inst/master_wrapper_inst/uiudp_stack_inst/arp_layer/mac_cache_module/mac_address_ram/U0/inst_blk_mem_gen/gnbram.gnativebmg.native_blk_mem_gen/valid.cstr/ramloop[0].ram.r/prim_init.ram/enb) which is driven by a register (udp_drive_inst/master_wrapper_inst/uiudp_stack_inst/arp_layer/mac_cache_module/mac_cache_flag_reg[98]) that has an active asychronous set or reset. This may cause corruption of the memory contents and/or read values when the set/reset is asserted and is not analyzed by the default static timing analysis. It is suggested to eliminate the use of a set/reset to registers driving this RAMB pin or else use a synchronous reset in which the assertion of the reset is timed by default.
WARNING: [DRC REQP-1840] RAMB18 async control check: The RAMB18E1 udp_drive_inst/master_wrapper_inst/uiudp_stack_inst/arp_layer/mac_cache_module/mac_address_ram/U0/inst_blk_mem_gen/gnbram.gnativebmg.native_blk_mem_gen/valid.cstr/ramloop[0].ram.r/prim_init.ram/DEVICE_7SERIES.NO_BMM_INFO.TRUE_DP.SIMPLE_PRIM18.ram has an input control pin udp_drive_inst/master_wrapper_inst/uiudp_stack_inst/arp_layer/mac_cache_module/mac_address_ram/U0/inst_blk_mem_gen/gnbram.gnativebmg.native_blk_mem_gen/valid.cstr/ramloop[0].ram.r/prim_init.ram/DEVICE_7SERIES.NO_BMM_INFO.TRUE_DP.SIMPLE_PRIM18.ram/ENBWREN (net: udp_drive_inst/master_wrapper_inst/uiudp_stack_inst/arp_layer/mac_cache_module/mac_address_ram/U0/inst_blk_mem_gen/gnbram.gnativebmg.native_blk_mem_gen/valid.cstr/ramloop[0].ram.r/prim_init.ram/enb) which is driven by a register (udp_drive_inst/master_wrapper_inst/uiudp_stack_inst/arp_layer/mac_cache_module/mac_cache_flag_reg[99]) that has an active asychronous set or reset. This may cause corruption of the memory contents and/or read values when the set/reset is asserted and is not analyzed by the default static timing analysis. It is suggested to eliminate the use of a set/reset to registers driving this RAMB pin or else use a synchronous reset in which the assertion of the reset is timed by default.
WARNING: [DRC REQP-1840] RAMB18 async control check: The RAMB18E1 udp_drive_inst/master_wrapper_inst/uiudp_stack_inst/arp_layer/mac_cache_module/mac_address_ram/U0/inst_blk_mem_gen/gnbram.gnativebmg.native_blk_mem_gen/valid.cstr/ramloop[0].ram.r/prim_init.ram/DEVICE_7SERIES.NO_BMM_INFO.TRUE_DP.SIMPLE_PRIM18.ram has an input control pin udp_drive_inst/master_wrapper_inst/uiudp_stack_inst/arp_layer/mac_cache_module/mac_address_ram/U0/inst_blk_mem_gen/gnbram.gnativebmg.native_blk_mem_gen/valid.cstr/ramloop[0].ram.r/prim_init.ram/DEVICE_7SERIES.NO_BMM_INFO.TRUE_DP.SIMPLE_PRIM18.ram/ENBWREN (net: udp_drive_inst/master_wrapper_inst/uiudp_stack_inst/arp_layer/mac_cache_module/mac_address_ram/U0/inst_blk_mem_gen/gnbram.gnativebmg.native_blk_mem_gen/valid.cstr/ramloop[0].ram.r/prim_init.ram/enb) which is driven by a register (udp_drive_inst/master_wrapper_inst/uiudp_stack_inst/arp_layer/mac_cache_module/mac_cache_flag_reg[9]) that has an active asychronous set or reset. This may cause corruption of the memory contents and/or read values when the set/reset is asserted and is not analyzed by the default static timing analysis. It is suggested to eliminate the use of a set/reset to registers driving this RAMB pin or else use a synchronous reset in which the assertion of the reset is timed by default.
WARNING: [DRC RTSTAT-10] No routable loads: 146 net(s) have no routable loads. The problem bus(es) and/or net(s) are ddr3_cache_module_inst/fifo_ddr3_rd_inst/U0/inst_fifo_gen/gconvfifo.rf/grf.rf/gntv_or_sync_fifo.gl0.rd/gr1.gr1_int.rfwft/aempty_fwft_i, Unix_Epoch_module/Unix_Epoch_cov_sys_clk_inst/U0/inst_fifo_gen/gconvfifo.rf/grf.rf/gntv_or_sync_fifo.gl0.rd/gr1.gr1_int.rfwft/aempty_fwft_i, ddr3_cache_module_inst/w_ddr3_fifo_rd_cache_prog_empty_cov_ddr3_clk/U0/inst_fifo_gen/gconvfifo.rf/grf.rf/gntv_or_sync_fifo.gl0.rd/gr1.gr1_int.rfwft/aempty_fwft_i, cmd_cov_module_inst/uart_fifo_rst/U0/inst_fifo_gen/gconvfifo.rf/grf.rf/gntv_or_sync_fifo.gl0.rd/gr1.gr1_int.rfwft/aempty_fwft_i, ws2812b_module_inst/user_cmd_cov_ws2812b_clk_inst/U0/inst_fifo_gen/gconvfifo.rf/grf.rf/gntv_or_sync_fifo.gl0.rd/gr1.gr1_int.rfwft/aempty_fwft_i, mclk_rst_module_inst/mclk_rst_cov_400k_rst/U0/inst_fifo_gen/gconvfifo.rf/grf.rf/gntv_or_sync_fifo.gl0.rd/gr1.gr1_int.rfwft/aempty_fwft_i, smg_module_inst/user_cmd_data_cov_smg_clk/U0/inst_fifo_gen/gconvfifo.rf/grf.rf/gntv_or_sync_fifo.gl0.rd/gr1.gr1_int.rfwft/aempty_fwft_i, mclk_rst_module_inst/mclk_rst_cov_25M_rst/U0/inst_fifo_gen/gconvfifo.rf/grf.rf/gntv_or_sync_fifo.gl0.rd/gr1.gr1_int.rfwft/aempty_fwft_i, smg_module_inst/smg_cmd_data_cov_smg_clk/U0/inst_fifo_gen/gconvfifo.rf/grf.rf/gntv_or_sync_fifo.gl0.rd/gr1.gr1_int.rfwft/aempty_fwft_i, mclk_rst_module_inst/mclk_rst_cov_1k_rst/U0/inst_fifo_gen/gconvfifo.rf/grf.rf/gntv_or_sync_fifo.gl0.rd/gr1.gr1_int.rfwft/aempty_fwft_i, eeprom_module_inst_1/user_cmd_cov_iic_clk_inst/U0/inst_fifo_gen/gconvfifo.rf/grf.rf/gntv_or_sync_fifo.gl0.rd/gr1.gr1_int.rfwft/aempty_fwft_i, test_data_generator_module_inst/fifo_bits_cov_inst/U0/inst_fifo_gen/gconvfifo.rf/grf.rf/gntv_or_sync_fifo.gl0.rd/gr1.gr1_int.rfwft/aempty_fwft_i, mclk_rst_module_inst/mclk_rst_cov_50M_rst/U0/inst_fifo_gen/gconvfifo.rf/grf.rf/gntv_or_sync_fifo.gl0.rd/gr1.gr1_int.rfwft/aempty_fwft_i, udp_drive_inst/udp_64x4096_fifo_inst/fifo_72x512_inst/U0/inst_fifo_gen/gconvfifo.rf/grf.rf/gntv_or_sync_fifo.gl0.rd/gr1.gr1_int.rfwft/aempty_fwft_i, mclk_rst_module_inst/mclk_rst_cov_125M_rst/U0/inst_fifo_gen/gconvfifo.rf/grf.rf/gntv_or_sync_fifo.gl0.rd/gr1.gr1_int.rfwft/aempty_fwft_i... and (the first 15 of 144 listed).
INFO: [DRC REQP-181] writefirst: Synchronous clocking is detected for BRAM (udp_drive_inst/master_wrapper_inst/uiudp_stack_inst/ip_layer/icmp_echo_data_ram/U0/inst_blk_mem_gen/gnbram.gnativebmg.native_blk_mem_gen/valid.cstr/ramloop[0].ram.r/prim_noinit.ram/DEVICE_7SERIES.NO_BMM_INFO.SDP.WIDE_PRIM36_NO_ECC.ram) in SDP mode with WRITE_FIRST write-mode. This is the preferred mode for best power characteristics, however it may exhibit address collisions if the same address appears on both read and write ports resulting in unknown or corrupted read data. It is suggested to confirm via simulation that an address collision never occurs and if so it is suggested to try and avoid this situation. If address collisions cannot be avoided, the write-mode may be set to READ_FIRST which guarantees that the read data is the prior contents of the memory at the cost of additional power in the design. See the FPGA Memory Resources User Guide for additional information.
INFO: [Vivado 12-3199] DRC finished with 0 Errors, 58 Warnings, 1 Advisories
INFO: [Vivado 12-3200] Please refer to the DRC report (report_drc) for more information.
INFO: [Designutils 20-2272] Running write_bitstream with 2 threads.
Loading data files...
Loading site data...
Loading route data...
Processing options...
Creating bitmap...
Creating bitstream...
Bitstream compression saved 51020864 bits.
Writing bitstream ./top.bit...
Writing bitstream ./top.bin...
INFO: [Vivado 12-1842] Bitgen Completed Successfully.
INFO: [Project 1-120] WebTalk data collection is mandatory when using a WebPACK part without a full Vivado license. To see the specific WebTalk data collected for your design, open the usage_statistics_webtalk.html or usage_statistics_webtalk.xml file in the implementation directory.
INFO: [Common 17-83] Releasing license: Implementation
17 Infos, 58 Warnings, 0 Critical Warnings and 0 Errors encountered.
write_bitstream completed successfully
write_bitstream: Time (s): cpu = 00:00:39 ; elapsed = 00:00:35 . Memory (MB): peak = 3266.750 ; gain = 567.086
INFO: [Common 17-206] Exiting Vivado at Fri Sep 18 12:44:49 2026...
