Copyright 1986-2020 Xilinx, Inc. All Rights Reserved.
-------------------------------------------------------------------------------------------------
| Tool Version              : Vivado v.2020.2 (win64) Build 3064766 Wed Nov 18 09:12:45 MST 2020
| Date                      : Sun Sep 20 19:02:19 2026
| Host                      : LXY running 64-bit major release  (build 9200)
| Command                   : report_io -file top_io_placed.rpt
| Design                    : top
| Device                    : xc7a200t
| Speed File                : -2
| Package                   : fbg484
| Package Version           : FINAL 2012-11-08
| Package Pin Delay Version : VERS. 2.0 2012-11-08
-------------------------------------------------------------------------------------------------

IO Information

Table of Contents
-----------------
1. Summary
2. IO Assignments by Package Pin

1. Summary
----------

+---------------+
| Total User IO |
+---------------+
|           265 |
+---------------+


2. IO Assignments by Package Pin
--------------------------------

+------------+-------------------+------------+------------------------------+---------------+-------------+---------+------------+------+---------------------+----------------------+---------+------------+-----------+----------+----------+------------------+--------------+-------------------+--------------+
| Pin Number | Signal Name       | Bank Type  | Pin Name                     | Use           | IO Standard | IO Bank | Drive (mA) | Slew | On-Chip Termination | Off-Chip Termination | Voltage | Constraint | Pull Type | DQS Bias | Vref     | Signal Integrity | Pre Emphasis | Lvds Pre Emphasis | Equalization |
+------------+-------------------+------------+------------------------------+---------------+-------------+---------+------------+------+---------------------+----------------------+---------+------------+-----------+----------+----------+------------------+--------------+-------------------+--------------+
| A1         | io_FMC_LA_n[3]    | High Range | IO_L1N_T0_AD4N_35            | TRISTATE      | LVCMOS25    |      35 |         12 | SLOW |                     |            FP_VTT_50 |         | FIXED      |           |          |          | NONE             |              |                   |              |
| A2         |                   |            | GND                          | GND           |             |         |            |      |                     |                      |     0.0 |            |           |          |          |                  |              |                   |              |
| A3         |                   |            | GND                          | GND           |             |         |            |      |                     |                      |     0.0 |            |           |          |          |                  |              |                   |              |
| A4         |                   |            | MGTPTXN0_216                 | Gigabit       |             |         |            |      |                     |                      |         |            |           |          |          |                  |              |                   |              |
| A5         |                   |            | GND                          | GND           |             |         |            |      |                     |                      |     0.0 |            |           |          |          |                  |              |                   |              |
| A6         |                   |            | MGTPTXN2_216                 | Gigabit       |             |         |            |      |                     |                      |         |            |           |          |          |                  |              |                   |              |
| A7         |                   |            | GND                          | GND           |             |         |            |      |                     |                      |     0.0 |            |           |          |          |                  |              |                   |              |
| A8         |                   |            | MGTPRXN0_216                 | Gigabit       |             |         |            |      |                     |                      |         |            |           |          |          |                  |              |                   |              |
| A9         |                   |            | GND                          | GND           |             |         |            |      |                     |                      |     0.0 |            |           |          |          |                  |              |                   |              |
| A10        |                   |            | MGTPRXN2_216                 | Gigabit       |             |         |            |      |                     |                      |         |            |           |          |          |                  |              |                   |              |
| A11        |                   |            | GND                          | GND           |             |         |            |      |                     |                      |     0.0 |            |           |          |          |                  |              |                   |              |
| A12        |                   |            | GND                          | GND           |             |         |            |      |                     |                      |     0.0 |            |           |          |          |                  |              |                   |              |
| A13        | ddr3_dq[0]        | High Range | IO_L10P_T1_16                | BIDIR         | SSTL15      |      16 |            | FAST |    UNTUNED_SPLIT_50 |            FP_VTT_50 |         | FIXED      |           |          | External | NONE             |              |                   |              |
| A14        | ddr3_dq[3]        | High Range | IO_L10N_T1_16                | BIDIR         | SSTL15      |      16 |            | FAST |    UNTUNED_SPLIT_50 |            FP_VTT_50 |         | FIXED      |           |          | External | NONE             |              |                   |              |
| A15        | ddr3_dqs_p[0]     | High Range | IO_L9P_T1_DQS_16             | BIDIR         | DIFF_SSTL15 |      16 |            | FAST |                     |            FP_VTT_50 |         | FIXED      |           |          |          | NONE             |              |                   |              |
| A16        | ddr3_dqs_n[0]     | High Range | IO_L9N_T1_DQS_16             | BIDIR         | DIFF_SSTL15 |      16 |            | FAST |                     |            FP_VTT_50 |         | FIXED      |           |          |          | NONE             |              |                   |              |
| A17        |                   | High Range | VCCO_16                      | VCCO          |             |      16 |            |      |                     |                      |    1.50 |            |           |          |          |                  |              |                   |              |
| A18        | ddr3_dq[28]       | High Range | IO_L17P_T2_16                | BIDIR         | SSTL15      |      16 |            | FAST |    UNTUNED_SPLIT_50 |            FP_VTT_50 |         | FIXED      |           |          | External | NONE             |              |                   |              |
| A19        | ddr3_dq[25]       | High Range | IO_L17N_T2_16                | BIDIR         | SSTL15      |      16 |            | FAST |    UNTUNED_SPLIT_50 |            FP_VTT_50 |         | FIXED      |           |          | External | NONE             |              |                   |              |
| A20        | ddr3_dq[24]       | High Range | IO_L16N_T2_16                | BIDIR         | SSTL15      |      16 |            | FAST |    UNTUNED_SPLIT_50 |            FP_VTT_50 |         | FIXED      |           |          | External | NONE             |              |                   |              |
| A21        | ddr3_dqs_n[2]     | High Range | IO_L21N_T3_DQS_16            | BIDIR         | DIFF_SSTL15 |      16 |            | FAST |                     |            FP_VTT_50 |         | FIXED      |           |          |          | NONE             |              |                   |              |
| A22        |                   |            | GND                          | GND           |             |         |            |      |                     |                      |     0.0 |            |           |          |          |                  |              |                   |              |
| AA1        | io_FMC_LA_p[27]   | High Range | IO_L7P_T1_34                 | TRISTATE      | LVCMOS25    |      34 |         12 | SLOW |                     |            FP_VTT_50 |         | FIXED      |           |          |          | NONE             |              |                   |              |
| AA2        |                   |            | GND                          | GND           |             |         |            |      |                     |                      |     0.0 |            |           |          |          |                  |              |                   |              |
| AA3        | io_FMC_LA_n[25]   | High Range | IO_L9N_T1_DQS_34             | TRISTATE      | LVCMOS25    |      34 |         12 | SLOW |                     |            FP_VTT_50 |         | FIXED      |           |          |          | NONE             |              |                   |              |
| AA4        | io_FMC_LA_n[18]   | High Range | IO_L11N_T1_SRCC_34           | TRISTATE      | LVCMOS25    |      34 |         12 | SLOW |                     |            FP_VTT_50 |         | FIXED      |           |          |          | NONE             |              |                   |              |
| AA5        | io_FMC_LA_p[31]   | High Range | IO_L10P_T1_34                | TRISTATE      | LVCMOS25    |      34 |         12 | SLOW |                     |            FP_VTT_50 |         | FIXED      |           |          |          | NONE             |              |                   |              |
| AA6        | io_FMC_LA_n[24]   | High Range | IO_L18N_T2_34                | TRISTATE      | LVCMOS25    |      34 |         12 | SLOW |                     |            FP_VTT_50 |         | FIXED      |           |          |          | NONE             |              |                   |              |
| AA7        |                   | High Range | VCCO_34                      | VCCO          |             |      34 |            |      |                     |                      |    2.50 |            |           |          |          |                  |              |                   |              |
| AA8        | io_FMC_LA_p[33]   | High Range | IO_L22P_T3_34                | TRISTATE      | LVCMOS25    |      34 |         12 | SLOW |                     |            FP_VTT_50 |         | FIXED      |           |          |          | NONE             |              |                   |              |
| AA9        | ow_TEST_PIN[31]   | High Range | IO_L8P_T1_13                 | TRISTATE      | LVCMOS33    |      13 |         12 | SLOW |                     |            FP_VTT_50 |         | FIXED      |           |          |          | NONE             |              |                   |              |
| AA10       | ow_TEST_PIN[30]   | High Range | IO_L9P_T1_DQS_13             | TRISTATE      | LVCMOS33    |      13 |         12 | SLOW |                     |            FP_VTT_50 |         | FIXED      |           |          |          | NONE             |              |                   |              |
| AA11       | ow_TEST_PIN[14]   | High Range | IO_L9N_T1_DQS_13             | TRISTATE      | LVCMOS33    |      13 |         12 | SLOW |                     |            FP_VTT_50 |         | FIXED      |           |          |          | NONE             |              |                   |              |
| AA12       |                   |            | GND                          | GND           |             |         |            |      |                     |                      |     0.0 |            |           |          |          |                  |              |                   |              |
| AA13       | ow_TEST_PIN[23]   | High Range | IO_L3P_T0_DQS_13             | TRISTATE      | LVCMOS33    |      13 |         12 | SLOW |                     |            FP_VTT_50 |         | FIXED      |           |          |          | NONE             |              |                   |              |
| AA14       | ow_TEST_PIN[10]   | High Range | IO_L5N_T0_13                 | OUTPUT        | LVCMOS33    |      13 |         12 | SLOW |                     |            FP_VTT_50 |         | FIXED      |           |          |          | NONE             |              |                   |              |
| AA15       | ow_TEST_PIN[24]   | High Range | IO_L4P_T0_13                 | TRISTATE      | LVCMOS33    |      13 |         12 | SLOW |                     |            FP_VTT_50 |         | FIXED      |           |          |          | NONE             |              |                   |              |
| AA16       | ow_TEST_PIN[5]    | High Range | IO_L1N_T0_13                 | OUTPUT        | LVCMOS33    |      13 |         12 | SLOW |                     |            FP_VTT_50 |         | FIXED      |           |          |          | NONE             |              |                   |              |
| AA17       |                   | High Range | VCCO_13                      | VCCO          |             |      13 |            |      |                     |                      |    3.30 |            |           |          |          |                  |              |                   |              |
| AA18       | ddr3_dq[47]       | High Range | IO_L17P_T2_A14_D30_14        | BIDIR         | SSTL15      |      14 |            | FAST |    UNTUNED_SPLIT_50 |            FP_VTT_50 |         | FIXED      |           |          | External | NONE             |              |                   |              |
| AA19       | ddr3_dqs_p[5]     | High Range | IO_L15P_T2_DQS_RDWR_B_14     | BIDIR         | DIFF_SSTL15 |      14 |            | FAST |                     |            FP_VTT_50 |         | FIXED      |           |          |          | NONE             |              |                   |              |
| AA20       | ddr3_dq[38]       | High Range | IO_L8P_T1_D11_14             | BIDIR         | SSTL15      |      14 |            | FAST |    UNTUNED_SPLIT_50 |            FP_VTT_50 |         | FIXED      |           |          | External | NONE             |              |                   |              |
| AA21       | ddr3_dq[39]       | High Range | IO_L8N_T1_D12_14             | BIDIR         | SSTL15      |      14 |            | FAST |    UNTUNED_SPLIT_50 |            FP_VTT_50 |         | FIXED      |           |          | External | NONE             |              |                   |              |
| AA22       |                   |            | GND                          | GND           |             |         |            |      |                     |                      |     0.0 |            |           |          |          |                  |              |                   |              |
| AB1        | io_FMC_LA_n[27]   | High Range | IO_L7N_T1_34                 | TRISTATE      | LVCMOS25    |      34 |         12 | SLOW |                     |            FP_VTT_50 |         | FIXED      |           |          |          | NONE             |              |                   |              |
| AB2        | io_FMC_LA_n[28]   | High Range | IO_L8N_T1_34                 | TRISTATE      | LVCMOS25    |      34 |         12 | SLOW |                     |            FP_VTT_50 |         | FIXED      |           |          |          | NONE             |              |                   |              |
| AB3        | io_FMC_LA_p[28]   | High Range | IO_L8P_T1_34                 | TRISTATE      | LVCMOS25    |      34 |         12 | SLOW |                     |            FP_VTT_50 |         | FIXED      |           |          |          | NONE             |              |                   |              |
| AB4        |                   | High Range | VCCO_34                      | VCCO          |             |      34 |            |      |                     |                      |    2.50 |            |           |          |          |                  |              |                   |              |
| AB5        | io_FMC_LA_n[31]   | High Range | IO_L10N_T1_34                | TRISTATE      | LVCMOS25    |      34 |         12 | SLOW |                     |            FP_VTT_50 |         | FIXED      |           |          |          | NONE             |              |                   |              |
| AB6        | io_FMC_LA_n[30]   | High Range | IO_L20N_T3_34                | TRISTATE      | LVCMOS25    |      34 |         12 | SLOW |                     |            FP_VTT_50 |         | FIXED      |           |          |          | NONE             |              |                   |              |
| AB7        | io_FMC_LA_p[30]   | High Range | IO_L20P_T3_34                | TRISTATE      | LVCMOS25    |      34 |         12 | SLOW |                     |            FP_VTT_50 |         | FIXED      |           |          |          | NONE             |              |                   |              |
| AB8        | io_FMC_LA_n[33]   | High Range | IO_L22N_T3_34                | TRISTATE      | LVCMOS25    |      34 |         12 | SLOW |                     |            FP_VTT_50 |         | FIXED      |           |          |          | NONE             |              |                   |              |
| AB9        |                   |            | GND                          | GND           |             |         |            |      |                     |                      |     0.0 |            |           |          |          |                  |              |                   |              |
| AB10       | ow_TEST_PIN[15]   | High Range | IO_L8N_T1_13                 | TRISTATE      | LVCMOS33    |      13 |         12 | SLOW |                     |            FP_VTT_50 |         | FIXED      |           |          |          | NONE             |              |                   |              |
| AB11       | ow_TEST_PIN[28]   | High Range | IO_L7P_T1_13                 | TRISTATE      | LVCMOS33    |      13 |         12 | SLOW |                     |            FP_VTT_50 |         | FIXED      |           |          |          | NONE             |              |                   |              |
| AB12       | ow_TEST_PIN[12]   | High Range | IO_L7N_T1_13                 | TRISTATE      | LVCMOS33    |      13 |         12 | SLOW |                     |            FP_VTT_50 |         | FIXED      |           |          |          | NONE             |              |                   |              |
| AB13       | ow_TEST_PIN[7]    | High Range | IO_L3N_T0_DQS_13             | OUTPUT        | LVCMOS33    |      13 |         12 | SLOW |                     |            FP_VTT_50 |         | FIXED      |           |          |          | NONE             |              |                   |              |
| AB14       |                   | High Range | VCCO_13                      | VCCO          |             |      13 |            |      |                     |                      |    3.30 |            |           |          |          |                  |              |                   |              |
| AB15       | ow_TEST_PIN[8]    | High Range | IO_L4N_T0_13                 | OUTPUT        | LVCMOS33    |      13 |         12 | SLOW |                     |            FP_VTT_50 |         | FIXED      |           |          |          | NONE             |              |                   |              |
| AB16       | ow_TEST_PIN[22]   | High Range | IO_L2P_T0_13                 | TRISTATE      | LVCMOS33    |      13 |         12 | SLOW |                     |            FP_VTT_50 |         | FIXED      |           |          |          | NONE             |              |                   |              |
| AB17       | ow_TEST_PIN[6]    | High Range | IO_L2N_T0_13                 | OUTPUT        | LVCMOS33    |      13 |         12 | SLOW |                     |            FP_VTT_50 |         | FIXED      |           |          |          | NONE             |              |                   |              |
| AB18       | ddr3_dq[42]       | High Range | IO_L17N_T2_A13_D29_14        | BIDIR         | SSTL15      |      14 |            | FAST |    UNTUNED_SPLIT_50 |            FP_VTT_50 |         | FIXED      |           |          | External | NONE             |              |                   |              |
| AB19       |                   |            | GND                          | GND           |             |         |            |      |                     |                      |     0.0 |            |           |          |          |                  |              |                   |              |
| AB20       | ddr3_dqs_n[5]     | High Range | IO_L15N_T2_DQS_DOUT_CSO_B_14 | BIDIR         | DIFF_SSTL15 |      14 |            | FAST |                     |            FP_VTT_50 |         | FIXED      |           |          |          | NONE             |              |                   |              |
| AB21       | ddr3_dq[35]       | High Range | IO_L10P_T1_D14_14            | BIDIR         | SSTL15      |      14 |            | FAST |    UNTUNED_SPLIT_50 |            FP_VTT_50 |         | FIXED      |           |          | External | NONE             |              |                   |              |
| AB22       | ddr3_dq[34]       | High Range | IO_L10N_T1_D15_14            | BIDIR         | SSTL15      |      14 |            | FAST |    UNTUNED_SPLIT_50 |            FP_VTT_50 |         | FIXED      |           |          | External | NONE             |              |                   |              |
| B1         | io_FMC_LA_p[3]    | High Range | IO_L1P_T0_AD4P_35            | TRISTATE      | LVCMOS25    |      35 |         12 | SLOW |                     |            FP_VTT_50 |         | FIXED      |           |          |          | NONE             |              |                   |              |
| B2         | io_FMC_LA_n[6]    | High Range | IO_L2N_T0_AD12N_35           | TRISTATE      | LVCMOS25    |      35 |         12 | SLOW |                     |            FP_VTT_50 |         | FIXED      |           |          |          | NONE             |              |                   |              |
| B3         |                   |            | GND                          | GND           |             |         |            |      |                     |                      |     0.0 |            |           |          |          |                  |              |                   |              |
| B4         |                   |            | MGTPTXP0_216                 | Gigabit       |             |         |            |      |                     |                      |         |            |           |          |          |                  |              |                   |              |
| B5         |                   |            | MGTAVTT                      | Gigabit Power |             |         |            |      |                     |                      |         |            |           |          |          |                  |              |                   |              |
| B6         |                   |            | MGTPTXP2_216                 | Gigabit       |             |         |            |      |                     |                      |         |            |           |          |          |                  |              |                   |              |
| B7         |                   |            | MGTAVTT                      | Gigabit Power |             |         |            |      |                     |                      |         |            |           |          |          |                  |              |                   |              |
| B8         |                   |            | MGTPRXP0_216                 | Gigabit       |             |         |            |      |                     |                      |         |            |           |          |          |                  |              |                   |              |
| B9         |                   |            | MGTAVTT                      | Gigabit Power |             |         |            |      |                     |                      |         |            |           |          |          |                  |              |                   |              |
| B10        |                   |            | MGTPRXP2_216                 | Gigabit       |             |         |            |      |                     |                      |         |            |           |          |          |                  |              |                   |              |
| B11        |                   |            | MGTAVTT                      | Gigabit Power |             |         |            |      |                     |                      |         |            |           |          |          |                  |              |                   |              |
| B12        |                   |            | GND                          | GND           |             |         |            |      |                     |                      |     0.0 |            |           |          |          |                  |              |                   |              |
| B13        | ddr3_dq[1]        | High Range | IO_L8N_T1_16                 | BIDIR         | SSTL15      |      16 |            | FAST |    UNTUNED_SPLIT_50 |            FP_VTT_50 |         | FIXED      |           |          | External | NONE             |              |                   |              |
| B14        |                   | High Range | VCCO_16                      | VCCO          |             |      16 |            |      |                     |                      |    1.50 |            |           |          |          |                  |              |                   |              |
| B15        | ddr3_dq[2]        | High Range | IO_L7P_T1_16                 | BIDIR         | SSTL15      |      16 |            | FAST |    UNTUNED_SPLIT_50 |            FP_VTT_50 |         | FIXED      |           |          | External | NONE             |              |                   |              |
| B16        | ddr3_dq[5]        | High Range | IO_L7N_T1_16                 | BIDIR         | SSTL15      |      16 |            | FAST |    UNTUNED_SPLIT_50 |            FP_VTT_50 |         | FIXED      |           |          | External | NONE             |              |                   |              |
| B17        | ddr3_dq[4]        | High Range | IO_L11P_T1_SRCC_16           | BIDIR         | SSTL15      |      16 |            | FAST |    UNTUNED_SPLIT_50 |            FP_VTT_50 |         | FIXED      |           |          | External | NONE             |              |                   |              |
| B18        | ddr3_dq[7]        | High Range | IO_L11N_T1_SRCC_16           | BIDIR         | SSTL15      |      16 |            | FAST |    UNTUNED_SPLIT_50 |            FP_VTT_50 |         | FIXED      |           |          | External | NONE             |              |                   |              |
| B19        |                   |            | GND                          | GND           |             |         |            |      |                     |                      |     0.0 |            |           |          |          |                  |              |                   |              |
| B20        | ddr3_dm[3]        | High Range | IO_L16P_T2_16                | TRISTATE      | SSTL15      |      16 |            | FAST |                     |            FP_VTT_50 |         | FIXED      |           |          |          | NONE             |              |                   |              |
| B21        | ddr3_dqs_p[2]     | High Range | IO_L21P_T3_DQS_16            | BIDIR         | DIFF_SSTL15 |      16 |            | FAST |                     |            FP_VTT_50 |         | FIXED      |           |          |          | NONE             |              |                   |              |
| B22        | ddr3_dq[17]       | High Range | IO_L20N_T3_16                | BIDIR         | SSTL15      |      16 |            | FAST |    UNTUNED_SPLIT_50 |            FP_VTT_50 |         | FIXED      |           |          | External | NONE             |              |                   |              |
| C1         |                   | High Range | VCCO_35                      | VCCO          |             |      35 |            |      |                     |                      |    2.50 |            |           |          |          |                  |              |                   |              |
| C2         | io_FMC_LA_p[6]    | High Range | IO_L2P_T0_AD12P_35           | TRISTATE      | LVCMOS25    |      35 |         12 | SLOW |                     |            FP_VTT_50 |         | FIXED      |           |          |          | NONE             |              |                   |              |
| C3         |                   |            | GND                          | GND           |             |         |            |      |                     |                      |     0.0 |            |           |          |          |                  |              |                   |              |
| C4         |                   |            | MGTAVTT                      | Gigabit Power |             |         |            |      |                     |                      |         |            |           |          |          |                  |              |                   |              |
| C5         |                   |            | MGTPTXN1_216                 | Gigabit       |             |         |            |      |                     |                      |         |            |           |          |          |                  |              |                   |              |
| C6         |                   |            | GND                          | GND           |             |         |            |      |                     |                      |     0.0 |            |           |          |          |                  |              |                   |              |
| C7         |                   |            | MGTPTXN3_216                 | Gigabit       |             |         |            |      |                     |                      |         |            |           |          |          |                  |              |                   |              |
| C8         |                   |            | MGTAVTT                      | Gigabit Power |             |         |            |      |                     |                      |         |            |           |          |          |                  |              |                   |              |
| C9         |                   |            | MGTPRXN3_216                 | Gigabit       |             |         |            |      |                     |                      |         |            |           |          |          |                  |              |                   |              |
| C10        |                   |            | GND                          | GND           |             |         |            |      |                     |                      |     0.0 |            |           |          |          |                  |              |                   |              |
| C11        |                   |            | MGTPRXN1_216                 | Gigabit       |             |         |            |      |                     |                      |         |            |           |          |          |                  |              |                   |              |
| C12        |                   |            | GND                          | GND           |             |         |            |      |                     |                      |     0.0 |            |           |          |          |                  |              |                   |              |
| C13        | ddr3_dm[0]        | High Range | IO_L8P_T1_16                 | TRISTATE      | SSTL15      |      16 |            | FAST |                     |            FP_VTT_50 |         | FIXED      |           |          |          | NONE             |              |                   |              |
| C14        | ddr3_dqs_p[1]     | High Range | IO_L3P_T0_DQS_16             | BIDIR         | DIFF_SSTL15 |      16 |            | FAST |                     |            FP_VTT_50 |         | FIXED      |           |          |          | NONE             |              |                   |              |
| C15        | ddr3_dqs_n[1]     | High Range | IO_L3N_T0_DQS_16             | BIDIR         | DIFF_SSTL15 |      16 |            | FAST |                     |            FP_VTT_50 |         | FIXED      |           |          |          | NONE             |              |                   |              |
| C16        |                   |            | GND                          | GND           |             |         |            |      |                     |                      |     0.0 |            |           |          |          |                  |              |                   |              |
| C17        | ddr3_dq[6]        | High Range | IO_L12N_T1_MRCC_16           | BIDIR         | SSTL15      |      16 |            | FAST |    UNTUNED_SPLIT_50 |            FP_VTT_50 |         | FIXED      |           |          | External | NONE             |              |                   |              |
| C18        | io_CLK[1]         | High Range | IO_L13P_T2_MRCC_16           | TRISTATE      | LVCMOS15    |      16 |         12 | SLOW |                     |            FP_VTT_50 |         | FIXED      |           |          |          | NONE             |              |                   |              |
| C19        | ddr3_dq[29]       | High Range | IO_L13N_T2_MRCC_16           | BIDIR         | SSTL15      |      16 |            | FAST |    UNTUNED_SPLIT_50 |            FP_VTT_50 |         | FIXED      |           |          | External | NONE             |              |                   |              |
| C20        |                   | High Range | IO_L19N_T3_VREF_16           | User IO       |             |      16 |            |      |                     |                      |    0.75 |            |           |          |          |                  |              |                   |              |
| C21        |                   | High Range | VCCO_16                      | VCCO          |             |      16 |            |      |                     |                      |    1.50 |            |           |          |          |                  |              |                   |              |
| C22        | ddr3_dq[18]       | High Range | IO_L20P_T3_16                | BIDIR         | SSTL15      |      16 |            | FAST |    UNTUNED_SPLIT_50 |            FP_VTT_50 |         | FIXED      |           |          | External | NONE             |              |                   |              |
| D1         | io_FMC_LA_n[5]    | High Range | IO_L3N_T0_DQS_AD5N_35        | TRISTATE      | LVCMOS25    |      35 |         12 | SLOW |                     |            FP_VTT_50 |         | FIXED      |           |          |          | NONE             |              |                   |              |
| D2         | io_FMC_LA_n[2]    | High Range | IO_L4N_T0_35                 | TRISTATE      | LVCMOS25    |      35 |         12 | SLOW |                     |            FP_VTT_50 |         | FIXED      |           |          |          | NONE             |              |                   |              |
| D3         |                   |            | GND                          | GND           |             |         |            |      |                     |                      |     0.0 |            |           |          |          |                  |              |                   |              |
| D4         |                   |            | GND                          | GND           |             |         |            |      |                     |                      |     0.0 |            |           |          |          |                  |              |                   |              |
| D5         |                   |            | MGTPTXP1_216                 | Gigabit       |             |         |            |      |                     |                      |         |            |           |          |          |                  |              |                   |              |
| D6         |                   |            | MGTAVCC                      | Gigabit Power |             |         |            |      |                     |                      |         |            |           |          |          |                  |              |                   |              |
| D7         |                   |            | MGTPTXP3_216                 | Gigabit       |             |         |            |      |                     |                      |         |            |           |          |          |                  |              |                   |              |
| D8         |                   |            | GND                          | GND           |             |         |            |      |                     |                      |     0.0 |            |           |          |          |                  |              |                   |              |
| D9         |                   |            | MGTPRXP3_216                 | Gigabit       |             |         |            |      |                     |                      |         |            |           |          |          |                  |              |                   |              |
| D10        |                   |            | MGTAVCC                      | Gigabit Power |             |         |            |      |                     |                      |         |            |           |          |          |                  |              |                   |              |
| D11        |                   |            | MGTPRXP1_216                 | Gigabit       |             |         |            |      |                     |                      |         |            |           |          |          |                  |              |                   |              |
| D12        |                   |            | GND                          | GND           |             |         |            |      |                     |                      |     0.0 |            |           |          |          |                  |              |                   |              |
| D13        |                   |            | GND                          | GND           |             |         |            |      |                     |                      |     0.0 |            |           |          |          |                  |              |                   |              |
| D14        | ddr3_dq[10]       | High Range | IO_L6P_T0_16                 | BIDIR         | SSTL15      |      16 |            | FAST |    UNTUNED_SPLIT_50 |            FP_VTT_50 |         | FIXED      |           |          | External | NONE             |              |                   |              |
| D15        |                   | High Range | IO_L6N_T0_VREF_16            | User IO       |             |      16 |            |      |                     |                      |    0.75 |            |           |          |          |                  |              |                   |              |
| D16        | ddr3_dq[15]       | High Range | IO_L5N_T0_16                 | BIDIR         | SSTL15      |      16 |            | FAST |    UNTUNED_SPLIT_50 |            FP_VTT_50 |         | FIXED      |           |          | External | NONE             |              |                   |              |
| D17        | io_CLK[0]         | High Range | IO_L12P_T1_MRCC_16           | TRISTATE      | LVCMOS15    |      16 |         12 | SLOW |                     |            FP_VTT_50 |         | FIXED      |           |          |          | NONE             |              |                   |              |
| D18        |                   | High Range | VCCO_16                      | VCCO          |             |      16 |            |      |                     |                      |    1.50 |            |           |          |          |                  |              |                   |              |
| D19        | ddr3_dq[26]       | High Range | IO_L14N_T2_SRCC_16           | BIDIR         | SSTL15      |      16 |            | FAST |    UNTUNED_SPLIT_50 |            FP_VTT_50 |         | FIXED      |           |          | External | NONE             |              |                   |              |
| D20        | ddr3_dq[16]       | High Range | IO_L19P_T3_16                | BIDIR         | SSTL15      |      16 |            | FAST |    UNTUNED_SPLIT_50 |            FP_VTT_50 |         | FIXED      |           |          | External | NONE             |              |                   |              |
| D21        | ddr3_dq[19]       | High Range | IO_L23N_T3_16                | BIDIR         | SSTL15      |      16 |            | FAST |    UNTUNED_SPLIT_50 |            FP_VTT_50 |         | FIXED      |           |          | External | NONE             |              |                   |              |
| D22        | ddr3_dq[21]       | High Range | IO_L22N_T3_16                | BIDIR         | SSTL15      |      16 |            | FAST |    UNTUNED_SPLIT_50 |            FP_VTT_50 |         | FIXED      |           |          | External | NONE             |              |                   |              |
| E1         | io_FMC_LA_p[5]    | High Range | IO_L3P_T0_DQS_AD5P_35        | TRISTATE      | LVCMOS25    |      35 |         12 | SLOW |                     |            FP_VTT_50 |         | FIXED      |           |          |          | NONE             |              |                   |              |
| E2         | io_FMC_LA_p[2]    | High Range | IO_L4P_T0_35                 | TRISTATE      | LVCMOS25    |      35 |         12 | SLOW |                     |            FP_VTT_50 |         | FIXED      |           |          |          | NONE             |              |                   |              |
| E3         | io_FMC_LA_n[4]    | High Range | IO_L6N_T0_VREF_35            | TRISTATE      | LVCMOS25    |      35 |         12 | SLOW |                     |            FP_VTT_50 |         | FIXED      |           |          |          | NONE             |              |                   |              |
| E4         |                   |            | GND                          | GND           |             |         |            |      |                     |                      |     0.0 |            |           |          |          |                  |              |                   |              |
| E5         |                   |            | GND                          | GND           |             |         |            |      |                     |                      |     0.0 |            |           |          |          |                  |              |                   |              |
| E6         |                   |            | MGTREFCLK0N_216              | Gigabit       |             |         |            |      |                     |                      |         |            |           |          |          |                  |              |                   |              |
| E7         |                   |            | GND                          | GND           |             |         |            |      |                     |                      |     0.0 |            |           |          |          |                  |              |                   |              |
| E8         |                   |            | MGTAVCC                      | Gigabit Power |             |         |            |      |                     |                      |         |            |           |          |          |                  |              |                   |              |
| E9         |                   |            | GND                          | GND           |             |         |            |      |                     |                      |     0.0 |            |           |          |          |                  |              |                   |              |
| E10        |                   |            | MGTREFCLK1N_216              | Gigabit       |             |         |            |      |                     |                      |         |            |           |          |          |                  |              |                   |              |
| E11        |                   |            | GND                          | GND           |             |         |            |      |                     |                      |     0.0 |            |           |          |          |                  |              |                   |              |
| E12        |                   | Dedicated  | VCCBATT_0                    | Config        |             |       0 |            |      |                     |                      |         |            |           |          |          |                  |              |                   |              |
| E13        | ddr3_dq[13]       | High Range | IO_L4P_T0_16                 | BIDIR         | SSTL15      |      16 |            | FAST |    UNTUNED_SPLIT_50 |            FP_VTT_50 |         | FIXED      |           |          | External | NONE             |              |                   |              |
| E14        | ddr3_dq[9]        | High Range | IO_L4N_T0_16                 | BIDIR         | SSTL15      |      16 |            | FAST |    UNTUNED_SPLIT_50 |            FP_VTT_50 |         | FIXED      |           |          | External | NONE             |              |                   |              |
| E15        |                   | High Range | VCCO_16                      | VCCO          |             |      16 |            |      |                     |                      |    1.50 |            |           |          |          |                  |              |                   |              |
| E16        | ddr3_dq[11]       | High Range | IO_L5P_T0_16                 | BIDIR         | SSTL15      |      16 |            | FAST |    UNTUNED_SPLIT_50 |            FP_VTT_50 |         | FIXED      |           |          | External | NONE             |              |                   |              |
| E17        | ddr3_dm[1]        | High Range | IO_L2N_T0_16                 | TRISTATE      | SSTL15      |      16 |            | FAST |                     |            FP_VTT_50 |         | FIXED      |           |          |          | NONE             |              |                   |              |
| E18        | ddr3_dqs_n[3]     | High Range | IO_L15N_T2_DQS_16            | BIDIR         | DIFF_SSTL15 |      16 |            | FAST |                     |            FP_VTT_50 |         | FIXED      |           |          |          | NONE             |              |                   |              |
| E19        | ddr3_dq[27]       | High Range | IO_L14P_T2_SRCC_16           | BIDIR         | SSTL15      |      16 |            | FAST |    UNTUNED_SPLIT_50 |            FP_VTT_50 |         | FIXED      |           |          | External | NONE             |              |                   |              |
| E20        |                   |            | GND                          | GND           |             |         |            |      |                     |                      |     0.0 |            |           |          |          |                  |              |                   |              |
| E21        | ddr3_dm[2]        | High Range | IO_L23P_T3_16                | TRISTATE      | SSTL15      |      16 |            | FAST |                     |            FP_VTT_50 |         | FIXED      |           |          |          | NONE             |              |                   |              |
| E22        | ddr3_dq[20]       | High Range | IO_L22P_T3_16                | BIDIR         | SSTL15      |      16 |            | FAST |    UNTUNED_SPLIT_50 |            FP_VTT_50 |         | FIXED      |           |          | External | NONE             |              |                   |              |
| F1         | io_FMC_LA_n[8]    | High Range | IO_L5N_T0_AD13N_35           | TRISTATE      | LVCMOS25    |      35 |         12 | SLOW |                     |            FP_VTT_50 |         | FIXED      |           |          |          | NONE             |              |                   |              |
| F2         |                   | High Range | VCCO_35                      | VCCO          |             |      35 |            |      |                     |                      |    2.50 |            |           |          |          |                  |              |                   |              |
| F3         | io_FMC_LA_p[4]    | High Range | IO_L6P_T0_35                 | TRISTATE      | LVCMOS25    |      35 |         12 | SLOW |                     |            FP_VTT_50 |         | FIXED      |           |          |          | NONE             |              |                   |              |
| F4         | ow_SMG_DIG[7]     | High Range | IO_0_35                      | OUTPUT        | LVCMOS25    |      35 |         12 | SLOW |                     |            FP_VTT_50 |         | FIXED      |           |          |          | NONE             |              |                   |              |
| F5         |                   |            | GND                          | GND           |             |         |            |      |                     |                      |     0.0 |            |           |          |          |                  |              |                   |              |
| F6         |                   |            | MGTREFCLK0P_216              | Gigabit       |             |         |            |      |                     |                      |         |            |           |          |          |                  |              |                   |              |
| F7         |                   |            | MGTAVCC                      | Gigabit Power |             |         |            |      |                     |                      |         |            |           |          |          |                  |              |                   |              |
| F8         |                   |            | MGTRREF_216                  | Gigabit       |             |         |            |      |                     |                      |         |            |           |          |          |                  |              |                   |              |
| F9         |                   |            | MGTAVCC                      | Gigabit Power |             |         |            |      |                     |                      |         |            |           |          |          |                  |              |                   |              |
| F10        |                   |            | MGTREFCLK1P_216              | Gigabit       |             |         |            |      |                     |                      |         |            |           |          |          |                  |              |                   |              |
| F11        |                   |            | GND                          | GND           |             |         |            |      |                     |                      |     0.0 |            |           |          |          |                  |              |                   |              |
| F12        |                   | Dedicated  | VCCO_0                       | VCCO          |             |       0 |            |      |                     |                      |    1.50 |            |           |          |          |                  |              |                   |              |
| F13        | ddr3_dq[12]       | High Range | IO_L1P_T0_16                 | BIDIR         | SSTL15      |      16 |            | FAST |    UNTUNED_SPLIT_50 |            FP_VTT_50 |         | FIXED      |           |          | External | NONE             |              |                   |              |
| F14        | ddr3_dq[8]        | High Range | IO_L1N_T0_16                 | BIDIR         | SSTL15      |      16 |            | FAST |    UNTUNED_SPLIT_50 |            FP_VTT_50 |         | FIXED      |           |          | External | NONE             |              |                   |              |
| F15        | ow_UART_TX        | High Range | IO_0_16                      | OUTPUT        | LVCMOS15    |      16 |         12 | SLOW |                     |            FP_VTT_50 |         | FIXED      |           |          |          | NONE             |              |                   |              |
| F16        | ddr3_dq[14]       | High Range | IO_L2P_T0_16                 | BIDIR         | SSTL15      |      16 |            | FAST |    UNTUNED_SPLIT_50 |            FP_VTT_50 |         | FIXED      |           |          | External | NONE             |              |                   |              |
| F17        |                   |            | GND                          | GND           |             |         |            |      |                     |                      |     0.0 |            |           |          |          |                  |              |                   |              |
| F18        | ddr3_dqs_p[3]     | High Range | IO_L15P_T2_DQS_16            | BIDIR         | DIFF_SSTL15 |      16 |            | FAST |                     |            FP_VTT_50 |         | FIXED      |           |          |          | NONE             |              |                   |              |
| F19        | ddr3_dq[30]       | High Range | IO_L18P_T2_16                | BIDIR         | SSTL15      |      16 |            | FAST |    UNTUNED_SPLIT_50 |            FP_VTT_50 |         | FIXED      |           |          | External | NONE             |              |                   |              |
| F20        | ddr3_dq[31]       | High Range | IO_L18N_T2_16                | BIDIR         | SSTL15      |      16 |            | FAST |    UNTUNED_SPLIT_50 |            FP_VTT_50 |         | FIXED      |           |          | External | NONE             |              |                   |              |
| F21        | iw_UART_RX        | High Range | IO_25_16                     | INPUT         | LVCMOS15    |      16 |            |      |                     |                 NONE |         | FIXED      |           |          |          | NONE             |              |                   |              |
| F22        |                   | High Range | VCCO_16                      | VCCO          |             |      16 |            |      |                     |                      |    1.50 |            |           |          |          |                  |              |                   |              |
| G1         | io_FMC_LA_p[8]    | High Range | IO_L5P_T0_AD13P_35           | TRISTATE      | LVCMOS25    |      35 |         12 | SLOW |                     |            FP_VTT_50 |         | FIXED      |           |          |          | NONE             |              |                   |              |
| G2         | io_FMC_LA_n[7]    | High Range | IO_L8N_T1_AD14N_35           | TRISTATE      | LVCMOS25    |      35 |         12 | SLOW |                     |            FP_VTT_50 |         | FIXED      |           |          |          | NONE             |              |                   |              |
| G3         | io_FMC_LA_n[0]    | High Range | IO_L11N_T1_SRCC_35           | TRISTATE      | LVCMOS25    |      35 |         12 | SLOW |                     |            FP_VTT_50 |         | FIXED      |           |          |          | NONE             |              |                   |              |
| G4         | io_FMC_clk_n[0]   | High Range | IO_L12N_T1_MRCC_35           | TRISTATE      | LVCMOS25    |      35 |         12 | SLOW |                     |            FP_VTT_50 |         | FIXED      |           |          |          | NONE             |              |                   |              |
| G5         |                   |            | GND                          | GND           |             |         |            |      |                     |                      |     0.0 |            |           |          |          |                  |              |                   |              |
| G6         |                   |            | GND                          | GND           |             |         |            |      |                     |                      |     0.0 |            |           |          |          |                  |              |                   |              |
| G7         |                   |            | GND                          | GND           |             |         |            |      |                     |                      |     0.0 |            |           |          |          |                  |              |                   |              |
| G8         |                   |            | GND                          | GND           |             |         |            |      |                     |                      |     0.0 |            |           |          |          |                  |              |                   |              |
| G9         |                   |            | GND                          | GND           |             |         |            |      |                     |                      |     0.0 |            |           |          |          |                  |              |                   |              |
| G10        |                   |            | GND                          | GND           |             |         |            |      |                     |                      |     0.0 |            |           |          |          |                  |              |                   |              |
| G11        |                   | Dedicated  | DONE_0                       | Config        |             |       0 |            |      |                     |                      |         |            |           |          |          |                  |              |                   |              |
| G12        |                   |            | GND                          | GND           |             |         |            |      |                     |                      |     0.0 |            |           |          |          |                  |              |                   |              |
| G13        | ddr3_dq[59]       | High Range | IO_L1N_T0_AD0N_15            | BIDIR         | SSTL15      |      15 |            | FAST |    UNTUNED_SPLIT_50 |            FP_VTT_50 |         | FIXED      |           |          | External | NONE             |              |                   |              |
| G14        |                   |            | GND                          | GND           |             |         |            |      |                     |                      |     0.0 |            |           |          |          |                  |              |                   |              |
| G15        | ddr3_dq[61]       | High Range | IO_L2P_T0_AD8P_15            | BIDIR         | SSTL15      |      15 |            | FAST |    UNTUNED_SPLIT_50 |            FP_VTT_50 |         | FIXED      |           |          | External | NONE             |              |                   |              |
| G16        | ddr3_dq[63]       | High Range | IO_L2N_T0_AD8N_15            | BIDIR         | SSTL15      |      15 |            | FAST |    UNTUNED_SPLIT_50 |            FP_VTT_50 |         | FIXED      |           |          | External | NONE             |              |                   |              |
| G17        | ddr3_dq[58]       | High Range | IO_L4P_T0_15                 | BIDIR         | SSTL15      |      15 |            | FAST |    UNTUNED_SPLIT_50 |            FP_VTT_50 |         | FIXED      |           |          | External | NONE             |              |                   |              |
| G18        | ddr3_dq[62]       | High Range | IO_L4N_T0_15                 | BIDIR         | SSTL15      |      15 |            | FAST |    UNTUNED_SPLIT_50 |            FP_VTT_50 |         | FIXED      |           |          | External | NONE             |              |                   |              |
| G19        |                   | High Range | VCCO_15                      | VCCO          |             |      15 |            |      |                     |                      |    1.50 |            |           |          |          |                  |              |                   |              |
| G20        | ddr3_cke[1]       | High Range | IO_L8N_T1_AD10N_15           | OUTPUT        | SSTL15      |      15 |            | FAST |                     |            FP_VTT_50 |         | FIXED      |           |          |          | NONE             |              |                   |              |
| G21        | ddr3_dq[23]       | High Range | IO_L24P_T3_16                | BIDIR         | SSTL15      |      16 |            | FAST |    UNTUNED_SPLIT_50 |            FP_VTT_50 |         | FIXED      |           |          | External | NONE             |              |                   |              |
| G22        | ddr3_dq[22]       | High Range | IO_L24N_T3_16                | BIDIR         | SSTL15      |      16 |            | FAST |    UNTUNED_SPLIT_50 |            FP_VTT_50 |         | FIXED      |           |          | External | NONE             |              |                   |              |
| H1         |                   |            | GND                          | GND           |             |         |            |      |                     |                      |     0.0 |            |           |          |          |                  |              |                   |              |
| H2         | io_FMC_LA_p[7]    | High Range | IO_L8P_T1_AD14P_35           | TRISTATE      | LVCMOS25    |      35 |         12 | SLOW |                     |            FP_VTT_50 |         | FIXED      |           |          |          | NONE             |              |                   |              |
| H3         | io_FMC_LA_p[0]    | High Range | IO_L11P_T1_SRCC_35           | TRISTATE      | LVCMOS25    |      35 |         12 | SLOW |                     |            FP_VTT_50 |         | FIXED      |           |          |          | NONE             |              |                   |              |
| H4         | io_FMC_clk_p[0]   | High Range | IO_L12P_T1_MRCC_35           | TRISTATE      | LVCMOS25    |      35 |         12 | SLOW |                     |            FP_VTT_50 |         | FIXED      |           |          |          | NONE             |              |                   |              |
| H5         | ow_SMG_DIG[6]     | High Range | IO_L10N_T1_AD15N_35          | OUTPUT        | LVCMOS25    |      35 |         12 | SLOW |                     |            FP_VTT_50 |         | FIXED      |           |          |          | NONE             |              |                   |              |
| H6         |                   | High Range | VCCO_35                      | VCCO          |             |      35 |            |      |                     |                      |    2.50 |            |           |          |          |                  |              |                   |              |
| H7         |                   |            | GND                          | GND           |             |         |            |      |                     |                      |     0.0 |            |           |          |          |                  |              |                   |              |
| H8         |                   |            | VCCINT                       | VCCINT        |             |         |            |      |                     |                      |         |            |           |          |          |                  |              |                   |              |
| H9         |                   |            | GND                          | GND           |             |         |            |      |                     |                      |     0.0 |            |           |          |          |                  |              |                   |              |
| H10        |                   |            | VCCINT                       | VCCINT        |             |         |            |      |                     |                      |         |            |           |          |          |                  |              |                   |              |
| H11        |                   |            | GND                          | GND           |             |         |            |      |                     |                      |     0.0 |            |           |          |          |                  |              |                   |              |
| H12        |                   |            | VCCAUX                       | VCCAUX        |             |         |            |      |                     |                      |    1.80 |            |           |          |          |                  |              |                   |              |
| H13        | ddr3_dm[7]        | High Range | IO_L1P_T0_AD0P_15            | TRISTATE      | SSTL15      |      15 |            | FAST |                     |            FP_VTT_50 |         | FIXED      |           |          |          | NONE             |              |                   |              |
| H14        | ddr3_dqs_n[7]     | High Range | IO_L3N_T0_DQS_AD1N_15        | BIDIR         | DIFF_SSTL15 |      15 |            | FAST |                     |            FP_VTT_50 |         | FIXED      |           |          |          | NONE             |              |                   |              |
| H15        | ddr3_dq[56]       | High Range | IO_L5N_T0_AD9N_15            | BIDIR         | SSTL15      |      15 |            | FAST |    UNTUNED_SPLIT_50 |            FP_VTT_50 |         | FIXED      |           |          | External | NONE             |              |                   |              |
| H16        |                   | High Range | VCCO_15                      | VCCO          |             |      15 |            |      |                     |                      |    1.50 |            |           |          |          |                  |              |                   |              |
| H17        | ddr3_dq[60]       | High Range | IO_L6P_T0_15                 | BIDIR         | SSTL15      |      15 |            | FAST |    UNTUNED_SPLIT_50 |            FP_VTT_50 |         | FIXED      |           |          | External | NONE             |              |                   |              |
| H18        |                   | High Range | IO_L6N_T0_VREF_15            | User IO       |             |      15 |            |      |                     |                      |    0.75 |            |           |          |          |                  |              |                   |              |
| H19        | ddr3_addr[9]      | High Range | IO_L12N_T1_MRCC_15           | OUTPUT        | SSTL15      |      15 |            | FAST |                     |            FP_VTT_50 |         | FIXED      |           |          |          | NONE             |              |                   |              |
| H20        | ddr3_addr[14]     | High Range | IO_L8P_T1_AD10P_15           | OUTPUT        | SSTL15      |      15 |            | FAST |                     |            FP_VTT_50 |         | FIXED      |           |          |          | NONE             |              |                   |              |
| H21        |                   |            | GND                          | GND           |             |         |            |      |                     |                      |     0.0 |            |           |          |          |                  |              |                   |              |
| H22        | ddr3_addr[15]     | High Range | IO_L7N_T1_AD2N_15            | OUTPUT        | SSTL15      |      15 |            | FAST |                     |            FP_VTT_50 |         | FIXED      |           |          |          | NONE             |              |                   |              |
| J1         | io_FMC_LA_n[10]   | High Range | IO_L7N_T1_AD6N_35            | TRISTATE      | LVCMOS25    |      35 |         12 | SLOW |                     |            FP_VTT_50 |         | FIXED      |           |          |          | NONE             |              |                   |              |
| J2         | ow_SMG_DIG[5]     | High Range | IO_L9N_T1_DQS_AD7N_35        | OUTPUT        | LVCMOS25    |      35 |         12 | SLOW |                     |            FP_VTT_50 |         | FIXED      |           |          |          | NONE             |              |                   |              |
| J3         |                   | High Range | VCCO_35                      | VCCO          |             |      35 |            |      |                     |                      |    2.50 |            |           |          |          |                  |              |                   |              |
| J4         | ow_SMG_DIG[3]     | High Range | IO_L13N_T2_MRCC_35           | OUTPUT        | LVCMOS25    |      35 |         12 | SLOW |                     |            FP_VTT_50 |         | FIXED      |           |          |          | NONE             |              |                   |              |
| J5         | ow_SMG_DIG[4]     | High Range | IO_L10P_T1_AD15P_35          | OUTPUT        | LVCMOS25    |      35 |         12 | SLOW |                     |            FP_VTT_50 |         | FIXED      |           |          |          | NONE             |              |                   |              |
| J6         | io_FMC_LA_n[9]    | High Range | IO_L17N_T2_35                | TRISTATE      | LVCMOS25    |      35 |         12 | SLOW |                     |            FP_VTT_50 |         | FIXED      |           |          |          | NONE             |              |                   |              |
| J7         |                   |            | VCCINT                       | VCCINT        |             |         |            |      |                     |                      |         |            |           |          |          |                  |              |                   |              |
| J8         |                   |            | GND                          | GND           |             |         |            |      |                     |                      |     0.0 |            |           |          |          |                  |              |                   |              |
| J9         |                   |            | VCCINT                       | VCCINT        |             |         |            |      |                     |                      |         |            |           |          |          |                  |              |                   |              |
| J10        |                   |            | GND                          | GND           |             |         |            |      |                     |                      |     0.0 |            |           |          |          |                  |              |                   |              |
| J11        |                   |            | VCCBRAM                      | VCCBRAM       |             |         |            |      |                     |                      |         |            |           |          |          |                  |              |                   |              |
| J12        |                   |            | GND                          | GND           |             |         |            |      |                     |                      |     0.0 |            |           |          |          |                  |              |                   |              |
| J13        |                   | High Range | VCCO_15                      | VCCO          |             |      15 |            |      |                     |                      |    1.50 |            |           |          |          |                  |              |                   |              |
| J14        | ddr3_dqs_p[7]     | High Range | IO_L3P_T0_DQS_AD1P_15        | BIDIR         | DIFF_SSTL15 |      15 |            | FAST |                     |            FP_VTT_50 |         | FIXED      |           |          |          | NONE             |              |                   |              |
| J15        | ddr3_dq[57]       | High Range | IO_L5P_T0_AD9P_15            | BIDIR         | SSTL15      |      15 |            | FAST |    UNTUNED_SPLIT_50 |            FP_VTT_50 |         | FIXED      |           |          | External | NONE             |              |                   |              |
| J16        | iw_KEY_PIN        | High Range | IO_0_15                      | INPUT         | LVCMOS15    |      15 |            |      |                     |                 NONE |         | FIXED      |           |          |          | NONE             |              |                   |              |
| J17        | ddr3_addr[5]      | High Range | IO_L21N_T3_DQS_A18_15        | OUTPUT        | SSTL15      |      15 |            | FAST |                     |            FP_VTT_50 |         | FIXED      |           |          |          | NONE             |              |                   |              |
| J18        |                   |            | GND                          | GND           |             |         |            |      |                     |                      |     0.0 |            |           |          |          |                  |              |                   |              |
| J19        | iw_SYS_CLK        | High Range | IO_L12P_T1_MRCC_15           | INPUT         | LVCMOS15    |      15 |            |      |                     |                 NONE |         | FIXED      |           |          |          | NONE             |              |                   |              |
| J20        | ddr3_ck_p[1]      | High Range | IO_L11P_T1_SRCC_15           | OUTPUT        | DIFF_SSTL15 |      15 |            | FAST |                     |            FP_VTT_50 |         | FIXED      |           |          |          | NONE             |              |                   |              |
| J21        | ddr3_ck_n[1]      | High Range | IO_L11N_T1_SRCC_15           | OUTPUT        | DIFF_SSTL15 |      15 |            | FAST |                     |            FP_VTT_50 |         | FIXED      |           |          |          | NONE             |              |                   |              |
| J22        | ddr3_addr[11]     | High Range | IO_L7P_T1_AD2P_15            | OUTPUT        | SSTL15      |      15 |            | FAST |                     |            FP_VTT_50 |         | FIXED      |           |          |          | NONE             |              |                   |              |
| K1         | io_FMC_LA_p[10]   | High Range | IO_L7P_T1_AD6P_35            | TRISTATE      | LVCMOS25    |      35 |         12 | SLOW |                     |            FP_VTT_50 |         | FIXED      |           |          |          | NONE             |              |                   |              |
| K2         | ow_SMG_DIG[2]     | High Range | IO_L9P_T1_DQS_AD7P_35        | OUTPUT        | LVCMOS25    |      35 |         12 | SLOW |                     |            FP_VTT_50 |         | FIXED      |           |          |          | NONE             |              |                   |              |
| K3         | io_FMC_LA_n[1]    | High Range | IO_L14N_T2_SRCC_35           | TRISTATE      | LVCMOS25    |      35 |         12 | SLOW |                     |            FP_VTT_50 |         | FIXED      |           |          |          | NONE             |              |                   |              |
| K4         |                   | High Range | IO_L13P_T2_MRCC_35           | User IO       |             |      35 |            |      |                     |                      |         |            |           |          |          |                  |              |                   |              |
| K5         |                   |            | GND                          | GND           |             |         |            |      |                     |                      |     0.0 |            |           |          |          |                  |              |                   |              |
| K6         | io_FMC_LA_p[9]    | High Range | IO_L17P_T2_35                | TRISTATE      | LVCMOS25    |      35 |         12 | SLOW |                     |            FP_VTT_50 |         | FIXED      |           |          |          | NONE             |              |                   |              |
| K7         |                   |            | GND                          | GND           |             |         |            |      |                     |                      |     0.0 |            |           |          |          |                  |              |                   |              |
| K8         |                   |            | VCCINT                       | VCCINT        |             |         |            |      |                     |                      |         |            |           |          |          |                  |              |                   |              |
| K9         |                   | Dedicated  | GNDADC_0                     | XADC          |             |       0 |            |      |                     |                      |         |            |           |          |          |                  |              |                   |              |
| K10        |                   | Dedicated  | VCCADC_0                     | XADC          |             |       0 |            |      |                     |                      |         |            |           |          |          |                  |              |                   |              |
| K11        |                   |            | GND                          | GND           |             |         |            |      |                     |                      |     0.0 |            |           |          |          |                  |              |                   |              |
| K12        |                   |            | VCCAUX                       | VCCAUX        |             |         |            |      |                     |                      |    1.80 |            |           |          |          |                  |              |                   |              |
| K13        | ddr3_reset_n      | High Range | IO_L19P_T3_A22_15            | OUTPUT        | LVCMOS15    |      15 |         12 | FAST |                     |            FP_VTT_50 |         | FIXED      |           |          |          | NONE             |              |                   |              |
| K14        |                   | High Range | IO_L19N_T3_A21_VREF_15       | User IO       |             |      15 |            |      |                     |                      |    0.75 |            |           |          |          |                  |              |                   |              |
| K15        |                   |            | GND                          | GND           |             |         |            |      |                     |                      |     0.0 |            |           |          |          |                  |              |                   |              |
| K16        | ddr3_addr[12]     | High Range | IO_L23N_T3_FWE_B_15          | OUTPUT        | SSTL15      |      15 |            | FAST |                     |            FP_VTT_50 |         | FIXED      |           |          |          | NONE             |              |                   |              |
| K17        | ddr3_addr[8]      | High Range | IO_L21P_T3_DQS_15            | OUTPUT        | SSTL15      |      15 |            | FAST |                     |            FP_VTT_50 |         | FIXED      |           |          |          | NONE             |              |                   |              |
| K18        | ddr3_addr[10]     | High Range | IO_L13P_T2_MRCC_15           | OUTPUT        | SSTL15      |      15 |            | FAST |                     |            FP_VTT_50 |         | FIXED      |           |          |          | NONE             |              |                   |              |
| K19        | ddr3_addr[1]      | High Range | IO_L13N_T2_MRCC_15           | OUTPUT        | SSTL15      |      15 |            | FAST |                     |            FP_VTT_50 |         | FIXED      |           |          |          | NONE             |              |                   |              |
| K20        |                   | High Range | VCCO_15                      | VCCO          |             |      15 |            |      |                     |                      |    1.50 |            |           |          |          |                  |              |                   |              |
| K21        | ddr3_addr[7]      | High Range | IO_L9P_T1_DQS_AD3P_15        | OUTPUT        | SSTL15      |      15 |            | FAST |                     |            FP_VTT_50 |         | FIXED      |           |          |          | NONE             |              |                   |              |
| K22        | ddr3_addr[4]      | High Range | IO_L9N_T1_DQS_AD3N_15        | OUTPUT        | SSTL15      |      15 |            | FAST |                     |            FP_VTT_50 |         | FIXED      |           |          |          | NONE             |              |                   |              |
| L1         | io_FMC_LA_n[13]   | High Range | IO_L15N_T2_DQS_35            | TRISTATE      | LVCMOS25    |      35 |         12 | SLOW |                     |            FP_VTT_50 |         | FIXED      |           |          |          | NONE             |              |                   |              |
| L2         |                   |            | GND                          | GND           |             |         |            |      |                     |                      |     0.0 |            |           |          |          |                  |              |                   |              |
| L3         | io_FMC_LA_p[1]    | High Range | IO_L14P_T2_SRCC_35           | TRISTATE      | LVCMOS25    |      35 |         12 | SLOW |                     |            FP_VTT_50 |         | FIXED      |           |          |          | NONE             |              |                   |              |
| L4         | io_FMC_LA_n[12]   | High Range | IO_L18N_T2_35                | TRISTATE      | LVCMOS25    |      35 |         12 | SLOW |                     |            FP_VTT_50 |         | FIXED      |           |          |          | NONE             |              |                   |              |
| L5         | io_FMC_LA_p[12]   | High Range | IO_L18P_T2_35                | TRISTATE      | LVCMOS25    |      35 |         12 | SLOW |                     |            FP_VTT_50 |         | FIXED      |           |          |          | NONE             |              |                   |              |
| L6         | ow_EEPROM_IIC_SCL | High Range | IO_25_35                     | OUTPUT        | LVCMOS25    |      35 |         12 | SLOW |                     |            FP_VTT_50 |         | FIXED      |           |          |          | NONE             |              |                   |              |
| L7         |                   |            | VCCINT                       | VCCINT        |             |         |            |      |                     |                      |         |            |           |          |          |                  |              |                   |              |
| L8         |                   |            | GND                          | GND           |             |         |            |      |                     |                      |     0.0 |            |           |          |          |                  |              |                   |              |
| L9         |                   | Dedicated  | VREFN_0                      | XADC          |             |       0 |            |      |                     |                      |         |            |           |          |          |                  |              |                   |              |
| L10        |                   | Dedicated  | VP_0                         | XADC          |             |       0 |            |      |                     |                      |         |            |           |          |          |                  |              |                   |              |
| L11        |                   |            | VCCBRAM                      | VCCBRAM       |             |         |            |      |                     |                      |         |            |           |          |          |                  |              |                   |              |
| L12        |                   | Dedicated  | CCLK_0                       | Config        |             |       0 |            |      |                     |                      |         |            |           |          |          |                  |              |                   |              |
| L13        | ddr3_ras_n        | High Range | IO_L20N_T3_A19_15            | OUTPUT        | SSTL15      |      15 |            | FAST |                     |            FP_VTT_50 |         | FIXED      |           |          |          | NONE             |              |                   |              |
| L14        | ddr3_we_n         | High Range | IO_L22P_T3_A17_15            | OUTPUT        | SSTL15      |      15 |            | FAST |                     |            FP_VTT_50 |         | FIXED      |           |          |          | NONE             |              |                   |              |
| L15        | ddr3_cke[0]       | High Range | IO_L22N_T3_A16_15            | OUTPUT        | SSTL15      |      15 |            | FAST |                     |            FP_VTT_50 |         | FIXED      |           |          |          | NONE             |              |                   |              |
| L16        | ddr3_ba[2]        | High Range | IO_L23P_T3_FOE_B_15          | OUTPUT        | SSTL15      |      15 |            | FAST |                     |            FP_VTT_50 |         | FIXED      |           |          |          | NONE             |              |                   |              |
| L17        |                   | High Range | VCCO_15                      | VCCO          |             |      15 |            |      |                     |                      |    1.50 |            |           |          |          |                  |              |                   |              |
| L18        | ddr3_addr[3]      | High Range | IO_L16N_T2_A27_15            | OUTPUT        | SSTL15      |      15 |            | FAST |                     |            FP_VTT_50 |         | FIXED      |           |          |          | NONE             |              |                   |              |
| L19        | ddr3_ck_p[0]      | High Range | IO_L14P_T2_SRCC_15           | OUTPUT        | DIFF_SSTL15 |      15 |            | FAST |                     |            FP_VTT_50 |         | FIXED      |           |          |          | NONE             |              |                   |              |
| L20        | ddr3_ck_n[0]      | High Range | IO_L14N_T2_SRCC_15           | OUTPUT        | DIFF_SSTL15 |      15 |            | FAST |                     |            FP_VTT_50 |         | FIXED      |           |          |          | NONE             |              |                   |              |
| L21        | ddr3_addr[2]      | High Range | IO_L10N_T1_AD11N_15          | OUTPUT        | SSTL15      |      15 |            | FAST |                     |            FP_VTT_50 |         | FIXED      |           |          |          | NONE             |              |                   |              |
| L22        |                   |            | GND                          | GND           |             |         |            |      |                     |                      |     0.0 |            |           |          |          |                  |              |                   |              |
| M1         | io_FMC_LA_p[13]   | High Range | IO_L15P_T2_DQS_35            | TRISTATE      | LVCMOS25    |      35 |         12 | SLOW |                     |            FP_VTT_50 |         | FIXED      |           |          |          | NONE             |              |                   |              |
| M2         |                   | High Range | IO_L16N_T2_35                | User IO       |             |      35 |            |      |                     |                      |         |            |           |          |          |                  |              |                   |              |
| M3         |                   | High Range | IO_L16P_T2_35                | User IO       |             |      35 |            |      |                     |                      |         |            |           |          |          |                  |              |                   |              |
| M4         |                   | High Range | VCCO_35                      | VCCO          |             |      35 |            |      |                     |                      |    2.50 |            |           |          |          |                  |              |                   |              |
| M5         | io_EEPROM_IIC_SDA | High Range | IO_L23N_T3_35                | BIDIR         | LVCMOS25    |      35 |         12 | SLOW |                     |            FP_VTT_50 |         | FIXED      |           |          |          | NONE             |              |                   |              |
| M6         | ow_SMG_DIG[0]     | High Range | IO_L23P_T3_35                | OUTPUT        | LVCMOS25    |      35 |         12 | SLOW |                     |            FP_VTT_50 |         | FIXED      |           |          |          | NONE             |              |                   |              |
| M7         |                   |            | GND                          | GND           |             |         |            |      |                     |                      |     0.0 |            |           |          |          |                  |              |                   |              |
| M8         |                   |            | VCCINT                       | VCCINT        |             |         |            |      |                     |                      |         |            |           |          |          |                  |              |                   |              |
| M9         |                   | Dedicated  | VN_0                         | XADC          |             |       0 |            |      |                     |                      |         |            |           |          |          |                  |              |                   |              |
| M10        |                   | Dedicated  | VREFP_0                      | XADC          |             |       0 |            |      |                     |                      |         |            |           |          |          |                  |              |                   |              |
| M11        |                   |            | GND                          | GND           |             |         |            |      |                     |                      |     0.0 |            |           |          |          |                  |              |                   |              |
| M12        |                   |            | VCCAUX                       | VCCAUX        |             |         |            |      |                     |                      |    1.80 |            |           |          |          |                  |              |                   |              |
| M13        |                   | High Range | IO_L20P_T3_A20_15            | User IO       |             |      15 |            |      |                     |                      |         |            |           |          |          |                  |              |                   |              |
| M14        |                   | High Range | VCCO_14                      | VCCO          |             |      14 |            |      |                     |                      |    1.50 |            |           |          |          |                  |              |                   |              |
| M15        | ddr3_cs_n[1]      | High Range | IO_L24P_T3_RS1_15            | OUTPUT        | SSTL15      |      15 |            | FAST |                     |            FP_VTT_50 |         | FIXED      |           |          |          | NONE             |              |                   |              |
| M16        | ddr3_cas_n        | High Range | IO_L24N_T3_RS0_15            | OUTPUT        | SSTL15      |      15 |            | FAST |                     |            FP_VTT_50 |         | FIXED      |           |          |          | NONE             |              |                   |              |
| M17        | io_FMC_RES[0]     | High Range | IO_25_15                     | BIDIR         | LVCMOS15    |      15 |         12 | SLOW |                     |            FP_VTT_50 |         | FIXED      |           |          |          | NONE             |              |                   |              |
| M18        | ddr3_ba[0]        | High Range | IO_L16P_T2_A28_15            | OUTPUT        | SSTL15      |      15 |            | FAST |                     |            FP_VTT_50 |         | FIXED      |           |          |          | NONE             |              |                   |              |
| M19        |                   |            | GND                          | GND           |             |         |            |      |                     |                      |     0.0 |            |           |          |          |                  |              |                   |              |
| M20        | ddr3_addr[6]      | High Range | IO_L18N_T2_A23_15            | OUTPUT        | SSTL15      |      15 |            | FAST |                     |            FP_VTT_50 |         | FIXED      |           |          |          | NONE             |              |                   |              |
| M21        | ddr3_ba[1]        | High Range | IO_L10P_T1_AD11P_15          | OUTPUT        | SSTL15      |      15 |            | FAST |                     |            FP_VTT_50 |         | FIXED      |           |          |          | NONE             |              |                   |              |
| M22        | ddr3_addr[13]     | High Range | IO_L15N_T2_DQS_ADV_B_15      | OUTPUT        | SSTL15      |      15 |            | FAST |                     |            FP_VTT_50 |         | FIXED      |           |          |          | NONE             |              |                   |              |
| N1         |                   | High Range | VCCO_35                      | VCCO          |             |      35 |            |      |                     |                      |    2.50 |            |           |          |          |                  |              |                   |              |
| N2         | io_FMC_LA_n[16]   | High Range | IO_L22N_T3_35                | TRISTATE      | LVCMOS25    |      35 |         12 | SLOW |                     |            FP_VTT_50 |         | FIXED      |           |          |          | NONE             |              |                   |              |
| N3         | io_FMC_LA_n[11]   | High Range | IO_L19N_T3_VREF_35           | TRISTATE      | LVCMOS25    |      35 |         12 | SLOW |                     |            FP_VTT_50 |         | FIXED      |           |          |          | NONE             |              |                   |              |
| N4         | io_FMC_LA_p[11]   | High Range | IO_L19P_T3_35                | TRISTATE      | LVCMOS25    |      35 |         12 | SLOW |                     |            FP_VTT_50 |         | FIXED      |           |          |          | NONE             |              |                   |              |
| N5         | PHYA_rgmii_txd[2] | High Range | IO_L24N_T3_35                | OUTPUT        | LVCMOS25    |      35 |         12 | FAST |                     |            FP_VTT_50 |         | FIXED      |           |          |          | NONE             |              |                   |              |
| N6         |                   |            | GND                          | GND           |             |         |            |      |                     |                      |     0.0 |            |           |          |          |                  |              |                   |              |
| N7         |                   |            | VCCINT                       | VCCINT        |             |         |            |      |                     |                      |         |            |           |          |          |                  |              |                   |              |
| N8         |                   |            | GND                          | GND           |             |         |            |      |                     |                      |     0.0 |            |           |          |          |                  |              |                   |              |
| N9         |                   | Dedicated  | DXN_0                        | Temp Sensor   |             |       0 |            |      |                     |                      |         |            |           |          |          |                  |              |                   |              |
| N10        |                   | Dedicated  | DXP_0                        | Temp Sensor   |             |       0 |            |      |                     |                      |         |            |           |          |          |                  |              |                   |              |
| N11        |                   |            | VCCBRAM                      | VCCBRAM       |             |         |            |      |                     |                      |         |            |           |          |          |                  |              |                   |              |
| N12        |                   | Dedicated  | PROGRAM_B_0                  | Config        |             |       0 |            |      |                     |                      |         |            |           |          |          |                  |              |                   |              |
| N13        | ddr3_dq[55]       | High Range | IO_L23P_T3_A03_D19_14        | BIDIR         | SSTL15      |      14 |            | FAST |    UNTUNED_SPLIT_50 |            FP_VTT_50 |         | FIXED      |           |          | External | NONE             |              |                   |              |
| N14        | ddr3_dq[54]       | High Range | IO_L23N_T3_A02_D18_14        | BIDIR         | SSTL15      |      14 |            | FAST |    UNTUNED_SPLIT_50 |            FP_VTT_50 |         | FIXED      |           |          | External | NONE             |              |                   |              |
| N15        | io_FMC_RES[1]     | High Range | IO_25_14                     | BIDIR         | LVCMOS15    |      14 |         12 | SLOW |                     |            FP_VTT_50 |         | FIXED      |           |          |          | NONE             |              |                   |              |
| N16        |                   |            | GND                          | GND           |             |         |            |      |                     |                      |     0.0 |            |           |          |          |                  |              |                   |              |
| N17        | ddr3_dqs_p[6]     | High Range | IO_L21P_T3_DQS_14            | BIDIR         | DIFF_SSTL15 |      14 |            | FAST |                     |            FP_VTT_50 |         | FIXED      |           |          |          | NONE             |              |                   |              |
| N18        | ddr3_odt[1]       | High Range | IO_L17P_T2_A26_15            | OUTPUT        | SSTL15      |      15 |            | FAST |                     |            FP_VTT_50 |         | FIXED      |           |          |          | NONE             |              |                   |              |
| N19        | ddr3_odt[0]       | High Range | IO_L17N_T2_A25_15            | OUTPUT        | SSTL15      |      15 |            | FAST |                     |            FP_VTT_50 |         | FIXED      |           |          |          | NONE             |              |                   |              |
| N20        | ddr3_addr[0]      | High Range | IO_L18P_T2_A24_15            | OUTPUT        | SSTL15      |      15 |            | FAST |                     |            FP_VTT_50 |         | FIXED      |           |          |          | NONE             |              |                   |              |
| N21        |                   | High Range | VCCO_15                      | VCCO          |             |      15 |            |      |                     |                      |    1.50 |            |           |          |          |                  |              |                   |              |
| N22        | ddr3_cs_n[0]      | High Range | IO_L15P_T2_DQS_15            | OUTPUT        | SSTL15      |      15 |            | FAST |                     |            FP_VTT_50 |         | FIXED      |           |          |          | NONE             |              |                   |              |
| P1         | io_FMC_LA_n[14]   | High Range | IO_L20N_T3_35                | TRISTATE      | LVCMOS25    |      35 |         12 | SLOW |                     |            FP_VTT_50 |         | FIXED      |           |          |          | NONE             |              |                   |              |
| P2         | io_FMC_LA_p[16]   | High Range | IO_L22P_T3_35                | TRISTATE      | LVCMOS25    |      35 |         12 | SLOW |                     |            FP_VTT_50 |         | FIXED      |           |          |          | NONE             |              |                   |              |
| P3         |                   |            | GND                          | GND           |             |         |            |      |                     |                      |     0.0 |            |           |          |          |                  |              |                   |              |
| P4         | io_FMC_LA_n[15]   | High Range | IO_L21N_T3_DQS_35            | TRISTATE      | LVCMOS25    |      35 |         12 | SLOW |                     |            FP_VTT_50 |         | FIXED      |           |          |          | NONE             |              |                   |              |
| P5         | io_FMC_LA_p[15]   | High Range | IO_L21P_T3_DQS_35            | TRISTATE      | LVCMOS25    |      35 |         12 | SLOW |                     |            FP_VTT_50 |         | FIXED      |           |          |          | NONE             |              |                   |              |
| P6         | ow_LED_PIN        | High Range | IO_L24P_T3_35                | OUTPUT        | LVCMOS25    |      35 |         12 | SLOW |                     |            FP_VTT_50 |         | FIXED      |           |          |          | NONE             |              |                   |              |
| P7         |                   |            | GND                          | GND           |             |         |            |      |                     |                      |     0.0 |            |           |          |          |                  |              |                   |              |
| P8         |                   |            | VCCINT                       | VCCINT        |             |         |            |      |                     |                      |         |            |           |          |          |                  |              |                   |              |
| P9         |                   |            | GND                          | GND           |             |         |            |      |                     |                      |     0.0 |            |           |          |          |                  |              |                   |              |
| P10        |                   |            | VCCINT                       | VCCINT        |             |         |            |      |                     |                      |         |            |           |          |          |                  |              |                   |              |
| P11        |                   |            | GND                          | GND           |             |         |            |      |                     |                      |     0.0 |            |           |          |          |                  |              |                   |              |
| P12        |                   |            | VCCAUX                       | VCCAUX        |             |         |            |      |                     |                      |    1.80 |            |           |          |          |                  |              |                   |              |
| P13        |                   |            | GND                          | GND           |             |         |            |      |                     |                      |     0.0 |            |           |          |          |                  |              |                   |              |
| P14        | ddr3_dq[50]       | High Range | IO_L19P_T3_A10_D26_14        | BIDIR         | SSTL15      |      14 |            | FAST |    UNTUNED_SPLIT_50 |            FP_VTT_50 |         | FIXED      |           |          | External | NONE             |              |                   |              |
| P15        | ddr3_dq[51]       | High Range | IO_L22P_T3_A05_D21_14        | BIDIR         | SSTL15      |      14 |            | FAST |    UNTUNED_SPLIT_50 |            FP_VTT_50 |         | FIXED      |           |          | External | NONE             |              |                   |              |
| P16        | ddr3_dq[53]       | High Range | IO_L24P_T3_A01_D17_14        | BIDIR         | SSTL15      |      14 |            | FAST |    UNTUNED_SPLIT_50 |            FP_VTT_50 |         | FIXED      |           |          | External | NONE             |              |                   |              |
| P17        | ddr3_dqs_n[6]     | High Range | IO_L21N_T3_DQS_A06_D22_14    | BIDIR         | DIFF_SSTL15 |      14 |            | FAST |                     |            FP_VTT_50 |         | FIXED      |           |          |          | NONE             |              |                   |              |
| P18        |                   | High Range | VCCO_14                      | VCCO          |             |      14 |            |      |                     |                      |    1.50 |            |           |          |          |                  |              |                   |              |
| P19        |                   | High Range | IO_L5P_T0_D06_14             | User IO       |             |      14 |            |      |                     |                      |         |            |           |          |          |                  |              |                   |              |
| P20        | io_FMC_SDA        | High Range | IO_0_14                      | BIDIR         | LVCMOS15    |      14 |         12 | SLOW |                     |            FP_VTT_50 |         | FIXED      |           |          |          | NONE             |              |                   |              |
| P21        |                   | High Range | IO_L2P_T0_D02_14             | User IO       |             |      14 |            |      |                     |                      |         |            |           |          |          |                  |              |                   |              |
| P22        |                   | High Range | IO_L1P_T0_D00_MOSI_14        | User IO       |             |      14 |            |      |                     |                      |         |            |           |          |          |                  |              |                   |              |
| R1         | io_FMC_LA_p[14]   | High Range | IO_L20P_T3_35                | TRISTATE      | LVCMOS25    |      35 |         12 | SLOW |                     |            FP_VTT_50 |         | FIXED      |           |          |          | NONE             |              |                   |              |
| R2         | PHYA_rgmii_txd[3] | High Range | IO_L3N_T0_DQS_34             | OUTPUT        | LVCMOS25    |      34 |         12 | FAST |                     |            FP_VTT_50 |         | FIXED      |           |          |          | NONE             |              |                   |              |
| R3         | PHYA_rgmii_tx_ctl | High Range | IO_L3P_T0_DQS_34             | OUTPUT        | LVCMOS25    |      34 |         12 | FAST |                     |            FP_VTT_50 |         | FIXED      |           |          |          | NONE             |              |                   |              |
| R4         | io_FMC_clk_p[1]   | High Range | IO_L13P_T2_MRCC_34           | TRISTATE      | LVCMOS25    |      34 |         12 | SLOW |                     |            FP_VTT_50 |         | FIXED      |           |          |          | NONE             |              |                   |              |
| R5         |                   | High Range | VCCO_34                      | VCCO          |             |      34 |            |      |                     |                      |    2.50 |            |           |          |          |                  |              |                   |              |
| R6         | PHYA_rgmii_rx_ctl | High Range | IO_L17P_T2_34                | INPUT         | LVCMOS25    |      34 |            |      |                     |                 NONE |         | FIXED      |           |          |          | NONE             |              |                   |              |
| R7         |                   |            | VCCINT                       | VCCINT        |             |         |            |      |                     |                      |         |            |           |          |          |                  |              |                   |              |
| R8         |                   |            | GND                          | GND           |             |         |            |      |                     |                      |     0.0 |            |           |          |          |                  |              |                   |              |
| R9         |                   |            | VCCINT                       | VCCINT        |             |         |            |      |                     |                      |         |            |           |          |          |                  |              |                   |              |
| R10        |                   |            | GND                          | GND           |             |         |            |      |                     |                      |     0.0 |            |           |          |          |                  |              |                   |              |
| R11        |                   |            | VCCAUX                       | VCCAUX        |             |         |            |      |                     |                      |    1.80 |            |           |          |          |                  |              |                   |              |
| R12        |                   |            | GND                          | GND           |             |         |            |      |                     |                      |     0.0 |            |           |          |          |                  |              |                   |              |
| R13        |                   | Dedicated  | TDI_0                        | Config        |             |       0 |            |      |                     |                      |         |            |           |          |          |                  |              |                   |              |
| R14        |                   | High Range | IO_L19N_T3_A09_D25_VREF_14   | User IO       |             |      14 |            |      |                     |                      |    0.75 |            |           |          |          |                  |              |                   |              |
| R15        |                   | High Range | VCCO_14                      | VCCO          |             |      14 |            |      |                     |                      |    1.50 |            |           |          |          |                  |              |                   |              |
| R16        | ddr3_dm[6]        | High Range | IO_L22N_T3_A04_D20_14        | TRISTATE      | SSTL15      |      14 |            | FAST |                     |            FP_VTT_50 |         | FIXED      |           |          |          | NONE             |              |                   |              |
| R17        | ddr3_dq[48]       | High Range | IO_L24N_T3_A00_D16_14        | BIDIR         | SSTL15      |      14 |            | FAST |    UNTUNED_SPLIT_50 |            FP_VTT_50 |         | FIXED      |           |          | External | NONE             |              |                   |              |
| R18        | ddr3_dq[52]       | High Range | IO_L20P_T3_A08_D24_14        | BIDIR         | SSTL15      |      14 |            | FAST |    UNTUNED_SPLIT_50 |            FP_VTT_50 |         | FIXED      |           |          | External | NONE             |              |                   |              |
| R19        | io_FMC_PG_M2C     | High Range | IO_L5N_T0_D07_14             | BIDIR         | LVCMOS15    |      14 |         12 | SLOW |                     |            FP_VTT_50 |         | FIXED      |           |          |          | NONE             |              |                   |              |
| R20        |                   |            | GND                          | GND           |             |         |            |      |                     |                      |     0.0 |            |           |          |          |                  |              |                   |              |
| R21        |                   | High Range | IO_L2N_T0_D03_14             | User IO       |             |      14 |            |      |                     |                      |         |            |           |          |          |                  |              |                   |              |
| R22        |                   | High Range | IO_L1N_T0_D01_DIN_14         | User IO       |             |      14 |            |      |                     |                      |         |            |           |          |          |                  |              |                   |              |
| T1         | io_FMC_LA_p[23]   | High Range | IO_L1P_T0_34                 | TRISTATE      | LVCMOS25    |      34 |         12 | SLOW |                     |            FP_VTT_50 |         | FIXED      |           |          |          | NONE             |              |                   |              |
| T2         |                   | High Range | VCCO_34                      | VCCO          |             |      34 |            |      |                     |                      |    2.50 |            |           |          |          |                  |              |                   |              |
| T3         | ow_SMG_DIG[1]     | High Range | IO_0_34                      | OUTPUT        | LVCMOS25    |      34 |         12 | SLOW |                     |            FP_VTT_50 |         | FIXED      |           |          |          | NONE             |              |                   |              |
| T4         | io_FMC_clk_n[1]   | High Range | IO_L13N_T2_MRCC_34           | TRISTATE      | LVCMOS25    |      34 |         12 | SLOW |                     |            FP_VTT_50 |         | FIXED      |           |          |          | NONE             |              |                   |              |
| T5         | io_FMC_LA_p[17]   | High Range | IO_L14P_T2_SRCC_34           | TRISTATE      | LVCMOS25    |      34 |         12 | SLOW |                     |            FP_VTT_50 |         | FIXED      |           |          |          | NONE             |              |                   |              |
| T6         | PHYA_rgmii_rxd[0] | High Range | IO_L17N_T2_34                | INPUT         | LVCMOS25    |      34 |            |      |                     |                 NONE |         | FIXED      |           |          |          | NONE             |              |                   |              |
| T7         |                   |            | GND                          | GND           |             |         |            |      |                     |                      |     0.0 |            |           |          |          |                  |              |                   |              |
| T8         |                   |            | VCCINT                       | VCCINT        |             |         |            |      |                     |                      |         |            |           |          |          |                  |              |                   |              |
| T9         |                   |            | GND                          | GND           |             |         |            |      |                     |                      |     0.0 |            |           |          |          |                  |              |                   |              |
| T10        |                   |            | VCCINT                       | VCCINT        |             |         |            |      |                     |                      |         |            |           |          |          |                  |              |                   |              |
| T11        |                   |            | GND                          | GND           |             |         |            |      |                     |                      |     0.0 |            |           |          |          |                  |              |                   |              |
| T12        |                   | Dedicated  | VCCO_0                       | VCCO          |             |       0 |            |      |                     |                      |    1.50 |            |           |          |          |                  |              |                   |              |
| T13        |                   | Dedicated  | TMS_0                        | Config        |             |       0 |            |      |                     |                      |         |            |           |          |          |                  |              |                   |              |
| T14        | ow_TEST_PIN[18]   | High Range | IO_L15P_T2_DQS_13            | TRISTATE      | LVCMOS33    |      13 |         12 | SLOW |                     |            FP_VTT_50 |         | FIXED      |           |          |          | NONE             |              |                   |              |
| T15        | ow_TEST_PIN[2]    | High Range | IO_L15N_T2_DQS_13            | TRISTATE      | LVCMOS33    |      13 |         12 | SLOW |                     |            FP_VTT_50 |         | FIXED      |           |          |          | NONE             |              |                   |              |
| T16        | ow_TEST_PIN[16]   | High Range | IO_L17P_T2_13                | TRISTATE      | LVCMOS33    |      13 |         12 | SLOW |                     |            FP_VTT_50 |         | FIXED      |           |          |          | NONE             |              |                   |              |
| T17        |                   |            | GND                          | GND           |             |         |            |      |                     |                      |     0.0 |            |           |          |          |                  |              |                   |              |
| T18        | ddr3_dq[49]       | High Range | IO_L20N_T3_A07_D23_14        | BIDIR         | SSTL15      |      14 |            | FAST |    UNTUNED_SPLIT_50 |            FP_VTT_50 |         | FIXED      |           |          | External | NONE             |              |                   |              |
| T19        |                   | High Range | IO_L6P_T0_FCS_B_14           | User IO       |             |      14 |            |      |                     |                      |         |            |           |          |          |                  |              |                   |              |
| T20        |                   | High Range | IO_L6N_T0_D08_VREF_14        | User IO       |             |      14 |            |      |                     |                      |    0.75 |            |           |          |          |                  |              |                   |              |
| T21        |                   | High Range | IO_L4P_T0_D04_14             | User IO       |             |      14 |            |      |                     |                      |         |            |           |          |          |                  |              |                   |              |
| T22        |                   | High Range | VCCO_14                      | VCCO          |             |      14 |            |      |                     |                      |    1.50 |            |           |          |          |                  |              |                   |              |
| U1         | io_FMC_LA_n[23]   | High Range | IO_L1N_T0_34                 | TRISTATE      | LVCMOS25    |      34 |         12 | SLOW |                     |            FP_VTT_50 |         | FIXED      |           |          |          | NONE             |              |                   |              |
| U2         | io_FMC_LA_p[22]   | High Range | IO_L2P_T0_34                 | TRISTATE      | LVCMOS25    |      34 |         12 | SLOW |                     |            FP_VTT_50 |         | FIXED      |           |          |          | NONE             |              |                   |              |
| U3         | io_FMC_LA_p[20]   | High Range | IO_L6P_T0_34                 | TRISTATE      | LVCMOS25    |      34 |         12 | SLOW |                     |            FP_VTT_50 |         | FIXED      |           |          |          | NONE             |              |                   |              |
| U4         |                   |            | GND                          | GND           |             |         |            |      |                     |                      |     0.0 |            |           |          |          |                  |              |                   |              |
| U5         | io_FMC_LA_n[17]   | High Range | IO_L14N_T2_SRCC_34           | TRISTATE      | LVCMOS25    |      34 |         12 | SLOW |                     |            FP_VTT_50 |         | FIXED      |           |          |          | NONE             |              |                   |              |
| U6         | PHYA_rgmii_txd[1] | High Range | IO_L16P_T2_34                | OUTPUT        | LVCMOS25    |      34 |         12 | FAST |                     |            FP_VTT_50 |         | FIXED      |           |          |          | NONE             |              |                   |              |
| U7         | PHYA_rgmii_rxd[1] | High Range | IO_25_34                     | INPUT         | LVCMOS25    |      34 |            |      |                     |                 NONE |         | FIXED      |           |          |          | NONE             |              |                   |              |
| U8         |                   | Dedicated  | CFGBVS_0                     | Config        |             |       0 |            |      |                     |                      |     0.0 |            |           |          |          |                  |              |                   |              |
| U9         |                   | Dedicated  | M2_0                         | Config        |             |       0 |            |      |                     |                      |         |            |           |          |          |                  |              |                   |              |
| U10        |                   | Dedicated  | M1_0                         | Config        |             |       0 |            |      |                     |                      |         |            |           |          |          |                  |              |                   |              |
| U11        |                   | Dedicated  | M0_0                         | Config        |             |       0 |            |      |                     |                      |         |            |           |          |          |                  |              |                   |              |
| U12        |                   | Dedicated  | INIT_B_0                     | Config        |             |       0 |            |      |                     |                      |         |            |           |          |          |                  |              |                   |              |
| U13        |                   | Dedicated  | TDO_0                        | Config        |             |       0 |            |      |                     |                      |         |            |           |          |          |                  |              |                   |              |
| U14        |                   |            | GND                          | GND           |             |         |            |      |                     |                      |     0.0 |            |           |          |          |                  |              |                   |              |
| U15        | ow_TEST_PIN[17]   | High Range | IO_L14P_T2_SRCC_13           | TRISTATE      | LVCMOS33    |      13 |         12 | SLOW |                     |            FP_VTT_50 |         | FIXED      |           |          |          | NONE             |              |                   |              |
| U16        | ow_TEST_PIN[0]    | High Range | IO_L17N_T2_13                | OUTPUT        | LVCMOS33    |      13 |         12 | SLOW |                     |            FP_VTT_50 |         | FIXED      |           |          |          | NONE             |              |                   |              |
| U17        | ddr3_dq[46]       | High Range | IO_L18P_T2_A12_D28_14        | BIDIR         | SSTL15      |      14 |            | FAST |    UNTUNED_SPLIT_50 |            FP_VTT_50 |         | FIXED      |           |          | External | NONE             |              |                   |              |
| U18        | ddr3_dq[44]       | High Range | IO_L18N_T2_A11_D27_14        | BIDIR         | SSTL15      |      14 |            | FAST |    UNTUNED_SPLIT_50 |            FP_VTT_50 |         | FIXED      |           |          | External | NONE             |              |                   |              |
| U19        |                   | High Range | VCCO_14                      | VCCO          |             |      14 |            |      |                     |                      |    1.50 |            |           |          |          |                  |              |                   |              |
| U20        | ddr3_dq[36]       | High Range | IO_L11P_T1_SRCC_14           | BIDIR         | SSTL15      |      14 |            | FAST |    UNTUNED_SPLIT_50 |            FP_VTT_50 |         | FIXED      |           |          | External | NONE             |              |                   |              |
| U21        | phy_rst_o         | High Range | IO_L4N_T0_D05_14             | OUTPUT        | LVCMOS15    |      14 |         12 | SLOW |                     |            FP_VTT_50 |         | FIXED      |           |          |          | NONE             |              |                   |              |
| U22        |                   | High Range | IO_L3P_T0_DQS_PUDC_B_14      | User IO       |             |      14 |            |      |                     |                      |         |            |           |          |          |                  |              |                   |              |
| V1         |                   |            | GND                          | GND           |             |         |            |      |                     |                      |     0.0 |            |           |          |          |                  |              |                   |              |
| V2         | io_FMC_LA_n[22]   | High Range | IO_L2N_T0_34                 | TRISTATE      | LVCMOS25    |      34 |         12 | SLOW |                     |            FP_VTT_50 |         | FIXED      |           |          |          | NONE             |              |                   |              |
| V3         | io_FMC_LA_n[20]   | High Range | IO_L6N_T0_VREF_34            | TRISTATE      | LVCMOS25    |      34 |         12 | SLOW |                     |            FP_VTT_50 |         | FIXED      |           |          |          | NONE             |              |                   |              |
| V4         | PHYA_rgmii_rxc    | High Range | IO_L12P_T1_MRCC_34           | INPUT         | LVCMOS25    |      34 |            |      |                     |                 NONE |         | FIXED      |           |          |          | NONE             |              |                   |              |
| V5         | ow_SMG_SEL[1]     | High Range | IO_L16N_T2_34                | OUTPUT        | LVCMOS25    |      34 |         12 | SLOW |                     |            FP_VTT_50 |         | FIXED      |           |          |          | NONE             |              |                   |              |
| V6         |                   | High Range | VCCO_34                      | VCCO          |             |      34 |            |      |                     |                      |    2.50 |            |           |          |          |                  |              |                   |              |
| V7         | io_FMC_LA_p[19]   | High Range | IO_L19P_T3_34                | TRISTATE      | LVCMOS25    |      34 |         12 | SLOW |                     |            FP_VTT_50 |         | FIXED      |           |          |          | NONE             |              |                   |              |
| V8         | PHYA_rgmii_rxd[2] | High Range | IO_L21N_T3_DQS_34            | INPUT         | LVCMOS25    |      34 |            |      |                     |                 NONE |         | FIXED      |           |          |          | NONE             |              |                   |              |
| V9         | PHYA_rgmii_rxd[3] | High Range | IO_L21P_T3_DQS_34            | INPUT         | LVCMOS25    |      34 |            |      |                     |                 NONE |         | FIXED      |           |          |          | NONE             |              |                   |              |
| V10        |                   | High Range | IO_L10P_T1_13                | User IO       |             |      13 |            |      |                     |                      |         |            |           |          |          |                  |              |                   |              |
| V11        |                   |            | GND                          | GND           |             |         |            |      |                     |                      |     0.0 |            |           |          |          |                  |              |                   |              |
| V12        |                   | Dedicated  | TCK_0                        | Config        |             |       0 |            |      |                     |                      |         |            |           |          |          |                  |              |                   |              |
| V13        | ow_TEST_PIN[20]   | High Range | IO_L13P_T2_MRCC_13           | TRISTATE      | LVCMOS33    |      13 |         12 | SLOW |                     |            FP_VTT_50 |         | FIXED      |           |          |          | NONE             |              |                   |              |
| V14        | ow_TEST_PIN[4]    | High Range | IO_L13N_T2_MRCC_13           | OUTPUT        | LVCMOS33    |      13 |         12 | SLOW |                     |            FP_VTT_50 |         | FIXED      |           |          |          | NONE             |              |                   |              |
| V15        | ow_TEST_PIN[1]    | High Range | IO_L14N_T2_SRCC_13           | OUTPUT        | LVCMOS33    |      13 |         12 | SLOW |                     |            FP_VTT_50 |         | FIXED      |           |          |          | NONE             |              |                   |              |
| V16        |                   | High Range | VCCO_13                      | VCCO          |             |      13 |            |      |                     |                      |    3.30 |            |           |          |          |                  |              |                   |              |
| V17        | ddr3_dq[41]       | High Range | IO_L16P_T2_CSI_B_14          | BIDIR         | SSTL15      |      14 |            | FAST |    UNTUNED_SPLIT_50 |            FP_VTT_50 |         | FIXED      |           |          | External | NONE             |              |                   |              |
| V18        | ddr3_dq[40]       | High Range | IO_L14P_T2_SRCC_14           | BIDIR         | SSTL15      |      14 |            | FAST |    UNTUNED_SPLIT_50 |            FP_VTT_50 |         | FIXED      |           |          | External | NONE             |              |                   |              |
| V19        | ddr3_dq[45]       | High Range | IO_L14N_T2_SRCC_14           | BIDIR         | SSTL15      |      14 |            | FAST |    UNTUNED_SPLIT_50 |            FP_VTT_50 |         | FIXED      |           |          | External | NONE             |              |                   |              |
| V20        | ddr3_dq[37]       | High Range | IO_L11N_T1_SRCC_14           | BIDIR         | SSTL15      |      14 |            | FAST |    UNTUNED_SPLIT_50 |            FP_VTT_50 |         | FIXED      |           |          | External | NONE             |              |                   |              |
| V21        |                   |            | GND                          | GND           |             |         |            |      |                     |                      |     0.0 |            |           |          |          |                  |              |                   |              |
| V22        | ow_FMC_SCL        | High Range | IO_L3N_T0_DQS_EMCCLK_14      | OUTPUT        | LVCMOS15    |      14 |         12 | SLOW |                     |            FP_VTT_50 |         | FIXED      |           |          |          | NONE             |              |                   |              |
| W1         | io_FMC_LA_p[21]   | High Range | IO_L5P_T0_34                 | TRISTATE      | LVCMOS25    |      34 |         12 | SLOW |                     |            FP_VTT_50 |         | FIXED      |           |          |          | NONE             |              |                   |              |
| W2         | io_FMC_LA_p[26]   | High Range | IO_L4P_T0_34                 | TRISTATE      | LVCMOS25    |      34 |         12 | SLOW |                     |            FP_VTT_50 |         | FIXED      |           |          |          | NONE             |              |                   |              |
| W3         |                   | High Range | VCCO_34                      | VCCO          |             |      34 |            |      |                     |                      |    2.50 |            |           |          |          |                  |              |                   |              |
| W4         | ow_SMG_SEL[0]     | High Range | IO_L12N_T1_MRCC_34           | OUTPUT        | LVCMOS25    |      34 |         12 | SLOW |                     |            FP_VTT_50 |         | FIXED      |           |          |          | NONE             |              |                   |              |
| W5         | PHYA_rgmii_txc    | High Range | IO_L15N_T2_DQS_34            | OUTPUT        | LVCMOS25    |      34 |         12 | FAST |                     |            FP_VTT_50 |         | FIXED      |           |          |          | NONE             |              |                   |              |
| W6         | PHYA_rgmii_txd[0] | High Range | IO_L15P_T2_DQS_34            | OUTPUT        | LVCMOS25    |      34 |         12 | FAST |                     |            FP_VTT_50 |         | FIXED      |           |          |          | NONE             |              |                   |              |
| W7         | io_FMC_LA_n[19]   | High Range | IO_L19N_T3_VREF_34           | TRISTATE      | LVCMOS25    |      34 |         12 | SLOW |                     |            FP_VTT_50 |         | FIXED      |           |          |          | NONE             |              |                   |              |
| W8         |                   |            | GND                          | GND           |             |         |            |      |                     |                      |     0.0 |            |           |          |          |                  |              |                   |              |
| W9         | io_FMC_LA_p[32]   | High Range | IO_L24P_T3_34                | TRISTATE      | LVCMOS25    |      34 |         12 | SLOW |                     |            FP_VTT_50 |         | FIXED      |           |          |          | NONE             |              |                   |              |
| W10        |                   | High Range | IO_L10N_T1_13                | User IO       |             |      13 |            |      |                     |                      |         |            |           |          |          |                  |              |                   |              |
| W11        | ow_TEST_PIN[27]   | High Range | IO_L12P_T1_MRCC_13           | TRISTATE      | LVCMOS33    |      13 |         12 | SLOW |                     |            FP_VTT_50 |         | FIXED      |           |          |          | NONE             |              |                   |              |
| W12        | ow_TEST_PIN[11]   | High Range | IO_L12N_T1_MRCC_13           | TRISTATE      | LVCMOS33    |      13 |         12 | SLOW |                     |            FP_VTT_50 |         | FIXED      |           |          |          | NONE             |              |                   |              |
| W13        |                   | High Range | VCCO_13                      | VCCO          |             |      13 |            |      |                     |                      |    3.30 |            |           |          |          |                  |              |                   |              |
| W14        | ow_TEST_PIN[25]   | High Range | IO_L6P_T0_13                 | TRISTATE      | LVCMOS33    |      13 |         12 | SLOW |                     |            FP_VTT_50 |         | FIXED      |           |          |          | NONE             |              |                   |              |
| W15        | ow_TEST_PIN[19]   | High Range | IO_L16P_T2_13                | TRISTATE      | LVCMOS33    |      13 |         12 | SLOW |                     |            FP_VTT_50 |         | FIXED      |           |          |          | NONE             |              |                   |              |
| W16        | ow_TEST_PIN[3]    | High Range | IO_L16N_T2_13                | OUTPUT        | LVCMOS33    |      13 |         12 | SLOW |                     |            FP_VTT_50 |         | FIXED      |           |          |          | NONE             |              |                   |              |
| W17        | ddr3_dm[5]        | High Range | IO_L16N_T2_A15_D31_14        | TRISTATE      | SSTL15      |      14 |            | FAST |                     |            FP_VTT_50 |         | FIXED      |           |          |          | NONE             |              |                   |              |
| W18        |                   |            | GND                          | GND           |             |         |            |      |                     |                      |     0.0 |            |           |          |          |                  |              |                   |              |
| W19        | io_FMC_PRSNT      | High Range | IO_L12P_T1_MRCC_14           | BIDIR         | LVCMOS15    |      14 |         12 | SLOW |                     |            FP_VTT_50 |         | FIXED      |           |          |          | NONE             |              |                   |              |
| W20        | ddr3_dm[4]        | High Range | IO_L12N_T1_MRCC_14           | TRISTATE      | SSTL15      |      14 |            | FAST |                     |            FP_VTT_50 |         | FIXED      |           |          |          | NONE             |              |                   |              |
| W21        | ddr3_dq[33]       | High Range | IO_L7P_T1_D09_14             | BIDIR         | SSTL15      |      14 |            | FAST |    UNTUNED_SPLIT_50 |            FP_VTT_50 |         | FIXED      |           |          | External | NONE             |              |                   |              |
| W22        | ddr3_dq[32]       | High Range | IO_L7N_T1_D10_14             | BIDIR         | SSTL15      |      14 |            | FAST |    UNTUNED_SPLIT_50 |            FP_VTT_50 |         | FIXED      |           |          | External | NONE             |              |                   |              |
| Y1         | io_FMC_LA_n[21]   | High Range | IO_L5N_T0_34                 | TRISTATE      | LVCMOS25    |      34 |         12 | SLOW |                     |            FP_VTT_50 |         | FIXED      |           |          |          | NONE             |              |                   |              |
| Y2         | io_FMC_LA_n[26]   | High Range | IO_L4N_T0_34                 | TRISTATE      | LVCMOS25    |      34 |         12 | SLOW |                     |            FP_VTT_50 |         | FIXED      |           |          |          | NONE             |              |                   |              |
| Y3         | io_FMC_LA_p[25]   | High Range | IO_L9P_T1_DQS_34             | TRISTATE      | LVCMOS25    |      34 |         12 | SLOW |                     |            FP_VTT_50 |         | FIXED      |           |          |          | NONE             |              |                   |              |
| Y4         | io_FMC_LA_p[18]   | High Range | IO_L11P_T1_SRCC_34           | TRISTATE      | LVCMOS25    |      34 |         12 | SLOW |                     |            FP_VTT_50 |         | FIXED      |           |          |          | NONE             |              |                   |              |
| Y5         |                   |            | GND                          | GND           |             |         |            |      |                     |                      |     0.0 |            |           |          |          |                  |              |                   |              |
| Y6         | io_FMC_LA_p[24]   | High Range | IO_L18P_T2_34                | TRISTATE      | LVCMOS25    |      34 |         12 | SLOW |                     |            FP_VTT_50 |         | FIXED      |           |          |          | NONE             |              |                   |              |
| Y7         | io_FMC_LA_n[29]   | High Range | IO_L23N_T3_34                | TRISTATE      | LVCMOS25    |      34 |         12 | SLOW |                     |            FP_VTT_50 |         | FIXED      |           |          |          | NONE             |              |                   |              |
| Y8         | io_FMC_LA_p[29]   | High Range | IO_L23P_T3_34                | TRISTATE      | LVCMOS25    |      34 |         12 | SLOW |                     |            FP_VTT_50 |         | FIXED      |           |          |          | NONE             |              |                   |              |
| Y9         | io_FMC_LA_n[32]   | High Range | IO_L24N_T3_34                | TRISTATE      | LVCMOS25    |      34 |         12 | SLOW |                     |            FP_VTT_50 |         | FIXED      |           |          |          | NONE             |              |                   |              |
| Y10        |                   | High Range | VCCO_13                      | VCCO          |             |      13 |            |      |                     |                      |    3.30 |            |           |          |          |                  |              |                   |              |
| Y11        | ow_TEST_PIN[29]   | High Range | IO_L11P_T1_SRCC_13           | TRISTATE      | LVCMOS33    |      13 |         12 | SLOW |                     |            FP_VTT_50 |         | FIXED      |           |          |          | NONE             |              |                   |              |
| Y12        | ow_TEST_PIN[13]   | High Range | IO_L11N_T1_SRCC_13           | TRISTATE      | LVCMOS33    |      13 |         12 | SLOW |                     |            FP_VTT_50 |         | FIXED      |           |          |          | NONE             |              |                   |              |
| Y13        | ow_TEST_PIN[26]   | High Range | IO_L5P_T0_13                 | TRISTATE      | LVCMOS33    |      13 |         12 | SLOW |                     |            FP_VTT_50 |         | FIXED      |           |          |          | NONE             |              |                   |              |
| Y14        | ow_TEST_PIN[9]    | High Range | IO_L6N_T0_VREF_13            | OUTPUT        | LVCMOS33    |      13 |         12 | SLOW |                     |            FP_VTT_50 |         | FIXED      |           |          |          | NONE             |              |                   |              |
| Y15        |                   |            | GND                          | GND           |             |         |            |      |                     |                      |     0.0 |            |           |          |          |                  |              |                   |              |
| Y16        | ow_TEST_PIN[21]   | High Range | IO_L1P_T0_13                 | TRISTATE      | LVCMOS33    |      13 |         12 | SLOW |                     |            FP_VTT_50 |         | FIXED      |           |          |          | NONE             |              |                   |              |
| Y17        | ow_WS2812B        | High Range | IO_0_13                      | OUTPUT        | LVCMOS33    |      13 |         12 | SLOW |                     |            FP_VTT_50 |         | FIXED      |           |          |          | NONE             |              |                   |              |
| Y18        | io_FMC_PG_C2M     | High Range | IO_L13P_T2_MRCC_14           | BIDIR         | LVCMOS15    |      14 |         12 | SLOW |                     |            FP_VTT_50 |         | FIXED      |           |          |          | NONE             |              |                   |              |
| Y19        | ddr3_dq[43]       | High Range | IO_L13N_T2_MRCC_14           | BIDIR         | SSTL15      |      14 |            | FAST |    UNTUNED_SPLIT_50 |            FP_VTT_50 |         | FIXED      |           |          | External | NONE             |              |                   |              |
| Y20        |                   | High Range | VCCO_14                      | VCCO          |             |      14 |            |      |                     |                      |    1.50 |            |           |          |          |                  |              |                   |              |
| Y21        | ddr3_dqs_p[4]     | High Range | IO_L9P_T1_DQS_14             | BIDIR         | DIFF_SSTL15 |      14 |            | FAST |                     |            FP_VTT_50 |         | FIXED      |           |          |          | NONE             |              |                   |              |
| Y22        | ddr3_dqs_n[4]     | High Range | IO_L9N_T1_DQS_D13_14         | BIDIR         | DIFF_SSTL15 |      14 |            | FAST |                     |            FP_VTT_50 |         | FIXED      |           |          |          | NONE             |              |                   |              |
+------------+-------------------+------------+------------------------------+---------------+-------------+---------+------------+------+---------------------+----------------------+---------+------------+-----------+----------+----------+------------------+--------------+-------------------+--------------+
* Default value


