$date
        2026-Sep-20 19:10:34
$end
$version
        Vivado v2020.2 (64-bit)
$end
$timescale
        1ps
$end
$scope module dut $end
$var reg 1 " ow_uart_rx_data_rdy $end
$var reg 7 # ow_uart_rx_num [6:0] $end
$var reg 13 * w_debug_fft_input_count [12:0] $end
$var reg 12 7 w_debug_fft_input_index [11:0] $end
$var reg 1 C ow_fft_data_tvalid $end
$var reg 1 D iw_fft_data_tready $end
$var reg 1 E ow_fft_data_tlast $end
$var reg 32 F ow_fft_data_tdata [31:0] $end
$var reg 12 f w_debug_fft_output_index [11:0] $end
$var reg 1 r iw_fft_data_tvalid $end
$var reg 1 s iw_fft_data_tlast $end
$var reg 32 t iw_fft_data_tdata [31:0] $end
$var reg 6 6" w_debug_tx_frame_index [5:0] $end
$var reg 12 <" w_fft_rd_addr [11:0] $end
$var reg 1 H" ow_uart_tx_done $end
$var reg 1 I" _TRIGGER $end
$var reg 1 J" _WINDOW $end
$var reg 1 K" _GAP $end
$upscope $end
$enddefinitions $end
#0
$dumpvars
0"
b0 #
b111111100000 *
b0 7
0C
1D
0E
b0 F
b0 f
0r
0s
b0 t
b0 6"
b0 <"
0H"
0I"
1J"
0K"
$end
#4062
1"
b1000000 #
#4063
0"
b0 #
#4064
b111111100001 *
#4065
b111111100010 *
#4066
b111111100011 *
#4067
b111111100100 *
#4068
b111111100101 *
#4069
b111111100110 *
#4070
b111111100111 *
#4071
b111111101000 *
#4072
b111111101001 *
#4073
b111111101010 *
#4074
b111111101011 *
#4075
b111111101100 *
#4076
b111111101101 *
#4077
b111111101110 *
#4078
b111111101111 *
#4079
b111111110000 *
#4080
b111111110001 *
#4081
b111111110010 *
#4082
b111111110011 *
#4083
b111111110100 *
#4084
b111111110101 *
#4085
b111111110110 *
#4086
b111111110111 *
#4087
b111111111000 *
#4088
b111111111001 *
#4089
b111111111010 *
#4090
b111111111011 *
#4091
b111111111100 *
#4092
b111111111101 *
#4093
b111111111110 *
#4094
b111111111111 *
#4095
b1000000000000 *
#4096
1C
b11000000110000 F
1I"
#4097
b1 7
#4098
b10 7
b101000001101 F
#4099
b11 7
b11000100110000 F
#4100
b100 7
b100001001000101 F
#4101
b101 7
b101000001101 F
#4102
b110 7
b11001100110000 F
#4103
b111 7
b11010001000100 F
#4104
b1000 7
b101000001101 F
#4105
b1001 7
b11010100110000 F
#4106
b1010 7
b100001001000010 F
#4107
b1011 7
b101000001101 F
#4108
b1100 7
b11011100110000 F
#4109
b1101 7
b100011000111001 F
#4110
b1110 7
b101000001101 F
#4111
b1111 7
b11100100110000 F
#4112
b10000 7
b100010100110111 F
#4113
b10001 7
b101000001101 F
#4114
b10010 7
b100001000110000 F
#4115
b10011 7
b11011100110101 F
#4116
b10100 7
b101000001101 F
#4117
b10101 7
b100010000110000 F
#4118
b10110 7
b11100100110010 F
#4119
b10111 7
b101000001101 F
#4120
b11000 7
b100010100110000 F
#4121
b11001 7
b11001101000110 F
#4122
b11010 7
b101000001101 F
#4123
b11011 7
b11000000110001 F
#4124
b11100 7
b11010001000010 F
#4125
b11101 7
b101000001101 F
#4126
b11110 7
b11001000110001 F
#4127
b11111 7
b100000100110110 F
#4128
b100000 7
b101000001101 F
#4129
b100001 7
b11010000110001 F
#4130
b100010 7
b11010100110001 F
#4131
b100011 7
b101000001101 F
#4132
b100100 7
b11010100110001 F
#4133
b100101 7
b11010001000010 F
#4134
b100110 7
b101000001101 F
#4135
b100111 7
b11011100110001 F
#4136
b101000 7
b11010100110100 F
#4137
b101001 7
b101000001101 F
#4138
b101010 7
b11100000110001 F
#4139
b101011 7
b11100001000011 F
#4140
b101100 7
b101000001101 F
#4141
b101101 7
b100000100110001 F
#4142
b101110 7
b100001100110011 F
#4143
b101111 7
b101000001101 F
#4144
b110000 7
b100001000110001 F
#4145
b110001 7
b100011000111001 F
#4146
b110010 7
b101000001101 F
#4147
b110011 7
b100001100110001 F
#4148
b110100 7
b11001001000110 F
#4149
b110101 7
b101000001101 F
#4150
b110110 7
b100010100110001 F
#4151
b110111 7
b11001000110011 F
#4152
b111000 7
b101000001101 F
#4153
b111001 7
b100011000110001 F
#4154
b111010 7
b11000000110110 F
#4155
b111011 7
b101000001101 F
#4156
b111100 7
b11000000110010 F
#4157
b111101 7
b100001000110111 F
#4158
b111110 7
b101000001101 F
#4159
b111111 7
b11000100110010 F
#4160
b1000000 7
b11000100111000 F
#4161
b1000001 7
b101000001101 F
#4162
b1000010 7
b11001000110010 F
#4163
b1000011 7
b11001100110111 F
#4164
b1000100 7
b101000001101 F
#4165
b1000101 7
b11001100110010 F
#4166
b1000110 7
b11000000110101 F
#4167
b1000111 7
b101000001101 F
#4168
b1001000 7
b11010000110010 F
#4169
b1001001 7
b11011100110001 F
#4170
b1001010 7
b101000001101 F
#4171
b1001011 7
b11010000110010 F
#4172
b1001100 7
b11011101000011 F
#4173
b1001101 7
b101000001101 F
#4174
b1001110 7
b11010100110010 F
#4175
b1001111 7
b11000100110110 F
#4176
b1010000 7
b101000001101 F
#4177
b1010001 7
b11010100110010 F
#4178
b1010010 7
b11010001000101 F
#4179
b1010011 7
b101000001101 F
#4180
b1010100 7
b11011000110010 F
#4181
b1010101 7
b11000000110101 F
#4182
b1010110 7
b101000001101 F
#4183
b1010111 7
b11011000110010 F
#4184
b1011000 7
b11010001000001 F
#4185
b1011001 7
b101000001101 F
#4186
b1011010 7
b11011000110010 F
#4187
b1011011 7
b11000001000101 F
#4188
b1011100 7
b101000001101 F
#4189
b1011101 7
b11011100110010 F
#4190
b1011110 7
b11010000110000 F
#4191
b1011111 7
b101000001101 F
#4192
b1100000 7
b11011100110010 F
#4193
b1100001 7
b11000000110001 F
#4194
b1100010 7
b101000001101 F
#4195
b1100011 7
b11011100110010 F
#4196
b1100100 7
b11010000110000 F
#4197
b1100101 7
b101000001101 F
#4198
b1100110 7
b11011000110010 F
#4199
b1100111 7
b11000001000101 F
#4200
b1101000 7
b101000001101 F
#4201
b1101001 7
b11011000110010 F
#4202
b1101010 7
b11010001000001 F
#4203
b1101011 7
b101000001101 F
#4204
b1101100 7
b11011000110010 F
#4205
b1101101 7
b11000000110101 F
#4206
b1101110 7
b101000001101 F
#4207
b1101111 7
b11010100110010 F
#4208
b1110000 7
b11010001000101 F
#4209
b1110001 7
b101000001101 F
#4210
b1110010 7
b11010100110010 F
#4211
b1110011 7
b11000100110110 F
#4212
b1110100 7
b101000001101 F
#4213
b1110101 7
b11010000110010 F
#4214
b1110110 7
b11011101000011 F
#4215
b1110111 7
b101000001101 F
#4216
b1111000 7
b11010000110010 F
#4217
b1111001 7
b11011100110001 F
#4218
b1111010 7
b101000001101 F
#4219
b1111011 7
b11001100110010 F
#4220
b1111100 7
b11000000110101 F
#4221
b1111101 7
b101000001101 F
#4222
b1111110 7
b11001000110010 F
#4223
b1111111 7
b11001100110111 F
#4224
b10000000 7
b101000001101 F
#4225
b10000001 7
b11000100110010 F
#4226
b10000010 7
b11000100111000 F
#4227
b10000011 7
b101000001101 F
#4228
b10000100 7
b11000000110010 F
#4229
b10000101 7
b100001000110111 F
#4230
b10000110 7
b101000001101 F
#4231
b10000111 7
b100011000110001 F
#4232
b10001000 7
b11000000110110 F
#4233
b10001001 7
b101000001101 F
#4234
b10001010 7
b100010100110001 F
#4235
b10001011 7
b11001000110011 F
#4236
b10001100 7
b101000001101 F
#4237
b10001101 7
b100001100110001 F
#4238
b10001110 7
b11001001000110 F
#4239
b10001111 7
b101000001101 F
#4240
b10010000 7
b100001000110001 F
#4241
b10010001 7
b100011000111001 F
#4242
b10010010 7
b101000001101 F
#4243
b10010011 7
b100000100110001 F
#4244
b10010100 7
b100001100110011 F
#4245
b10010101 7
b101000001101 F
#4246
b10010110 7
b11100000110001 F
#4247
b10010111 7
b11100001000011 F
#4248
b10011000 7
b101000001101 F
#4249
b10011001 7
b11011100110001 F
#4250
b10011010 7
b11010100110100 F
#4251
b10011011 7
b101000001101 F
#4252
b10011100 7
b11010100110001 F
#4253
b10011101 7
b11010001000010 F
#4254
b10011110 7
b101000001101 F
#4255
b10011111 7
b11010000110001 F
#4256
b10100000 7
b11010100110001 F
#4257
b10100001 7
b101000001101 F
#4258
b10100010 7
b11001000110001 F
#4259
b10100011 7
b100000100110110 F
#4260
b10100100 7
b101000001101 F
#4261
b10100101 7
b11000000110001 F
#4262
b10100110 7
b11010001000010 F
#4263
b10100111 7
b101000001101 F
#4264
b10101000 7
b100010100110000 F
#4265
b10101001 7
b11001101000110 F
#4266
b10101010 7
b101000001101 F
#4267
b10101011 7
b100010000110000 F
#4268
b10101100 7
b11100100110010 F
#4269
b10101101 7
b101000001101 F
#4270
b10101110 7
b100001000110000 F
#4271
b10101111 7
b11011100110101 F
#4272
b10110000 7
b101000001101 F
#4273
b10110001 7
b11100100110000 F
#4274
b10110010 7
b100010100110111 F
#4275
b10110011 7
b101000001101 F
#4276
b10110100 7
b11011100110000 F
#4277
b10110101 7
b100011000111001 F
#4278
b10110110 7
b101000001101 F
#4279
b10110111 7
b11010100110000 F
#4280
b10111000 7
b100001001000010 F
#4281
b10111001 7
b101000001101 F
#4282
b10111010 7
b11001100110000 F
#4283
b10111011 7
b11010001000100 F
#4284
b10111100 7
b101000001101 F
#4285
b10111101 7
b11000100110000 F
#4286
b10111110 7
b100001001000101 F
#4287
b10111111 7
b101000001101 F
#4288
b11000000 7
b11000000110000 F
#4289
b11000001 7
#4290
b11000010 7
b101000001101 F
#4291
b11000011 7
b100010101000110 F
#4292
b11000100 7
b11010100110001 F
#4293
b11000101 7
b101000001101 F
#4294
b11000110 7
b100001101000110 F
#4295
b11000111 7
b100001100110010 F
#4296
b11001000 7
b101000001101 F
#4297
b11001001 7
b100000101000110 F
#4298
b11001010 7
b11010100110100 F
#4299
b11001011 7
b101000001101 F
#4300
b11001100 7
b11100001000110 F
#4301
b11001101 7
b11000100110110 F
#4302
b11001110 7
b101000001101 F
#4303
b11001111 7
b11011001000110 F
#4304
b11010000 7
b11001000111000 F
#4305
b11010001 7
b101000001101 F
#4306
b11010010 7
b11010001000110 F
#4307
b11010011 7
b11100101000001 F
#4308
b11010100 7
b101000001101 F
#4309
b11010101 7
b11001001000110 F
#4310
b11010110 7
b11011101000100 F
#4311
b11010111 7
b101000001101 F
#4312
b11011000 7
b11000101000110 F
#4313
b11011001 7
b100010000110000 F
#4314
b11011010 7
b101000001101 F
#4315
b11011011 7
b100011001000101 F
#4316
b11011100 7
b100001100110100 F
#4317
b11011101 7
b101000001101 F
#4318
b11011110 7
b100010001000101 F
#4319
b11011111 7
b11011000111001 F
#4320
b11100000 7
b101000001101 F
#4321
b11100001 7
b100001001000101 F
#4322
b11100010 7
#4323
b11100011 7
b101000001101 F
#4324
b11100100 7
b100000101000101 F
#4325
b11100101 7
b100001100110100 F
#4326
b11100110 7
b101000001101 F
#4327
b11100111 7
b11100001000101 F
#4328
b11101000 7
b100001001000010 F
#4329
b11101001 7
b101000001101 F
#4330
b11101010 7
b11011101000101 F
#4331
b11101011 7
b11100000110011 F
#4332
b11101100 7
b101000001101 F
#4333
b11101101 7
b11010101000101 F
#4334
b11101110 7
b11010001000011 F
#4335
b11101111 7
b101000001101 F
#4336
b11110000 7
b11010001000101 F
#4337
b11110001 7
b11000100110110 F
#4338
b11110010 7
b101000001101 F
#4339
b11110011 7
b11001101000101 F
#4340
b11110100 7
b100010100110000 F
#4341
b11110101 7
b101000001101 F
#4342
b11110110 7
b11000101000101 F
#4343
b11110111 7
b100010101000011 F
#4344
b11111000 7
b101000001101 F
#4345
b11111001 7
b11000001000101 F
#4346
b11111010 7
b11000001000001 F
#4347
b11111011 7
b101000001101 F
#4348
b11111100 7
b100011001000100 F
#4349
b11111101 7
b11010100111000 F
#4350
b11111110 7
b101000001101 F
#4351
b11111111 7
b100010101000100 F
#4352
b100000000 7
b100011000110111 F
#4353
b100000001 7
b101000001101 F
#4354
b100000010 7
b100010001000100 F
#4355
b100000011 7
b100010000111000 F
#4356
b100000100 7
b101000001101 F
#4357
b100000101 7
b100001101000100 F
#4358
b100000110 7
b11000001000010 F
#4359
b100000111 7
b101000001101 F
#4360
b100001000 7
b100001001000100 F
#4361
b100001001 7
b11100101000101 F
#4362
b100001010 7
b101000001101 F
#4363
b100001011 7
b100001001000100 F
#4364
b100001100 7
b11100100110011 F
#4365
b100001101 7
b101000001101 F
#4366
b100001110 7
b100000101000100 F
#4367
b100001111 7
b100011000111001 F
#4368
b100010000 7
b101000001101 F
#4369
b100010001 7
b100000101000100 F
#4370
b100010010 7
b100001100110001 F
#4371
b100010011 7
b101000001101 F
#4372
b100010100 7
b11100101000100 F
#4373
b100010101 7
b11000001000010 F
#4374
b100010110 7
b101000001101 F
#4375
b100010111 7
b11100101000100 F
#4376
b100011000 7
b100001100110101 F
#4377
b100011001 7
b101000001101 F
#4378
b100011010 7
b11100101000100 F
#4379
b100011011 7
b11000000110010 F
#4380
b100011100 7
b101000001101 F
#4381
b100011101 7
b11100001000100 F
#4382
b100011110 7
b100001101000110 F
#4383
b100011111 7
b101000001101 F
#4384
b100100000 7
b11100001000100 F
#4385
b100100001 7
b11000001000110 F
#4386
b100100010 7
b101000001101 F
#4387
b100100011 7
b11100001000100 F
#4388
b100100100 7
b100001101000110 F
#4389
b100100101 7
b101000001101 F
#4390
b100100110 7
b11100101000100 F
#4391
b100100111 7
b11000000110010 F
#4392
b100101000 7
b101000001101 F
#4393
b100101001 7
b11100101000100 F
#4394
b100101010 7
b100001100110101 F
#4395
b100101011 7
b101000001101 F
#4396
b100101100 7
b11100101000100 F
#4397
b100101101 7
b11000001000010 F
#4398
b100101110 7
b101000001101 F
#4399
b100101111 7
b100000101000100 F
#4400
b100110000 7
b100001100110001 F
#4401
b100110001 7
b101000001101 F
#4402
b100110010 7
b100000101000100 F
#4403
b100110011 7
b100011000111001 F
#4404
b100110100 7
b101000001101 F
#4405
b100110101 7
b100001001000100 F
#4406
b100110110 7
b11100100110011 F
#4407
b100110111 7
b101000001101 F
#4408
b100111000 7
b100001001000100 F
#4409
b100111001 7
b11100101000101 F
#4410
b100111010 7
b101000001101 F
#4411
b100111011 7
b100001101000100 F
#4412
b100111100 7
b11000001000010 F
#4413
b100111101 7
b101000001101 F
#4414
b100111110 7
b100010001000100 F
#4415
b100111111 7
b100010000111000 F
#4416
b101000000 7
b101000001101 F
#4417
b101000001 7
b100010101000100 F
#4418
b101000010 7
b100011000110111 F
#4419
b101000011 7
b101000001101 F
#4420
b101000100 7
b100011001000100 F
#4421
b101000101 7
b11010100111000 F
#4422
b101000110 7
b101000001101 F
#4423
b101000111 7
b11000001000101 F
#4424
b101001000 7
b11000001000001 F
#4425
b101001001 7
b101000001101 F
#4426
b101001010 7
b11000101000101 F
#4427
b101001011 7
b100010101000011 F
#4428
b101001100 7
b101000001101 F
#4429
b101001101 7
b11001101000101 F
#4430
b101001110 7
b100010100110000 F
#4431
b101001111 7
b101000001101 F
#4432
b101010000 7
b11010001000101 F
#4433
b101010001 7
b11000100110110 F
#4434
b101010010 7
b101000001101 F
#4435
b101010011 7
b11010101000101 F
#4436
b101010100 7
b11010001000011 F
#4437
b101010101 7
b101000001101 F
#4438
b101010110 7
b11011101000101 F
#4439
b101010111 7
b11100000110011 F
#4440
b101011000 7
b101000001101 F
#4441
b101011001 7
b11100001000101 F
#4442
b101011010 7
b100001001000010 F
#4443
b101011011 7
b101000001101 F
#4444
b101011100 7
b100000101000101 F
#4445
b101011101 7
b100001100110100 F
#4446
b101011110 7
b101000001101 F
#4447
b101011111 7
b100001001000101 F
#4448
b101100000 7
#4449
b101100001 7
b101000001101 F
#4450
b101100010 7
b100010001000101 F
#4451
b101100011 7
b11011000111001 F
#4452
b101100100 7
b101000001101 F
#4453
b101100101 7
b100011001000101 F
#4454
b101100110 7
b100001100110100 F
#4455
b101100111 7
b101000001101 F
#4456
b101101000 7
b11000101000110 F
#4457
b101101001 7
b100010000110000 F
#4458
b101101010 7
b101000001101 F
#4459
b101101011 7
b11001001000110 F
#4460
b101101100 7
b11011101000100 F
#4461
b101101101 7
b101000001101 F
#4462
b101101110 7
b11010001000110 F
#4463
b101101111 7
b11100101000001 F
#4464
b101110000 7
b101000001101 F
#4465
b101110001 7
b11011001000110 F
#4466
b101110010 7
b11001000111000 F
#4467
b101110011 7
b101000001101 F
#4468
b101110100 7
b11100001000110 F
#4469
b101110101 7
b11000100110110 F
#4470
b101110110 7
b101000001101 F
#4471
b101110111 7
b100000101000110 F
#4472
b101111000 7
b11010100110100 F
#4473
b101111001 7
b101000001101 F
#4474
b101111010 7
b100001101000110 F
#4475
b101111011 7
b100001100110010 F
#4476
b101111100 7
b101000001101 F
#4477
b101111101 7
b100010101000110 F
#4478
b101111110 7
b11010100110001 F
#4479
b101111111 7
b101000001101 F
#4480
b110000000 7
b11000000110000 F
#4481
b110000001 7
#4482
b110000010 7
b101000001101 F
#4483
b110000011 7
b11000100110000 F
#4484
b110000100 7
b100001001000101 F
#4485
b110000101 7
b101000001101 F
#4486
b110000110 7
b11001100110000 F
#4487
b110000111 7
b11010001000100 F
#4488
b110001000 7
b101000001101 F
#4489
b110001001 7
b11010100110000 F
#4490
b110001010 7
b100001001000010 F
#4491
b110001011 7
b101000001101 F
#4492
b110001100 7
b11011100110000 F
#4493
b110001101 7
b100011000111001 F
#4494
b110001110 7
b101000001101 F
#4495
b110001111 7
b11100100110000 F
#4496
b110010000 7
b100010100110111 F
#4497
b110010001 7
b101000001101 F
#4498
b110010010 7
b100001000110000 F
#4499
b110010011 7
b11011100110101 F
#4500
b110010100 7
b101000001101 F
#4501
b110010101 7
b100010000110000 F
#4502
b110010110 7
b11100100110010 F
#4503
b110010111 7
b101000001101 F
#4504
b110011000 7
b100010100110000 F
#4505
b110011001 7
b11001101000110 F
#4506
b110011010 7
b101000001101 F
#4507
b110011011 7
b11000000110001 F
#4508
b110011100 7
b11010001000010 F
#4509
b110011101 7
b101000001101 F
#4510
b110011110 7
b11001000110001 F
#4511
b110011111 7
b100000100110110 F
#4512
b110100000 7
b101000001101 F
#4513
b110100001 7
b11010000110001 F
#4514
b110100010 7
b11010100110001 F
#4515
b110100011 7
b101000001101 F
#4516
b110100100 7
b11010100110001 F
#4517
b110100101 7
b11010001000010 F
#4518
b110100110 7
b101000001101 F
#4519
b110100111 7
b11011100110001 F
#4520
b110101000 7
b11010100110100 F
#4521
b110101001 7
b101000001101 F
#4522
b110101010 7
b11100000110001 F
#4523
b110101011 7
b11100001000011 F
#4524
b110101100 7
b101000001101 F
#4525
b110101101 7
b100000100110001 F
#4526
b110101110 7
b100001100110011 F
#4527
b110101111 7
b101000001101 F
#4528
b110110000 7
b100001000110001 F
#4529
b110110001 7
b100011000111001 F
#4530
b110110010 7
b101000001101 F
#4531
b110110011 7
b100001100110001 F
#4532
b110110100 7
b11001001000110 F
#4533
b110110101 7
b101000001101 F
#4534
b110110110 7
b100010100110001 F
#4535
b110110111 7
b11001000110011 F
#4536
b110111000 7
b101000001101 F
#4537
b110111001 7
b100011000110001 F
#4538
b110111010 7
b11000000110110 F
#4539
b110111011 7
b101000001101 F
#4540
b110111100 7
b11000000110010 F
#4541
b110111101 7
b100001000110111 F
#4542
b110111110 7
b101000001101 F
#4543
b110111111 7
b11000100110010 F
#4544
b111000000 7
b11000100111000 F
#4545
b111000001 7
b101000001101 F
#4546
b111000010 7
b11001000110010 F
#4547
b111000011 7
b11001100110111 F
#4548
b111000100 7
b101000001101 F
#4549
b111000101 7
b11001100110010 F
#4550
b111000110 7
b11000000110101 F
#4551
b111000111 7
b101000001101 F
#4552
b111001000 7
b11010000110010 F
#4553
b111001001 7
b11011100110001 F
#4554
b111001010 7
b101000001101 F
#4555
b111001011 7
b11010000110010 F
#4556
b111001100 7
b11011101000011 F
#4557
b111001101 7
b101000001101 F
#4558
b111001110 7
b11010100110010 F
#4559
b111001111 7
b11000100110110 F
#4560
b111010000 7
b101000001101 F
#4561
b111010001 7
b11010100110010 F
#4562
b111010010 7
b11010001000101 F
#4563
b111010011 7
b101000001101 F
#4564
b111010100 7
b11011000110010 F
#4565
b111010101 7
b11000000110101 F
#4566
b111010110 7
b101000001101 F
#4567
b111010111 7
b11011000110010 F
#4568
b111011000 7
b11010001000001 F
#4569
b111011001 7
b101000001101 F
#4570
b111011010 7
b11011000110010 F
#4571
b111011011 7
b11000001000101 F
#4572
b111011100 7
b101000001101 F
#4573
b111011101 7
b11011100110010 F
#4574
b111011110 7
b11010000110000 F
#4575
b111011111 7
b101000001101 F
#4576
b111100000 7
b11011100110010 F
#4577
b111100001 7
b11000000110001 F
#4578
b111100010 7
b101000001101 F
#4579
b111100011 7
b11011100110010 F
#4580
b111100100 7
b11010000110000 F
#4581
b111100101 7
b101000001101 F
#4582
b111100110 7
b11011000110010 F
#4583
b111100111 7
b11000001000101 F
#4584
b111101000 7
b101000001101 F
#4585
b111101001 7
b11011000110010 F
#4586
b111101010 7
b11010001000001 F
#4587
b111101011 7
b101000001101 F
#4588
b111101100 7
b11011000110010 F
#4589
b111101101 7
b11000000110101 F
#4590
b111101110 7
b101000001101 F
#4591
b111101111 7
b11010100110010 F
#4592
b111110000 7
b11010001000101 F
#4593
b111110001 7
b101000001101 F
#4594
b111110010 7
b11010100110010 F
#4595
b111110011 7
b11000100110110 F
#4596
b111110100 7
b101000001101 F
#4597
b111110101 7
b11010000110010 F
#4598
b111110110 7
b11011101000011 F
#4599
b111110111 7
b101000001101 F
#4600
b111111000 7
b11010000110010 F
#4601
b111111001 7
b11011100110001 F
#4602
b111111010 7
b101000001101 F
#4603
b111111011 7
b11001100110010 F
#4604
b111111100 7
b11000000110101 F
#4605
b111111101 7
b101000001101 F
#4606
b111111110 7
b11001000110010 F
#4607
b111111111 7
b11001100110111 F
#4608
b1000000000 7
b101000001101 F
#4609
b1000000001 7
b11000100110010 F
#4610
b1000000010 7
b11000100111000 F
#4611
b1000000011 7
b101000001101 F
#4612
b1000000100 7
b11000000110010 F
#4613
b1000000101 7
b100001000110111 F
#4614
b1000000110 7
b101000001101 F
#4615
b1000000111 7
b100011000110001 F
#4616
b1000001000 7
b11000000110110 F
#4617
b1000001001 7
b101000001101 F
#4618
b1000001010 7
b100010100110001 F
#4619
b1000001011 7
b11001000110011 F
#4620
b1000001100 7
b101000001101 F
#4621
b1000001101 7
b100001100110001 F
#4622
b1000001110 7
b11001001000110 F
#4623
b1000001111 7
b101000001101 F
#4624
b1000010000 7
b100001000110001 F
#4625
b1000010001 7
b100011000111001 F
#4626
b1000010010 7
b101000001101 F
#4627
b1000010011 7
b100000100110001 F
#4628
b1000010100 7
b100001100110011 F
#4629
b1000010101 7
b101000001101 F
#4630
b1000010110 7
b11100000110001 F
#4631
b1000010111 7
b11100001000011 F
#4632
b1000011000 7
b101000001101 F
#4633
b1000011001 7
b11011100110001 F
#4634
b1000011010 7
b11010100110100 F
#4635
b1000011011 7
b101000001101 F
#4636
b1000011100 7
b11010100110001 F
#4637
b1000011101 7
b11010001000010 F
#4638
b1000011110 7
b101000001101 F
#4639
b1000011111 7
b11010000110001 F
#4640
b1000100000 7
b11010100110001 F
#4641
b1000100001 7
b101000001101 F
#4642
b1000100010 7
b11001000110001 F
#4643
b1000100011 7
b100000100110110 F
#4644
b1000100100 7
b101000001101 F
#4645
b1000100101 7
b11000000110001 F
#4646
b1000100110 7
b11010001000010 F
#4647
b1000100111 7
b101000001101 F
#4648
b1000101000 7
b100010100110000 F
#4649
b1000101001 7
b11001101000110 F
#4650
b1000101010 7
b101000001101 F
#4651
b1000101011 7
b100010000110000 F
#4652
b1000101100 7
b11100100110010 F
#4653
b1000101101 7
b101000001101 F
#4654
b1000101110 7
b100001000110000 F
#4655
b1000101111 7
b11011100110101 F
#4656
b1000110000 7
b101000001101 F
#4657
b1000110001 7
b11100100110000 F
#4658
b1000110010 7
b100010100110111 F
#4659
b1000110011 7
b101000001101 F
#4660
b1000110100 7
b11011100110000 F
#4661
b1000110101 7
b100011000111001 F
#4662
b1000110110 7
b101000001101 F
#4663
b1000110111 7
b11010100110000 F
#4664
b1000111000 7
b100001001000010 F
#4665
b1000111001 7
b101000001101 F
#4666
b1000111010 7
b11001100110000 F
#4667
b1000111011 7
b11010001000100 F
#4668
b1000111100 7
b101000001101 F
#4669
b1000111101 7
b11000100110000 F
#4670
b1000111110 7
b100001001000101 F
#4671
b1000111111 7
b101000001101 F
#4672
b1001000000 7
b11000000110000 F
#4673
b1001000001 7
#4674
b1001000010 7
b101000001101 F
#4675
b1001000011 7
b100010101000110 F
#4676
b1001000100 7
b11010100110001 F
#4677
b1001000101 7
b101000001101 F
#4678
b1001000110 7
b100001101000110 F
#4679
b1001000111 7
b100001100110010 F
#4680
b1001001000 7
b101000001101 F
#4681
b1001001001 7
b100000101000110 F
#4682
b1001001010 7
b11010100110100 F
#4683
b1001001011 7
b101000001101 F
#4684
b1001001100 7
b11100001000110 F
#4685
b1001001101 7
b11000100110110 F
#4686
b1001001110 7
b101000001101 F
#4687
b1001001111 7
b11011001000110 F
#4688
b1001010000 7
b11001000111000 F
#4689
b1001010001 7
b101000001101 F
#4690
b1001010010 7
b11010001000110 F
#4691
b1001010011 7
b11100101000001 F
#4692
b1001010100 7
b101000001101 F
#4693
b1001010101 7
b11001001000110 F
#4694
b1001010110 7
b11011101000100 F
#4695
b1001010111 7
b101000001101 F
#4696
b1001011000 7
b11000101000110 F
#4697
b1001011001 7
b100010000110000 F
#4698
b1001011010 7
b101000001101 F
#4699
b1001011011 7
b100011001000101 F
#4700
b1001011100 7
b100001100110100 F
#4701
b1001011101 7
b101000001101 F
#4702
b1001011110 7
b100010001000101 F
#4703
b1001011111 7
b11011000111001 F
#4704
b1001100000 7
b101000001101 F
#4705
b1001100001 7
b100001001000101 F
#4706
b1001100010 7
#4707
b1001100011 7
b101000001101 F
#4708
b1001100100 7
b100000101000101 F
#4709
b1001100101 7
b100001100110100 F
#4710
b1001100110 7
b101000001101 F
#4711
b1001100111 7
b11100001000101 F
#4712
b1001101000 7
b100001001000010 F
#4713
b1001101001 7
b101000001101 F
#4714
b1001101010 7
b11011101000101 F
#4715
b1001101011 7
b11100000110011 F
#4716
b1001101100 7
b101000001101 F
#4717
b1001101101 7
b11010101000101 F
#4718
b1001101110 7
b11010001000011 F
#4719
b1001101111 7
b101000001101 F
#4720
b1001110000 7
b11010001000101 F
#4721
b1001110001 7
b11000100110110 F
#4722
b1001110010 7
b101000001101 F
#4723
b1001110011 7
b11001101000101 F
#4724
b1001110100 7
b100010100110000 F
#4725
b1001110101 7
b101000001101 F
#4726
b1001110110 7
b11000101000101 F
#4727
b1001110111 7
b100010101000011 F
#4728
b1001111000 7
b101000001101 F
#4729
b1001111001 7
b11000001000101 F
#4730
b1001111010 7
b11000001000001 F
#4731
b1001111011 7
b101000001101 F
#4732
b1001111100 7
b100011001000100 F
#4733
b1001111101 7
b11010100111000 F
#4734
b1001111110 7
b101000001101 F
#4735
b1001111111 7
b100010101000100 F
#4736
b1010000000 7
b100011000110111 F
#4737
b1010000001 7
b101000001101 F
#4738
b1010000010 7
b100010001000100 F
#4739
b1010000011 7
b100010000111000 F
#4740
b1010000100 7
b101000001101 F
#4741
b1010000101 7
b100001101000100 F
#4742
b1010000110 7
b11000001000010 F
#4743
b1010000111 7
b101000001101 F
#4744
b1010001000 7
b100001001000100 F
#4745
b1010001001 7
b11100101000101 F
#4746
b1010001010 7
b101000001101 F
#4747
b1010001011 7
b100001001000100 F
#4748
b1010001100 7
b11100100110011 F
#4749
b1010001101 7
b101000001101 F
#4750
b1010001110 7
b100000101000100 F
#4751
b1010001111 7
b100011000111001 F
#4752
b1010010000 7
b101000001101 F
#4753
b1010010001 7
b100000101000100 F
#4754
b1010010010 7
b100001100110001 F
#4755
b1010010011 7
b101000001101 F
#4756
b1010010100 7
b11100101000100 F
#4757
b1010010101 7
b11000001000010 F
#4758
b1010010110 7
b101000001101 F
#4759
b1010010111 7
b11100101000100 F
#4760
b1010011000 7
b100001100110101 F
#4761
b1010011001 7
b101000001101 F
#4762
b1010011010 7
b11100101000100 F
#4763
b1010011011 7
b11000000110010 F
#4764
b1010011100 7
b101000001101 F
#4765
b1010011101 7
b11100001000100 F
#4766
b1010011110 7
b100001101000110 F
#4767
b1010011111 7
b101000001101 F
#4768
b1010100000 7
b11100001000100 F
#4769
b1010100001 7
b11000001000110 F
#4770
b1010100010 7
b101000001101 F
#4771
b1010100011 7
b11100001000100 F
#4772
b1010100100 7
b100001101000110 F
#4773
b1010100101 7
b101000001101 F
#4774
b1010100110 7
b11100101000100 F
#4775
b1010100111 7
b11000000110010 F
#4776
b1010101000 7
b101000001101 F
#4777
b1010101001 7
b11100101000100 F
#4778
b1010101010 7
b100001100110101 F
#4779
b1010101011 7
b101000001101 F
#4780
b1010101100 7
b11100101000100 F
#4781
b1010101101 7
b11000001000010 F
#4782
b1010101110 7
b101000001101 F
#4783
b1010101111 7
b100000101000100 F
#4784
b1010110000 7
b100001100110001 F
#4785
b1010110001 7
b101000001101 F
#4786
b1010110010 7
b100000101000100 F
#4787
b1010110011 7
b100011000111001 F
#4788
b1010110100 7
b101000001101 F
#4789
b1010110101 7
b100001001000100 F
#4790
b1010110110 7
b11100100110011 F
#4791
b1010110111 7
b101000001101 F
#4792
b1010111000 7
b100001001000100 F
#4793
b1010111001 7
b11100101000101 F
#4794
b1010111010 7
b101000001101 F
#4795
b1010111011 7
b100001101000100 F
#4796
b1010111100 7
b11000001000010 F
#4797
b1010111101 7
b101000001101 F
#4798
b1010111110 7
b100010001000100 F
#4799
b1010111111 7
b100010000111000 F
#4800
b1011000000 7
b101000001101 F
#4801
b1011000001 7
b100010101000100 F
#4802
b1011000010 7
b100011000110111 F
#4803
b1011000011 7
b101000001101 F
#4804
b1011000100 7
b100011001000100 F
#4805
b1011000101 7
b11010100111000 F
#4806
b1011000110 7
b101000001101 F
#4807
b1011000111 7
b11000001000101 F
#4808
b1011001000 7
b11000001000001 F
#4809
b1011001001 7
b101000001101 F
#4810
b1011001010 7
b11000101000101 F
#4811
b1011001011 7
b100010101000011 F
#4812
b1011001100 7
b101000001101 F
#4813
b1011001101 7
b11001101000101 F
#4814
b1011001110 7
b100010100110000 F
#4815
b1011001111 7
b101000001101 F
#4816
b1011010000 7
b11010001000101 F
#4817
b1011010001 7
b11000100110110 F
#4818
b1011010010 7
b101000001101 F
#4819
b1011010011 7
b11010101000101 F
#4820
b1011010100 7
b11010001000011 F
#4821
b1011010101 7
b101000001101 F
#4822
b1011010110 7
b11011101000101 F
#4823
b1011010111 7
b11100000110011 F
#4824
b1011011000 7
b101000001101 F
#4825
b1011011001 7
b11100001000101 F
#4826
b1011011010 7
b100001001000010 F
#4827
b1011011011 7
b101000001101 F
#4828
b1011011100 7
b100000101000101 F
#4829
b1011011101 7
b100001100110100 F
#4830
b1011011110 7
b101000001101 F
#4831
b1011011111 7
b100001001000101 F
#4832
b1011100000 7
#4833
b1011100001 7
b101000001101 F
#4834
b1011100010 7
b100010001000101 F
#4835
b1011100011 7
b11011000111001 F
#4836
b1011100100 7
b101000001101 F
#4837
b1011100101 7
b100011001000101 F
#4838
b1011100110 7
b100001100110100 F
#4839
b1011100111 7
b101000001101 F
#4840
b1011101000 7
b11000101000110 F
#4841
b1011101001 7
b100010000110000 F
#4842
b1011101010 7
b101000001101 F
#4843
b1011101011 7
b11001001000110 F
#4844
b1011101100 7
b11011101000100 F
#4845
b1011101101 7
b101000001101 F
#4846
b1011101110 7
b11010001000110 F
#4847
b1011101111 7
b11100101000001 F
#4848
b1011110000 7
b101000001101 F
#4849
b1011110001 7
b11011001000110 F
#4850
b1011110010 7
b11001000111000 F
#4851
b1011110011 7
b101000001101 F
#4852
b1011110100 7
b11100001000110 F
#4853
b1011110101 7
b11000100110110 F
#4854
b1011110110 7
b101000001101 F
#4855
b1011110111 7
b100000101000110 F
#4856
b1011111000 7
b11010100110100 F
#4857
b1011111001 7
b101000001101 F
#4858
b1011111010 7
b100001101000110 F
#4859
b1011111011 7
b100001100110010 F
#4860
b1011111100 7
b101000001101 F
#4861
b1011111101 7
b100010101000110 F
#4862
b1011111110 7
b11010100110001 F
#4863
b1011111111 7
b101000001101 F
#4864
b1100000000 7
b11000000110000 F
#4865
b1100000001 7
#4866
b1100000010 7
b101000001101 F
#4867
b1100000011 7
b11000100110000 F
#4868
b1100000100 7
b100001001000101 F
#4869
b1100000101 7
b101000001101 F
#4870
b1100000110 7
b11001100110000 F
#4871
b1100000111 7
b11010001000100 F
#4872
b1100001000 7
b101000001101 F
#4873
b1100001001 7
b11010100110000 F
#4874
b1100001010 7
b100001001000010 F
#4875
b1100001011 7
b101000001101 F
#4876
b1100001100 7
b11011100110000 F
#4877
b1100001101 7
b100011000111001 F
#4878
b1100001110 7
b101000001101 F
#4879
b1100001111 7
b11100100110000 F
#4880
b1100010000 7
b100010100110111 F
#4881
b1100010001 7
b101000001101 F
#4882
b1100010010 7
b100001000110000 F
#4883
b1100010011 7
b11011100110101 F
#4884
b1100010100 7
b101000001101 F
#4885
b1100010101 7
b100010000110000 F
#4886
b1100010110 7
b11100100110010 F
#4887
b1100010111 7
b101000001101 F
#4888
b1100011000 7
b100010100110000 F
#4889
b1100011001 7
b11001101000110 F
#4890
b1100011010 7
b101000001101 F
#4891
b1100011011 7
b11000000110001 F
#4892
b1100011100 7
b11010001000010 F
#4893
b1100011101 7
b101000001101 F
#4894
b1100011110 7
b11001000110001 F
#4895
b1100011111 7
b100000100110110 F
#4896
b1100100000 7
b101000001101 F
#4897
b1100100001 7
b11010000110001 F
#4898
b1100100010 7
b11010100110001 F
#4899
b1100100011 7
b101000001101 F
#4900
b1100100100 7
b11010100110001 F
#4901
b1100100101 7
b11010001000010 F
#4902
b1100100110 7
b101000001101 F
#4903
b1100100111 7
b11011100110001 F
#4904
b1100101000 7
b11010100110100 F
#4905
b1100101001 7
b101000001101 F
#4906
b1100101010 7
b11100000110001 F
#4907
b1100101011 7
b11100001000011 F
#4908
b1100101100 7
b101000001101 F
#4909
b1100101101 7
b100000100110001 F
#4910
b1100101110 7
b100001100110011 F
#4911
b1100101111 7
b101000001101 F
#4912
b1100110000 7
b100001000110001 F
#4913
b1100110001 7
b100011000111001 F
#4914
b1100110010 7
b101000001101 F
#4915
b1100110011 7
b100001100110001 F
#4916
b1100110100 7
b11001001000110 F
#4917
b1100110101 7
b101000001101 F
#4918
b1100110110 7
b100010100110001 F
#4919
b1100110111 7
b11001000110011 F
#4920
b1100111000 7
b101000001101 F
#4921
b1100111001 7
b100011000110001 F
#4922
b1100111010 7
b11000000110110 F
#4923
b1100111011 7
b101000001101 F
#4924
b1100111100 7
b11000000110010 F
#4925
b1100111101 7
b100001000110111 F
#4926
b1100111110 7
b101000001101 F
#4927
b1100111111 7
b11000100110010 F
#4928
b1101000000 7
b11000100111000 F
#4929
b1101000001 7
b101000001101 F
#4930
b1101000010 7
b11001000110010 F
#4931
b1101000011 7
b11001100110111 F
#4932
b1101000100 7
b101000001101 F
#4933
b1101000101 7
b11001100110010 F
#4934
b1101000110 7
b11000000110101 F
#4935
b1101000111 7
b101000001101 F
#4936
b1101001000 7
b11010000110010 F
#4937
b1101001001 7
b11011100110001 F
#4938
b1101001010 7
b101000001101 F
#4939
b1101001011 7
b11010000110010 F
#4940
b1101001100 7
b11011101000011 F
#4941
b1101001101 7
b101000001101 F
#4942
b1101001110 7
b11010100110010 F
#4943
b1101001111 7
b11000100110110 F
#4944
b1101010000 7
b101000001101 F
#4945
b1101010001 7
b11010100110010 F
#4946
b1101010010 7
b11010001000101 F
#4947
b1101010011 7
b101000001101 F
#4948
b1101010100 7
b11011000110010 F
#4949
b1101010101 7
b11000000110101 F
#4950
b1101010110 7
b101000001101 F
#4951
b1101010111 7
b11011000110010 F
#4952
b1101011000 7
b11010001000001 F
#4953
b1101011001 7
b101000001101 F
#4954
b1101011010 7
b11011000110010 F
#4955
b1101011011 7
b11000001000101 F
#4956
b1101011100 7
b101000001101 F
#4957
b1101011101 7
b11011100110010 F
#4958
b1101011110 7
b11010000110000 F
#4959
b1101011111 7
b101000001101 F
#4960
b1101100000 7
b11011100110010 F
#4961
b1101100001 7
b11000000110001 F
#4962
b1101100010 7
b101000001101 F
#4963
b1101100011 7
b11011100110010 F
#4964
b1101100100 7
b11010000110000 F
#4965
b1101100101 7
b101000001101 F
#4966
b1101100110 7
b11011000110010 F
#4967
b1101100111 7
b11000001000101 F
#4968
b1101101000 7
b101000001101 F
#4969
b1101101001 7
b11011000110010 F
#4970
b1101101010 7
b11010001000001 F
#4971
b1101101011 7
b101000001101 F
#4972
b1101101100 7
b11011000110010 F
#4973
b1101101101 7
b11000000110101 F
#4974
b1101101110 7
b101000001101 F
#4975
b1101101111 7
b11010100110010 F
#4976
b1101110000 7
b11010001000101 F
#4977
b1101110001 7
b101000001101 F
#4978
b1101110010 7
b11010100110010 F
#4979
b1101110011 7
b11000100110110 F
#4980
b1101110100 7
b101000001101 F
#4981
b1101110101 7
b11010000110010 F
#4982
b1101110110 7
b11011101000011 F
#4983
b1101110111 7
b101000001101 F
#4984
b1101111000 7
b11010000110010 F
#4985
b1101111001 7
b11011100110001 F
#4986
b1101111010 7
b101000001101 F
#4987
b1101111011 7
b11001100110010 F
#4988
b1101111100 7
b11000000110101 F
#4989
b1101111101 7
b101000001101 F
#4990
b1101111110 7
b11001000110010 F
#4991
b1101111111 7
b11001100110111 F
#4992
b1110000000 7
b101000001101 F
#4993
b1110000001 7
b11000100110010 F
#4994
b1110000010 7
b11000100111000 F
#4995
b1110000011 7
b101000001101 F
#4996
b1110000100 7
b11000000110010 F
#4997
b1110000101 7
b100001000110111 F
#4998
b1110000110 7
b101000001101 F
#4999
b1110000111 7
b100011000110001 F
#5000
b1110001000 7
b11000000110110 F
#5001
b1110001001 7
b101000001101 F
#5002
b1110001010 7
b100010100110001 F
#5003
b1110001011 7
b11001000110011 F
#5004
b1110001100 7
b101000001101 F
#5005
b1110001101 7
b100001100110001 F
#5006
b1110001110 7
b11001001000110 F
#5007
b1110001111 7
b101000001101 F
#5008
b1110010000 7
b100001000110001 F
#5009
b1110010001 7
b100011000111001 F
#5010
b1110010010 7
b101000001101 F
#5011
b1110010011 7
b100000100110001 F
#5012
b1110010100 7
b100001100110011 F
#5013
b1110010101 7
b101000001101 F
#5014
b1110010110 7
b11100000110001 F
#5015
b1110010111 7
b11100001000011 F
#5016
b1110011000 7
b101000001101 F
#5017
b1110011001 7
b11011100110001 F
#5018
b1110011010 7
b11010100110100 F
#5019
b1110011011 7
b101000001101 F
#5020
b1110011100 7
b11010100110001 F
#5021
b1110011101 7
b11010001000010 F
#5022
b1110011110 7
b101000001101 F
#5023
b1110011111 7
b11010000110001 F
#5024
b1110100000 7
b11010100110001 F
#5025
b1110100001 7
b101000001101 F
#5026
b1110100010 7
b11001000110001 F
#5027
b1110100011 7
b100000100110110 F
#5028
b1110100100 7
b101000001101 F
#5029
b1110100101 7
b11000000110001 F
#5030
b1110100110 7
b11010001000010 F
#5031
b1110100111 7
b101000001101 F
#5032
b1110101000 7
b100010100110000 F
#5033
b1110101001 7
b11001101000110 F
#5034
b1110101010 7
b101000001101 F
#5035
b1110101011 7
b100010000110000 F
#5036
b1110101100 7
b11100100110010 F
#5037
b1110101101 7
b101000001101 F
#5038
b1110101110 7
b100001000110000 F
#5039
b1110101111 7
b11011100110101 F
#5040
b1110110000 7
b101000001101 F
#5041
b1110110001 7
b11100100110000 F
#5042
b1110110010 7
b100010100110111 F
#5043
b1110110011 7
b101000001101 F
#5044
b1110110100 7
b11011100110000 F
#5045
b1110110101 7
b100011000111001 F
#5046
b1110110110 7
b101000001101 F
#5047
b1110110111 7
b11010100110000 F
#5048
b1110111000 7
b100001001000010 F
#5049
b1110111001 7
b101000001101 F
#5050
b1110111010 7
b11001100110000 F
#5051
b1110111011 7
b11010001000100 F
#5052
b1110111100 7
b101000001101 F
#5053
b1110111101 7
b11000100110000 F
#5054
b1110111110 7
b100001001000101 F
#5055
b1110111111 7
b101000001101 F
#5056
b1111000000 7
b11000000110000 F
#5057
b1111000001 7
#5058
b1111000010 7
b101000001101 F
#5059
b1111000011 7
b100010101000110 F
#5060
b1111000100 7
b11010100110001 F
#5061
b1111000101 7
b101000001101 F
#5062
b1111000110 7
b100001101000110 F
#5063
b1111000111 7
b100001100110010 F
#5064
b1111001000 7
b101000001101 F
#5065
b1111001001 7
b100000101000110 F
#5066
b1111001010 7
b11010100110100 F
#5067
b1111001011 7
b101000001101 F
#5068
b1111001100 7
b11100001000110 F
#5069
b1111001101 7
b11000100110110 F
#5070
b1111001110 7
b101000001101 F
#5071
b1111001111 7
b11011001000110 F
#5072
b1111010000 7
b11001000111000 F
#5073
b1111010001 7
b101000001101 F
#5074
b1111010010 7
b11010001000110 F
#5075
b1111010011 7
b11100101000001 F
#5076
b1111010100 7
b101000001101 F
#5077
b1111010101 7
b11001001000110 F
#5078
b1111010110 7
b11011101000100 F
#5079
b1111010111 7
b101000001101 F
#5080
b1111011000 7
b11000101000110 F
#5081
b1111011001 7
b100010000110000 F
#5082
b1111011010 7
b101000001101 F
#5083
b1111011011 7
b100011001000101 F
#5084
b1111011100 7
b100001100110100 F
#5085
b1111011101 7
b101000001101 F
#5086
b1111011110 7
b100010001000101 F
#5087
b1111011111 7
b11011000111001 F
#5088
b1111100000 7
b101000001101 F
#5089
b1111100001 7
b100001001000101 F
#5090
b1111100010 7
#5091
b1111100011 7
b101000001101 F
#5092
b1111100100 7
b100000101000101 F
#5093
b1111100101 7
b100001100110100 F
#5094
b1111100110 7
b101000001101 F
#5095
b1111100111 7
b11100001000101 F
#5096
b1111101000 7
b100001001000010 F
#5097
b1111101001 7
b101000001101 F
#5098
b1111101010 7
b11011101000101 F
#5099
b1111101011 7
b11100000110011 F
#5100
b1111101100 7
b101000001101 F
#5101
b1111101101 7
b11010101000101 F
#5102
b1111101110 7
b11010001000011 F
#5103
b1111101111 7
b101000001101 F
#5104
b1111110000 7
b11010001000101 F
#5105
b1111110001 7
b11000100110110 F
#5106
b1111110010 7
b101000001101 F
#5107
b1111110011 7
b11001101000101 F
#5108
b1111110100 7
b100010100110000 F
#5109
b1111110101 7
b101000001101 F
#5110
b1111110110 7
b11000101000101 F
#5111
b1111110111 7
b100010101000011 F
#5112
b1111111000 7
b101000001101 F
#5113
b1111111001 7
b11000001000101 F
#5114
b1111111010 7
b11000001000001 F
#5115
b1111111011 7
b101000001101 F
#5116
b1111111100 7
b100011001000100 F
#5117
b1111111101 7
b11010100111000 F
#5118
b1111111110 7
b101000001101 F
#5119
b1111111111 7
b100010101000100 F
#5120
b10000000000 7
b100011000110111 F
#5121
b10000000001 7
b101000001101 F
#5122
b10000000010 7
b100010001000100 F
#5123
b10000000011 7
b100010000111000 F
#5124
b10000000100 7
b101000001101 F
#5125
b10000000101 7
b100001101000100 F
#5126
b10000000110 7
b11000001000010 F
#5127
b10000000111 7
b101000001101 F
#5128
b10000001000 7
b100001001000100 F
#5129
b10000001001 7
b11100101000101 F
#5130
b10000001010 7
b101000001101 F
#5131
b10000001011 7
b100001001000100 F
#5132
b10000001100 7
b11100100110011 F
#5133
b10000001101 7
b101000001101 F
#5134
b10000001110 7
b100000101000100 F
#5135
b10000001111 7
b100011000111001 F
#5136
b10000010000 7
b101000001101 F
#5137
b10000010001 7
b100000101000100 F
#5138
b10000010010 7
b100001100110001 F
#5139
b10000010011 7
b101000001101 F
#5140
b10000010100 7
b11100101000100 F
#5141
b10000010101 7
b11000001000010 F
#5142
b10000010110 7
b101000001101 F
#5143
b10000010111 7
b11100101000100 F
#5144
b10000011000 7
b100001100110101 F
#5145
b10000011001 7
b101000001101 F
#5146
b10000011010 7
b11100101000100 F
#5147
b10000011011 7
b11000000110010 F
#5148
b10000011100 7
b101000001101 F
#5149
b10000011101 7
b11100001000100 F
#5150
b10000011110 7
b100001101000110 F
#5151
b10000011111 7
b101000001101 F
#5152
b10000100000 7
b11100001000100 F
#5153
b10000100001 7
b11000001000110 F
#5154
b10000100010 7
b101000001101 F
#5155
b10000100011 7
b11100001000100 F
#5156
b10000100100 7
b100001101000110 F
#5157
b10000100101 7
b101000001101 F
#5158
b10000100110 7
b11100101000100 F
#5159
b10000100111 7
b11000000110010 F
#5160
b10000101000 7
b101000001101 F
#5161
b10000101001 7
b11100101000100 F
#5162
b10000101010 7
b100001100110101 F
#5163
b10000101011 7
b101000001101 F
#5164
b10000101100 7
b11100101000100 F
#5165
b10000101101 7
b11000001000010 F
#5166
b10000101110 7
b101000001101 F
#5167
b10000101111 7
b100000101000100 F
#5168
b10000110000 7
b100001100110001 F
#5169
b10000110001 7
b101000001101 F
#5170
b10000110010 7
b100000101000100 F
#5171
b10000110011 7
b100011000111001 F
#5172
b10000110100 7
b101000001101 F
#5173
b10000110101 7
b100001001000100 F
#5174
b10000110110 7
b11100100110011 F
#5175
b10000110111 7
b101000001101 F
#5176
b10000111000 7
b100001001000100 F
#5177
b10000111001 7
b11100101000101 F
#5178
b10000111010 7
b101000001101 F
#5179
b10000111011 7
b100001101000100 F
#5180
b10000111100 7
b11000001000010 F
#5181
b10000111101 7
b101000001101 F
#5182
b10000111110 7
b100010001000100 F
#5183
b10000111111 7
b100010000111000 F
#5184
b10001000000 7
b101000001101 F
#5185
b10001000001 7
b100010101000100 F
#5186
b10001000010 7
b100011000110111 F
#5187
b10001000011 7
b101000001101 F
#5188
b10001000100 7
b100011001000100 F
#5189
b10001000101 7
b11010100111000 F
#5190
b10001000110 7
b101000001101 F
#5191
b10001000111 7
b11000001000101 F
#5192
b10001001000 7
b11000001000001 F
#5193
b10001001001 7
b101000001101 F
#5194
b10001001010 7
b11000101000101 F
#5195
b10001001011 7
b100010101000011 F
#5196
b10001001100 7
b101000001101 F
#5197
b10001001101 7
b11001101000101 F
#5198
b10001001110 7
b100010100110000 F
#5199
b10001001111 7
b101000001101 F
#5200
b10001010000 7
b11010001000101 F
#5201
b10001010001 7
b11000100110110 F
#5202
b10001010010 7
b101000001101 F
#5203
b10001010011 7
b11010101000101 F
#5204
b10001010100 7
b11010001000011 F
#5205
b10001010101 7
b101000001101 F
#5206
b10001010110 7
b11011101000101 F
#5207
b10001010111 7
b11100000110011 F
#5208
b10001011000 7
b101000001101 F
#5209
b10001011001 7
b11100001000101 F
#5210
b10001011010 7
b100001001000010 F
#5211
b10001011011 7
b101000001101 F
#5212
b10001011100 7
b100000101000101 F
#5213
b10001011101 7
b100001100110100 F
#5214
b10001011110 7
b101000001101 F
#5215
b10001011111 7
b100001001000101 F
#5216
b10001100000 7
#5217
b10001100001 7
b101000001101 F
#5218
b10001100010 7
b100010001000101 F
#5219
b10001100011 7
b11011000111001 F
#5220
b10001100100 7
b101000001101 F
#5221
b10001100101 7
b100011001000101 F
#5222
b10001100110 7
b100001100110100 F
#5223
b10001100111 7
b101000001101 F
#5224
b10001101000 7
b11000101000110 F
#5225
b10001101001 7
b100010000110000 F
#5226
b10001101010 7
b101000001101 F
#5227
b10001101011 7
b11001001000110 F
#5228
b10001101100 7
b11011101000100 F
#5229
b10001101101 7
b101000001101 F
#5230
b10001101110 7
b11010001000110 F
#5231
b10001101111 7
b11100101000001 F
#5232
b10001110000 7
b101000001101 F
#5233
b10001110001 7
b11011001000110 F
#5234
b10001110010 7
b11001000111000 F
#5235
b10001110011 7
b101000001101 F
#5236
b10001110100 7
b11100001000110 F
#5237
b10001110101 7
b11000100110110 F
#5238
b10001110110 7
b101000001101 F
#5239
b10001110111 7
b100000101000110 F
#5240
b10001111000 7
b11010100110100 F
#5241
b10001111001 7
b101000001101 F
#5242
b10001111010 7
b100001101000110 F
#5243
b10001111011 7
b100001100110010 F
#5244
b10001111100 7
b101000001101 F
#5245
b10001111101 7
b100010101000110 F
#5246
b10001111110 7
b11010100110001 F
#5247
b10001111111 7
b101000001101 F
#5248
b10010000000 7
b11000000110000 F
#5249
b10010000001 7
#5250
b10010000010 7
b101000001101 F
#5251
b10010000011 7
b11000100110000 F
#5252
b10010000100 7
b100001001000101 F
#5253
b10010000101 7
b101000001101 F
#5254
b10010000110 7
b11001100110000 F
#5255
b10010000111 7
b11010001000100 F
#5256
b10010001000 7
b101000001101 F
#5257
b10010001001 7
b11010100110000 F
#5258
b10010001010 7
b100001001000010 F
#5259
b10010001011 7
b101000001101 F
#5260
b10010001100 7
b11011100110000 F
#5261
b10010001101 7
b100011000111001 F
#5262
b10010001110 7
b101000001101 F
#5263
b10010001111 7
b11100100110000 F
#5264
b10010010000 7
b100010100110111 F
#5265
b10010010001 7
b101000001101 F
#5266
b10010010010 7
b100001000110000 F
#5267
b10010010011 7
b11011100110101 F
#5268
b10010010100 7
b101000001101 F
#5269
b10010010101 7
b100010000110000 F
#5270
b10010010110 7
b11100100110010 F
#5271
b10010010111 7
b101000001101 F
#5272
b10010011000 7
b100010100110000 F
#5273
b10010011001 7
b11001101000110 F
#5274
b10010011010 7
b101000001101 F
#5275
b10010011011 7
b11000000110001 F
#5276
b10010011100 7
b11010001000010 F
#5277
b10010011101 7
b101000001101 F
#5278
b10010011110 7
b11001000110001 F
#5279
b10010011111 7
b100000100110110 F
#5280
b10010100000 7
b101000001101 F
#5281
b10010100001 7
b11010000110001 F
#5282
b10010100010 7
b11010100110001 F
#5283
b10010100011 7
b101000001101 F
#5284
b10010100100 7
b11010100110001 F
#5285
b10010100101 7
b11010001000010 F
#5286
b10010100110 7
b101000001101 F
#5287
b10010100111 7
b11011100110001 F
#5288
b10010101000 7
b11010100110100 F
#5289
b10010101001 7
b101000001101 F
#5290
b10010101010 7
b11100000110001 F
#5291
b10010101011 7
b11100001000011 F
#5292
b10010101100 7
b101000001101 F
#5293
b10010101101 7
b100000100110001 F
#5294
b10010101110 7
b100001100110011 F
#5295
b10010101111 7
b101000001101 F
#5296
b10010110000 7
b100001000110001 F
#5297
b10010110001 7
b100011000111001 F
#5298
b10010110010 7
b101000001101 F
#5299
b10010110011 7
b100001100110001 F
#5300
b10010110100 7
b11001001000110 F
#5301
b10010110101 7
b101000001101 F
#5302
b10010110110 7
b100010100110001 F
#5303
b10010110111 7
b11001000110011 F
#5304
b10010111000 7
b101000001101 F
#5305
b10010111001 7
b100011000110001 F
#5306
b10010111010 7
b11000000110110 F
#5307
b10010111011 7
b101000001101 F
#5308
b10010111100 7
b11000000110010 F
#5309
b10010111101 7
b100001000110111 F
#5310
b10010111110 7
b101000001101 F
#5311
b10010111111 7
b11000100110010 F
#5312
b10011000000 7
b11000100111000 F
#5313
b10011000001 7
b101000001101 F
#5314
b10011000010 7
b11001000110010 F
#5315
b10011000011 7
b11001100110111 F
#5316
b10011000100 7
b101000001101 F
#5317
b10011000101 7
b11001100110010 F
#5318
b10011000110 7
b11000000110101 F
#5319
b10011000111 7
b101000001101 F
#5320
b10011001000 7
b11010000110010 F
#5321
b10011001001 7
b11011100110001 F
#5322
b10011001010 7
b101000001101 F
#5323
b10011001011 7
b11010000110010 F
#5324
b10011001100 7
b11011101000011 F
#5325
b10011001101 7
b101000001101 F
#5326
b10011001110 7
b11010100110010 F
#5327
b10011001111 7
b11000100110110 F
#5328
b10011010000 7
b101000001101 F
#5329
b10011010001 7
b11010100110010 F
#5330
b10011010010 7
b11010001000101 F
#5331
b10011010011 7
b101000001101 F
#5332
b10011010100 7
b11011000110010 F
#5333
b10011010101 7
b11000000110101 F
#5334
b10011010110 7
b101000001101 F
#5335
b10011010111 7
b11011000110010 F
#5336
b10011011000 7
b11010001000001 F
#5337
b10011011001 7
b101000001101 F
#5338
b10011011010 7
b11011000110010 F
#5339
b10011011011 7
b11000001000101 F
#5340
b10011011100 7
b101000001101 F
#5341
b10011011101 7
b11011100110010 F
#5342
b10011011110 7
b11010000110000 F
#5343
b10011011111 7
b101000001101 F
#5344
b10011100000 7
b11011100110010 F
#5345
b10011100001 7
b11000000110001 F
#5346
b10011100010 7
b101000001101 F
#5347
b10011100011 7
b11011100110010 F
#5348
b10011100100 7
b11010000110000 F
#5349
b10011100101 7
b101000001101 F
#5350
b10011100110 7
b11011000110010 F
#5351
b10011100111 7
b11000001000101 F
#5352
b10011101000 7
b101000001101 F
#5353
b10011101001 7
b11011000110010 F
#5354
b10011101010 7
b11010001000001 F
#5355
b10011101011 7
b101000001101 F
#5356
b10011101100 7
b11011000110010 F
#5357
b10011101101 7
b11000000110101 F
#5358
b10011101110 7
b101000001101 F
#5359
b10011101111 7
b11010100110010 F
#5360
b10011110000 7
b11010001000101 F
#5361
b10011110001 7
b101000001101 F
#5362
b10011110010 7
b11010100110010 F
#5363
b10011110011 7
b11000100110110 F
#5364
b10011110100 7
b101000001101 F
#5365
b10011110101 7
b11010000110010 F
#5366
b10011110110 7
b11011101000011 F
#5367
b10011110111 7
b101000001101 F
#5368
b10011111000 7
b11010000110010 F
#5369
b10011111001 7
b11011100110001 F
#5370
b10011111010 7
b101000001101 F
#5371
b10011111011 7
b11001100110010 F
#5372
b10011111100 7
b11000000110101 F
#5373
b10011111101 7
b101000001101 F
#5374
b10011111110 7
b11001000110010 F
#5375
b10011111111 7
b11001100110111 F
#5376
b10100000000 7
b101000001101 F
#5377
b10100000001 7
b11000100110010 F
#5378
b10100000010 7
b11000100111000 F
#5379
b10100000011 7
b101000001101 F
#5380
b10100000100 7
b11000000110010 F
#5381
b10100000101 7
b100001000110111 F
#5382
b10100000110 7
b101000001101 F
#5383
b10100000111 7
b100011000110001 F
#5384
b10100001000 7
b11000000110110 F
#5385
b10100001001 7
b101000001101 F
#5386
b10100001010 7
b100010100110001 F
#5387
b10100001011 7
b11001000110011 F
#5388
b10100001100 7
b101000001101 F
#5389
b10100001101 7
b100001100110001 F
#5390
b10100001110 7
b11001001000110 F
#5391
b10100001111 7
b101000001101 F
#5392
b10100010000 7
b100001000110001 F
#5393
b10100010001 7
b100011000111001 F
#5394
b10100010010 7
b101000001101 F
#5395
b10100010011 7
b100000100110001 F
#5396
b10100010100 7
b100001100110011 F
#5397
b10100010101 7
b101000001101 F
#5398
b10100010110 7
b11100000110001 F
#5399
b10100010111 7
b11100001000011 F
#5400
b10100011000 7
b101000001101 F
#5401
b10100011001 7
b11011100110001 F
#5402
b10100011010 7
b11010100110100 F
#5403
b10100011011 7
b101000001101 F
#5404
b10100011100 7
b11010100110001 F
#5405
b10100011101 7
b11010001000010 F
#5406
b10100011110 7
b101000001101 F
#5407
b10100011111 7
b11010000110001 F
#5408
b10100100000 7
b11010100110001 F
#5409
b10100100001 7
b101000001101 F
#5410
b10100100010 7
b11001000110001 F
#5411
b10100100011 7
b100000100110110 F
#5412
b10100100100 7
b101000001101 F
#5413
b10100100101 7
b11000000110001 F
#5414
b10100100110 7
b11010001000010 F
#5415
b10100100111 7
b101000001101 F
#5416
b10100101000 7
b100010100110000 F
#5417
b10100101001 7
b11001101000110 F
#5418
b10100101010 7
b101000001101 F
#5419
b10100101011 7
b100010000110000 F
#5420
b10100101100 7
b11100100110010 F
#5421
b10100101101 7
b101000001101 F
#5422
b10100101110 7
b100001000110000 F
#5423
b10100101111 7
b11011100110101 F
#5424
b10100110000 7
b101000001101 F
#5425
b10100110001 7
b11100100110000 F
#5426
b10100110010 7
b100010100110111 F
#5427
b10100110011 7
b101000001101 F
#5428
b10100110100 7
b11011100110000 F
#5429
b10100110101 7
b100011000111001 F
#5430
b10100110110 7
b101000001101 F
#5431
b10100110111 7
b11010100110000 F
#5432
b10100111000 7
b100001001000010 F
#5433
b10100111001 7
b101000001101 F
#5434
b10100111010 7
b11001100110000 F
#5435
b10100111011 7
b11010001000100 F
#5436
b10100111100 7
b101000001101 F
#5437
b10100111101 7
b11000100110000 F
#5438
b10100111110 7
b100001001000101 F
#5439
b10100111111 7
b101000001101 F
#5440
b10101000000 7
b11000000110000 F
#5441
b10101000001 7
#5442
b10101000010 7
b101000001101 F
#5443
b10101000011 7
b100010101000110 F
#5444
b10101000100 7
b11010100110001 F
#5445
b10101000101 7
b101000001101 F
#5446
b10101000110 7
b100001101000110 F
#5447
b10101000111 7
b100001100110010 F
#5448
b10101001000 7
b101000001101 F
#5449
b10101001001 7
b100000101000110 F
#5450
b10101001010 7
b11010100110100 F
#5451
b10101001011 7
b101000001101 F
#5452
b10101001100 7
b11100001000110 F
#5453
b10101001101 7
b11000100110110 F
#5454
b10101001110 7
b101000001101 F
#5455
b10101001111 7
b11011001000110 F
#5456
b10101010000 7
b11001000111000 F
#5457
b10101010001 7
b101000001101 F
#5458
b10101010010 7
b11010001000110 F
#5459
b10101010011 7
b11100101000001 F
#5460
b10101010100 7
b101000001101 F
#5461
b10101010101 7
b11001001000110 F
#5462
b10101010110 7
b11011101000100 F
#5463
b10101010111 7
b101000001101 F
#5464
b10101011000 7
b11000101000110 F
#5465
b10101011001 7
b100010000110000 F
#5466
b10101011010 7
b101000001101 F
#5467
b10101011011 7
b100011001000101 F
#5468
b10101011100 7
b100001100110100 F
#5469
b10101011101 7
b101000001101 F
#5470
b10101011110 7
b100010001000101 F
#5471
b10101011111 7
b11011000111001 F
#5472
b10101100000 7
b101000001101 F
#5473
b10101100001 7
b100001001000101 F
#5474
b10101100010 7
#5475
b10101100011 7
b101000001101 F
#5476
b10101100100 7
b100000101000101 F
#5477
b10101100101 7
b100001100110100 F
#5478
b10101100110 7
b101000001101 F
#5479
b10101100111 7
b11100001000101 F
#5480
b10101101000 7
b100001001000010 F
#5481
b10101101001 7
b101000001101 F
#5482
b10101101010 7
b11011101000101 F
#5483
b10101101011 7
b11100000110011 F
#5484
b10101101100 7
b101000001101 F
#5485
b10101101101 7
b11010101000101 F
#5486
b10101101110 7
b11010001000011 F
#5487
b10101101111 7
b101000001101 F
#5488
b10101110000 7
b11010001000101 F
#5489
b10101110001 7
b11000100110110 F
#5490
b10101110010 7
b101000001101 F
#5491
b10101110011 7
b11001101000101 F
#5492
b10101110100 7
b100010100110000 F
#5493
b10101110101 7
b101000001101 F
#5494
b10101110110 7
b11000101000101 F
#5495
b10101110111 7
b100010101000011 F
#5496
b10101111000 7
b101000001101 F
#5497
b10101111001 7
b11000001000101 F
#5498
b10101111010 7
b11000001000001 F
#5499
b10101111011 7
b101000001101 F
#5500
b10101111100 7
b100011001000100 F
#5501
b10101111101 7
b11010100111000 F
#5502
b10101111110 7
b101000001101 F
#5503
b10101111111 7
b100010101000100 F
#5504
b10110000000 7
b100011000110111 F
#5505
b10110000001 7
b101000001101 F
#5506
b10110000010 7
b100010001000100 F
#5507
b10110000011 7
b100010000111000 F
#5508
b10110000100 7
b101000001101 F
#5509
b10110000101 7
b100001101000100 F
#5510
b10110000110 7
b11000001000010 F
#5511
b10110000111 7
b101000001101 F
#5512
b10110001000 7
b100001001000100 F
#5513
b10110001001 7
b11100101000101 F
#5514
b10110001010 7
b101000001101 F
#5515
b10110001011 7
b100001001000100 F
#5516
b10110001100 7
b11100100110011 F
#5517
b10110001101 7
b101000001101 F
#5518
b10110001110 7
b100000101000100 F
#5519
b10110001111 7
b100011000111001 F
#5520
b10110010000 7
b101000001101 F
#5521
b10110010001 7
b100000101000100 F
#5522
b10110010010 7
b100001100110001 F
#5523
b10110010011 7
b101000001101 F
#5524
b10110010100 7
b11100101000100 F
#5525
b10110010101 7
b11000001000010 F
#5526
b10110010110 7
b101000001101 F
#5527
b10110010111 7
b11100101000100 F
#5528
b10110011000 7
b100001100110101 F
#5529
b10110011001 7
b101000001101 F
#5530
b10110011010 7
b11100101000100 F
#5531
b10110011011 7
b11000000110010 F
#5532
b10110011100 7
b101000001101 F
#5533
b10110011101 7
b11100001000100 F
#5534
b10110011110 7
b100001101000110 F
#5535
b10110011111 7
b101000001101 F
#5536
b10110100000 7
b11100001000100 F
#5537
b10110100001 7
b11000001000110 F
#5538
b10110100010 7
b101000001101 F
#5539
b10110100011 7
b11100001000100 F
#5540
b10110100100 7
b100001101000110 F
#5541
b10110100101 7
b101000001101 F
#5542
b10110100110 7
b11100101000100 F
#5543
b10110100111 7
b11000000110010 F
#5544
b10110101000 7
b101000001101 F
#5545
b10110101001 7
b11100101000100 F
#5546
b10110101010 7
b100001100110101 F
#5547
b10110101011 7
b101000001101 F
#5548
b10110101100 7
b11100101000100 F
#5549
b10110101101 7
b11000001000010 F
#5550
b10110101110 7
b101000001101 F
#5551
b10110101111 7
b100000101000100 F
#5552
b10110110000 7
b100001100110001 F
#5553
b10110110001 7
b101000001101 F
#5554
b10110110010 7
b100000101000100 F
#5555
b10110110011 7
b100011000111001 F
#5556
b10110110100 7
b101000001101 F
#5557
b10110110101 7
b100001001000100 F
#5558
b10110110110 7
b11100100110011 F
#5559
b10110110111 7
b101000001101 F
#5560
b10110111000 7
b100001001000100 F
#5561
b10110111001 7
b11100101000101 F
#5562
b10110111010 7
b101000001101 F
#5563
b10110111011 7
b100001101000100 F
#5564
b10110111100 7
b11000001000010 F
#5565
b10110111101 7
b101000001101 F
#5566
b10110111110 7
b100010001000100 F
#5567
b10110111111 7
b100010000111000 F
#5568
b10111000000 7
b101000001101 F
#5569
b10111000001 7
b100010101000100 F
#5570
b10111000010 7
b100011000110111 F
#5571
b10111000011 7
b101000001101 F
#5572
b10111000100 7
b100011001000100 F
#5573
b10111000101 7
b11010100111000 F
#5574
b10111000110 7
b101000001101 F
#5575
b10111000111 7
b11000001000101 F
#5576
b10111001000 7
b11000001000001 F
#5577
b10111001001 7
b101000001101 F
#5578
b10111001010 7
b11000101000101 F
#5579
b10111001011 7
b100010101000011 F
#5580
b10111001100 7
b101000001101 F
#5581
b10111001101 7
b11001101000101 F
#5582
b10111001110 7
b100010100110000 F
#5583
b10111001111 7
b101000001101 F
#5584
b10111010000 7
b11010001000101 F
#5585
b10111010001 7
b11000100110110 F
#5586
b10111010010 7
b101000001101 F
#5587
b10111010011 7
b11010101000101 F
#5588
b10111010100 7
b11010001000011 F
#5589
b10111010101 7
b101000001101 F
#5590
b10111010110 7
b11011101000101 F
#5591
b10111010111 7
b11100000110011 F
#5592
b10111011000 7
b101000001101 F
#5593
b10111011001 7
b11100001000101 F
#5594
b10111011010 7
b100001001000010 F
#5595
b10111011011 7
b101000001101 F
#5596
b10111011100 7
b100000101000101 F
#5597
b10111011101 7
b100001100110100 F
#5598
b10111011110 7
b101000001101 F
#5599
b10111011111 7
b100001001000101 F
#5600
b10111100000 7
#5601
b10111100001 7
b101000001101 F
#5602
b10111100010 7
b100010001000101 F
#5603
b10111100011 7
b11011000111001 F
#5604
b10111100100 7
b101000001101 F
#5605
b10111100101 7
b100011001000101 F
#5606
b10111100110 7
b100001100110100 F
#5607
b10111100111 7
b101000001101 F
#5608
b10111101000 7
b11000101000110 F
#5609
b10111101001 7
b100010000110000 F
#5610
b10111101010 7
b101000001101 F
#5611
b10111101011 7
b11001001000110 F
#5612
b10111101100 7
b11011101000100 F
#5613
b10111101101 7
b101000001101 F
#5614
b10111101110 7
b11010001000110 F
#5615
b10111101111 7
b11100101000001 F
#5616
b10111110000 7
b101000001101 F
#5617
b10111110001 7
b11011001000110 F
#5618
b10111110010 7
b11001000111000 F
#5619
b10111110011 7
b101000001101 F
#5620
b10111110100 7
b11100001000110 F
#5621
b10111110101 7
b11000100110110 F
#5622
b10111110110 7
b101000001101 F
#5623
b10111110111 7
b100000101000110 F
#5624
b10111111000 7
b11010100110100 F
#5625
b10111111001 7
b101000001101 F
#5626
b10111111010 7
b100001101000110 F
#5627
b10111111011 7
b100001100110010 F
#5628
b10111111100 7
b101000001101 F
#5629
b10111111101 7
b100010101000110 F
#5630
b10111111110 7
b11010100110001 F
#5631
b10111111111 7
b101000001101 F
#5632
b11000000000 7
b11000000110000 F
#5633
b11000000001 7
#5634
b11000000010 7
b101000001101 F
#5635
b11000000011 7
b11000100110000 F
#5636
b11000000100 7
b100001001000101 F
#5637
b11000000101 7
b101000001101 F
#5638
b11000000110 7
b11001100110000 F
#5639
b11000000111 7
b11010001000100 F
#5640
b11000001000 7
b101000001101 F
#5641
b11000001001 7
b11010100110000 F
#5642
b11000001010 7
b100001001000010 F
#5643
b11000001011 7
b101000001101 F
#5644
b11000001100 7
b11011100110000 F
#5645
b11000001101 7
b100011000111001 F
#5646
b11000001110 7
b101000001101 F
#5647
b11000001111 7
b11100100110000 F
#5648
b11000010000 7
b100010100110111 F
#5649
b11000010001 7
b101000001101 F
#5650
b11000010010 7
b100001000110000 F
#5651
b11000010011 7
b11011100110101 F
#5652
b11000010100 7
b101000001101 F
#5653
b11000010101 7
b100010000110000 F
#5654
b11000010110 7
b11100100110010 F
#5655
b11000010111 7
b101000001101 F
#5656
b11000011000 7
b100010100110000 F
#5657
b11000011001 7
b11001101000110 F
#5658
b11000011010 7
b101000001101 F
#5659
b11000011011 7
b11000000110001 F
#5660
b11000011100 7
b11010001000010 F
#5661
b11000011101 7
b101000001101 F
#5662
b11000011110 7
b11001000110001 F
#5663
b11000011111 7
b100000100110110 F
#5664
b11000100000 7
b101000001101 F
#5665
b11000100001 7
b11010000110001 F
#5666
b11000100010 7
b11010100110001 F
#5667
b11000100011 7
b101000001101 F
#5668
b11000100100 7
b11010100110001 F
#5669
b11000100101 7
b11010001000010 F
#5670
b11000100110 7
b101000001101 F
#5671
b11000100111 7
b11011100110001 F
#5672
b11000101000 7
b11010100110100 F
#5673
b11000101001 7
b101000001101 F
#5674
b11000101010 7
b11100000110001 F
#5675
b11000101011 7
b11100001000011 F
#5676
b11000101100 7
b101000001101 F
#5677
b11000101101 7
b100000100110001 F
#5678
b11000101110 7
b100001100110011 F
#5679
b11000101111 7
b101000001101 F
#5680
b11000110000 7
b100001000110001 F
#5681
b11000110001 7
b100011000111001 F
#5682
b11000110010 7
b101000001101 F
#5683
b11000110011 7
b100001100110001 F
#5684
b11000110100 7
b11001001000110 F
#5685
b11000110101 7
b101000001101 F
#5686
b11000110110 7
b100010100110001 F
#5687
b11000110111 7
b11001000110011 F
#5688
b11000111000 7
b101000001101 F
#5689
b11000111001 7
b100011000110001 F
#5690
b11000111010 7
b11000000110110 F
#5691
b11000111011 7
b101000001101 F
#5692
b11000111100 7
b11000000110010 F
#5693
b11000111101 7
b100001000110111 F
#5694
b11000111110 7
b101000001101 F
#5695
b11000111111 7
b11000100110010 F
#5696
b11001000000 7
b11000100111000 F
#5697
b11001000001 7
b101000001101 F
#5698
b11001000010 7
b11001000110010 F
#5699
b11001000011 7
b11001100110111 F
#5700
b11001000100 7
b101000001101 F
#5701
b11001000101 7
b11001100110010 F
#5702
b11001000110 7
b11000000110101 F
#5703
b11001000111 7
b101000001101 F
#5704
b11001001000 7
b11010000110010 F
#5705
b11001001001 7
b11011100110001 F
#5706
b11001001010 7
b101000001101 F
#5707
b11001001011 7
b11010000110010 F
#5708
b11001001100 7
b11011101000011 F
#5709
b11001001101 7
b101000001101 F
#5710
b11001001110 7
b11010100110010 F
#5711
b11001001111 7
b11000100110110 F
#5712
b11001010000 7
b101000001101 F
#5713
b11001010001 7
b11010100110010 F
#5714
b11001010010 7
b11010001000101 F
#5715
b11001010011 7
b101000001101 F
#5716
b11001010100 7
b11011000110010 F
#5717
b11001010101 7
b11000000110101 F
#5718
b11001010110 7
b101000001101 F
#5719
b11001010111 7
b11011000110010 F
#5720
b11001011000 7
b11010001000001 F
#5721
b11001011001 7
b101000001101 F
#5722
b11001011010 7
b11011000110010 F
#5723
b11001011011 7
b11000001000101 F
#5724
b11001011100 7
b101000001101 F
#5725
b11001011101 7
b11011100110010 F
#5726
b11001011110 7
b11010000110000 F
#5727
b11001011111 7
b101000001101 F
#5728
b11001100000 7
b11011100110010 F
#5729
b11001100001 7
b11000000110001 F
#5730
b11001100010 7
b101000001101 F
#5731
b11001100011 7
b11011100110010 F
#5732
b11001100100 7
b11010000110000 F
#5733
b11001100101 7
b101000001101 F
#5734
b11001100110 7
b11011000110010 F
#5735
b11001100111 7
b11000001000101 F
#5736
b11001101000 7
b101000001101 F
#5737
b11001101001 7
b11011000110010 F
#5738
b11001101010 7
b11010001000001 F
#5739
b11001101011 7
b101000001101 F
#5740
b11001101100 7
b11011000110010 F
#5741
b11001101101 7
b11000000110101 F
#5742
b11001101110 7
b101000001101 F
#5743
b11001101111 7
b11010100110010 F
#5744
b11001110000 7
b11010001000101 F
#5745
b11001110001 7
b101000001101 F
#5746
b11001110010 7
b11010100110010 F
#5747
b11001110011 7
b11000100110110 F
#5748
b11001110100 7
b101000001101 F
#5749
b11001110101 7
b11010000110010 F
#5750
b11001110110 7
b11011101000011 F
#5751
b11001110111 7
b101000001101 F
#5752
b11001111000 7
b11010000110010 F
#5753
b11001111001 7
b11011100110001 F
#5754
b11001111010 7
b101000001101 F
#5755
b11001111011 7
b11001100110010 F
#5756
b11001111100 7
b11000000110101 F
#5757
b11001111101 7
b101000001101 F
#5758
b11001111110 7
b11001000110010 F
#5759
b11001111111 7
b11001100110111 F
#5760
b11010000000 7
b101000001101 F
#5761
b11010000001 7
b11000100110010 F
#5762
b11010000010 7
b11000100111000 F
#5763
b11010000011 7
b101000001101 F
#5764
b11010000100 7
b11000000110010 F
#5765
b11010000101 7
b100001000110111 F
#5766
b11010000110 7
b101000001101 F
#5767
b11010000111 7
b100011000110001 F
#5768
b11010001000 7
b11000000110110 F
#5769
b11010001001 7
b101000001101 F
#5770
b11010001010 7
b100010100110001 F
#5771
b11010001011 7
b11001000110011 F
#5772
b11010001100 7
b101000001101 F
#5773
b11010001101 7
b100001100110001 F
#5774
b11010001110 7
b11001001000110 F
#5775
b11010001111 7
b101000001101 F
#5776
b11010010000 7
b100001000110001 F
#5777
b11010010001 7
b100011000111001 F
#5778
b11010010010 7
b101000001101 F
#5779
b11010010011 7
b100000100110001 F
#5780
b11010010100 7
b100001100110011 F
#5781
b11010010101 7
b101000001101 F
#5782
b11010010110 7
b11100000110001 F
#5783
b11010010111 7
b11100001000011 F
#5784
b11010011000 7
b101000001101 F
#5785
b11010011001 7
b11011100110001 F
#5786
b11010011010 7
b11010100110100 F
#5787
b11010011011 7
b101000001101 F
#5788
b11010011100 7
b11010100110001 F
#5789
b11010011101 7
b11010001000010 F
#5790
b11010011110 7
b101000001101 F
#5791
b11010011111 7
b11010000110001 F
#5792
b11010100000 7
b11010100110001 F
#5793
b11010100001 7
b101000001101 F
#5794
b11010100010 7
b11001000110001 F
#5795
b11010100011 7
b100000100110110 F
#5796
b11010100100 7
b101000001101 F
#5797
b11010100101 7
b11000000110001 F
#5798
b11010100110 7
b11010001000010 F
#5799
b11010100111 7
b101000001101 F
#5800
b11010101000 7
b100010100110000 F
#5801
b11010101001 7
b11001101000110 F
#5802
b11010101010 7
b101000001101 F
#5803
b11010101011 7
b100010000110000 F
#5804
b11010101100 7
b11100100110010 F
#5805
b11010101101 7
b101000001101 F
#5806
b11010101110 7
b100001000110000 F
#5807
b11010101111 7
b11011100110101 F
#5808
b11010110000 7
b101000001101 F
#5809
b11010110001 7
b11100100110000 F
#5810
b11010110010 7
b100010100110111 F
#5811
b11010110011 7
b101000001101 F
#5812
b11010110100 7
b11011100110000 F
#5813
b11010110101 7
b100011000111001 F
#5814
b11010110110 7
b101000001101 F
#5815
b11010110111 7
b11010100110000 F
#5816
b11010111000 7
b100001001000010 F
#5817
b11010111001 7
b101000001101 F
#5818
b11010111010 7
b11001100110000 F
#5819
b11010111011 7
b11010001000100 F
#5820
b11010111100 7
b101000001101 F
#5821
b11010111101 7
b11000100110000 F
#5822
b11010111110 7
b100001001000101 F
#5823
b11010111111 7
b101000001101 F
#5824
b11011000000 7
b11000000110000 F
#5825
b11011000001 7
#5826
b11011000010 7
b101000001101 F
#5827
b11011000011 7
b100010101000110 F
#5828
b11011000100 7
b11010100110001 F
#5829
b11011000101 7
b101000001101 F
#5830
b11011000110 7
b100001101000110 F
#5831
b11011000111 7
b100001100110010 F
#5832
b11011001000 7
b101000001101 F
#5833
b11011001001 7
b100000101000110 F
#5834
b11011001010 7
b11010100110100 F
#5835
b11011001011 7
b101000001101 F
#5836
b11011001100 7
b11100001000110 F
#5837
b11011001101 7
b11000100110110 F
#5838
b11011001110 7
b101000001101 F
#5839
b11011001111 7
b11011001000110 F
#5840
b11011010000 7
b11001000111000 F
#5841
b11011010001 7
b101000001101 F
#5842
b11011010010 7
b11010001000110 F
#5843
b11011010011 7
b11100101000001 F
#5844
b11011010100 7
b101000001101 F
#5845
b11011010101 7
b11001001000110 F
#5846
b11011010110 7
b11011101000100 F
#5847
b11011010111 7
b101000001101 F
#5848
b11011011000 7
b11000101000110 F
#5849
b11011011001 7
b100010000110000 F
#5850
b11011011010 7
b101000001101 F
#5851
b11011011011 7
b100011001000101 F
#5852
b11011011100 7
b100001100110100 F
#5853
b11011011101 7
b101000001101 F
#5854
b11011011110 7
b100010001000101 F
#5855
b11011011111 7
b11011000111001 F
#5856
b11011100000 7
b101000001101 F
#5857
b11011100001 7
b100001001000101 F
#5858
b11011100010 7
#5859
b11011100011 7
b101000001101 F
#5860
b11011100100 7
b100000101000101 F
#5861
b11011100101 7
b100001100110100 F
#5862
b11011100110 7
b101000001101 F
#5863
b11011100111 7
b11100001000101 F
#5864
b11011101000 7
b100001001000010 F
#5865
b11011101001 7
b101000001101 F
#5866
b11011101010 7
b11011101000101 F
#5867
b11011101011 7
b11100000110011 F
#5868
b11011101100 7
b101000001101 F
#5869
b11011101101 7
b11010101000101 F
#5870
b11011101110 7
b11010001000011 F
#5871
b11011101111 7
b101000001101 F
#5872
b11011110000 7
b11010001000101 F
#5873
b11011110001 7
b11000100110110 F
#5874
b11011110010 7
b101000001101 F
#5875
b11011110011 7
b11001101000101 F
#5876
b11011110100 7
b100010100110000 F
#5877
b11011110101 7
b101000001101 F
#5878
b11011110110 7
b11000101000101 F
#5879
b11011110111 7
b100010101000011 F
#5880
b11011111000 7
b101000001101 F
#5881
b11011111001 7
b11000001000101 F
#5882
b11011111010 7
b11000001000001 F
#5883
b11011111011 7
b101000001101 F
#5884
b11011111100 7
b100011001000100 F
#5885
b11011111101 7
b11010100111000 F
#5886
b11011111110 7
b101000001101 F
#5887
b11011111111 7
b100010101000100 F
#5888
b11100000000 7
b100011000110111 F
#5889
b11100000001 7
b101000001101 F
#5890
b11100000010 7
b100010001000100 F
#5891
b11100000011 7
b100010000111000 F
#5892
b11100000100 7
b101000001101 F
#5893
b11100000101 7
b100001101000100 F
#5894
b11100000110 7
b11000001000010 F
#5895
b11100000111 7
b101000001101 F
#5896
b11100001000 7
b100001001000100 F
#5897
b11100001001 7
b11100101000101 F
#5898
b11100001010 7
b101000001101 F
#5899
b11100001011 7
b100001001000100 F
#5900
b11100001100 7
b11100100110011 F
#5901
b11100001101 7
b101000001101 F
#5902
b11100001110 7
b100000101000100 F
#5903
b11100001111 7
b100011000111001 F
#5904
b11100010000 7
b101000001101 F
#5905
b11100010001 7
b100000101000100 F
#5906
b11100010010 7
b100001100110001 F
#5907
b11100010011 7
b101000001101 F
#5908
b11100010100 7
b11100101000100 F
#5909
b11100010101 7
b11000001000010 F
#5910
b11100010110 7
b101000001101 F
#5911
b11100010111 7
b11100101000100 F
#5912
b11100011000 7
b100001100110101 F
#5913
b11100011001 7
b101000001101 F
#5914
b11100011010 7
b11100101000100 F
#5915
b11100011011 7
b11000000110010 F
#5916
b11100011100 7
b101000001101 F
#5917
b11100011101 7
b11100001000100 F
#5918
b11100011110 7
b100001101000110 F
#5919
b11100011111 7
b101000001101 F
#5920
b11100100000 7
b11100001000100 F
#5921
b11100100001 7
b11000001000110 F
#5922
b11100100010 7
b101000001101 F
#5923
b11100100011 7
b11100001000100 F
#5924
b11100100100 7
b100001101000110 F
#5925
b11100100101 7
b101000001101 F
#5926
b11100100110 7
b11100101000100 F
#5927
b11100100111 7
b11000000110010 F
#5928
b11100101000 7
b101000001101 F
#5929
b11100101001 7
b11100101000100 F
#5930
b11100101010 7
b100001100110101 F
#5931
b11100101011 7
b101000001101 F
#5932
b11100101100 7
b11100101000100 F
#5933
b11100101101 7
b11000001000010 F
#5934
b11100101110 7
b101000001101 F
#5935
b11100101111 7
b100000101000100 F
#5936
b11100110000 7
b100001100110001 F
#5937
b11100110001 7
b101000001101 F
#5938
b11100110010 7
b100000101000100 F
#5939
b11100110011 7
b100011000111001 F
#5940
b11100110100 7
b101000001101 F
#5941
b11100110101 7
b100001001000100 F
#5942
b11100110110 7
b11100100110011 F
#5943
b11100110111 7
b101000001101 F
#5944
b11100111000 7
b100001001000100 F
#5945
b11100111001 7
b11100101000101 F
#5946
b11100111010 7
b101000001101 F
#5947
b11100111011 7
b100001101000100 F
#5948
b11100111100 7
b11000001000010 F
#5949
b11100111101 7
b101000001101 F
#5950
b11100111110 7
b100010001000100 F
#5951
b11100111111 7
b100010000111000 F
#5952
b11101000000 7
b101000001101 F
#5953
b11101000001 7
b100010101000100 F
#5954
b11101000010 7
b100011000110111 F
#5955
b11101000011 7
b101000001101 F
#5956
b11101000100 7
b100011001000100 F
#5957
b11101000101 7
b11010100111000 F
#5958
b11101000110 7
b101000001101 F
#5959
b11101000111 7
b11000001000101 F
#5960
b11101001000 7
b11000001000001 F
#5961
b11101001001 7
b101000001101 F
#5962
b11101001010 7
b11000101000101 F
#5963
b11101001011 7
b100010101000011 F
#5964
b11101001100 7
b101000001101 F
#5965
b11101001101 7
b11001101000101 F
#5966
b11101001110 7
b100010100110000 F
#5967
b11101001111 7
b101000001101 F
#5968
b11101010000 7
b11010001000101 F
#5969
b11101010001 7
b11000100110110 F
#5970
b11101010010 7
b101000001101 F
#5971
b11101010011 7
b11010101000101 F
#5972
b11101010100 7
b11010001000011 F
#5973
b11101010101 7
b101000001101 F
#5974
b11101010110 7
b11011101000101 F
#5975
b11101010111 7
b11100000110011 F
#5976
b11101011000 7
b101000001101 F
#5977
b11101011001 7
b11100001000101 F
#5978
b11101011010 7
b100001001000010 F
#5979
b11101011011 7
b101000001101 F
#5980
b11101011100 7
b100000101000101 F
#5981
b11101011101 7
b100001100110100 F
#5982
b11101011110 7
b101000001101 F
#5983
b11101011111 7
b100001001000101 F
#5984
b11101100000 7
#5985
b11101100001 7
b101000001101 F
#5986
b11101100010 7
b100010001000101 F
#5987
b11101100011 7
b11011000111001 F
#5988
b11101100100 7
b101000001101 F
#5989
b11101100101 7
b100011001000101 F
#5990
b11101100110 7
b100001100110100 F
#5991
b11101100111 7
b101000001101 F
#5992
b11101101000 7
b11000101000110 F
#5993
b11101101001 7
b100010000110000 F
#5994
b11101101010 7
b101000001101 F
#5995
b11101101011 7
b11001001000110 F
#5996
b11101101100 7
b11011101000100 F
#5997
b11101101101 7
b101000001101 F
#5998
b11101101110 7
b11010001000110 F
#5999
b11101101111 7
b11100101000001 F
#6000
b11101110000 7
b101000001101 F
#6001
b11101110001 7
b11011001000110 F
#6002
b11101110010 7
b11001000111000 F
#6003
b11101110011 7
b101000001101 F
#6004
b11101110100 7
b11100001000110 F
#6005
b11101110101 7
b11000100110110 F
#6006
b11101110110 7
b101000001101 F
#6007
b11101110111 7
b100000101000110 F
#6008
b11101111000 7
b11010100110100 F
#6009
b11101111001 7
b101000001101 F
#6010
b11101111010 7
b100001101000110 F
#6011
b11101111011 7
b100001100110010 F
#6012
b11101111100 7
b101000001101 F
#6013
b11101111101 7
b100010101000110 F
#6014
b11101111110 7
b11010100110001 F
#6015
b11101111111 7
b101000001101 F
#6016
b11110000000 7
b11000000110000 F
#6017
b11110000001 7
#6018
b11110000010 7
b101000001101 F
#6019
b11110000011 7
b11000100110000 F
#6020
b11110000100 7
b100001001000101 F
#6021
b11110000101 7
b101000001101 F
#6022
b11110000110 7
b11001100110000 F
#6023
b11110000111 7
b11010001000100 F
#6024
b11110001000 7
b101000001101 F
#6025
b11110001001 7
b11010100110000 F
#6026
b11110001010 7
b100001001000010 F
#6027
b11110001011 7
b101000001101 F
#6028
b11110001100 7
b11011100110000 F
#6029
b11110001101 7
b100011000111001 F
#6030
b11110001110 7
b101000001101 F
#6031
b11110001111 7
b11100100110000 F
#6032
b11110010000 7
b100010100110111 F
#6033
b11110010001 7
b101000001101 F
#6034
b11110010010 7
b100001000110000 F
#6035
b11110010011 7
b11011100110101 F
#6036
b11110010100 7
b101000001101 F
#6037
b11110010101 7
b100010000110000 F
#6038
b11110010110 7
b11100100110010 F
#6039
b11110010111 7
b101000001101 F
#6040
b11110011000 7
b100010100110000 F
#6041
b11110011001 7
b11001101000110 F
#6042
b11110011010 7
b101000001101 F
#6043
b11110011011 7
b11000000110001 F
#6044
b11110011100 7
b11010001000010 F
#6045
b11110011101 7
b101000001101 F
#6046
b11110011110 7
b11001000110001 F
#6047
b11110011111 7
b100000100110110 F
#6048
b11110100000 7
b101000001101 F
#6049
b11110100001 7
b11010000110001 F
#6050
b11110100010 7
b11010100110001 F
#6051
b11110100011 7
b101000001101 F
#6052
b11110100100 7
b11010100110001 F
#6053
b11110100101 7
b11010001000010 F
#6054
b11110100110 7
b101000001101 F
#6055
b11110100111 7
b11011100110001 F
#6056
b11110101000 7
b11010100110100 F
#6057
b11110101001 7
b101000001101 F
#6058
b11110101010 7
b11100000110001 F
#6059
b11110101011 7
b11100001000011 F
#6060
b11110101100 7
b101000001101 F
#6061
b11110101101 7
b100000100110001 F
#6062
b11110101110 7
b100001100110011 F
#6063
b11110101111 7
b101000001101 F
#6064
b11110110000 7
b100001000110001 F
#6065
b11110110001 7
b100011000111001 F
#6066
b11110110010 7
b101000001101 F
#6067
b11110110011 7
b100001100110001 F
#6068
b11110110100 7
b11001001000110 F
#6069
b11110110101 7
b101000001101 F
#6070
b11110110110 7
b100010100110001 F
#6071
b11110110111 7
b11001000110011 F
#6072
b11110111000 7
b101000001101 F
#6073
b11110111001 7
b100011000110001 F
#6074
b11110111010 7
b11000000110110 F
#6075
b11110111011 7
b101000001101 F
#6076
b11110111100 7
b11000000110010 F
#6077
b11110111101 7
b100001000110111 F
#6078
b11110111110 7
b101000001101 F
#6079
b11110111111 7
b11000100110010 F
#6080
b11111000000 7
b11000100111000 F
#6081
b11111000001 7
b101000001101 F
#6082
b11111000010 7
b11001000110010 F
#6083
b11111000011 7
b11001100110111 F
#6084
b11111000100 7
b101000001101 F
#6085
b11111000101 7
b11001100110010 F
#6086
b11111000110 7
b11000000110101 F
#6087
b11111000111 7
b101000001101 F
#6088
b11111001000 7
b11010000110010 F
#6089
b11111001001 7
b11011100110001 F
#6090
b11111001010 7
b101000001101 F
#6091
b11111001011 7
b11010000110010 F
#6092
b11111001100 7
b11011101000011 F
#6093
b11111001101 7
b101000001101 F
#6094
b11111001110 7
b11010100110010 F
#6095
b11111001111 7
b11000100110110 F
#6096
b11111010000 7
b101000001101 F
#6097
b11111010001 7
b11010100110010 F
#6098
b11111010010 7
b11010001000101 F
#6099
b11111010011 7
b101000001101 F
#6100
b11111010100 7
b11011000110010 F
#6101
b11111010101 7
b11000000110101 F
#6102
b11111010110 7
b101000001101 F
#6103
b11111010111 7
b11011000110010 F
#6104
b11111011000 7
b11010001000001 F
#6105
b11111011001 7
b101000001101 F
#6106
b11111011010 7
b11011000110010 F
#6107
b11111011011 7
b11000001000101 F
#6108
b11111011100 7
b101000001101 F
#6109
b11111011101 7
b11011100110010 F
#6110
b11111011110 7
b11010000110000 F
#6111
b11111011111 7
b101000001101 F
#6112
b11111100000 7
b11011100110010 F
#6113
b11111100001 7
b11000000110001 F
#6114
b11111100010 7
b101000001101 F
#6115
b11111100011 7
b11011100110010 F
#6116
b11111100100 7
b11010000110000 F
#6117
b11111100101 7
b101000001101 F
#6118
b11111100110 7
b11011000110010 F
#6119
b11111100111 7
b11000001000101 F
#6120
b11111101000 7
b101000001101 F
#6121
b11111101001 7
b11011000110010 F
#6122
b11111101010 7
b11010001000001 F
#6123
b11111101011 7
b101000001101 F
#6124
b11111101100 7
b11011000110010 F
#6125
b11111101101 7
b11000000110101 F
#6126
b11111101110 7
b101000001101 F
#6127
b11111101111 7
b11010100110010 F
#6128
b11111110000 7
b11010001000101 F
#6129
b11111110001 7
b101000001101 F
#6130
b11111110010 7
b11010100110010 F
#6131
b11111110011 7
b11000100110110 F
#6132
b11111110100 7
b101000001101 F
#6133
b11111110101 7
b11010000110010 F
#6134
b11111110110 7
b11011101000011 F
#6135
b11111110111 7
b101000001101 F
#6136
b11111111000 7
b11010000110010 F
#6137
b11111111001 7
b11011100110001 F
#6138
b11111111010 7
b101000001101 F
#6139
b11111111011 7
b11001100110010 F
#6140
b11111111100 7
b11000000110101 F
#6141
b11111111101 7
b101000001101 F
#6142
b11111111110 7
b11001000110010 F
#6143
b11111111111 7
b11001100110111 F
#6144
b100000000000 7
b101000001101 F
#6145
b100000000001 7
b11000100110010 F
#6146
b100000000010 7
b11000100111000 F
#6147
b100000000011 7
b101000001101 F
#6148
b100000000100 7
b11000000110010 F
#6149
b100000000101 7
b100001000110111 F
#6150
b100000000110 7
b101000001101 F
#6151
b100000000111 7
b100011000110001 F
#6152
b100000001000 7
b11000000110110 F
#6153
b100000001001 7
b101000001101 F
#6154
b100000001010 7
b100010100110001 F
#6155
b100000001011 7
b11001000110011 F
#6156
b100000001100 7
b101000001101 F
#6157
b100000001101 7
b100001100110001 F
#6158
b100000001110 7
b11001001000110 F
#6159
b100000001111 7
b101000001101 F
#6160
b100000010000 7
b100001000110001 F
#6161
b100000010001 7
b100011000111001 F
#6162
b100000010010 7
b101000001101 F
#6163
b100000010011 7
b100000100110001 F
#6164
b100000010100 7
b100001100110011 F
#6165
b100000010101 7
b101000001101 F
#6166
b100000010110 7
b11100000110001 F
#6167
b100000010111 7
b11100001000011 F
#6168
b100000011000 7
b101000001101 F
#6169
b100000011001 7
b11011100110001 F
#6170
b100000011010 7
b11010100110100 F
#6171
b100000011011 7
b101000001101 F
#6172
b100000011100 7
b11010100110001 F
#6173
b100000011101 7
b11010001000010 F
#6174
b100000011110 7
b101000001101 F
#6175
b100000011111 7
b11010000110001 F
#6176
b100000100000 7
b11010100110001 F
#6177
b100000100001 7
b101000001101 F
#6178
b100000100010 7
b11001000110001 F
#6179
b100000100011 7
b100000100110110 F
#6180
b100000100100 7
b101000001101 F
#6181
b100000100101 7
b11000000110001 F
#6182
b100000100110 7
b11010001000010 F
#6183
b100000100111 7
b101000001101 F
#6184
b100000101000 7
b100010100110000 F
#6185
b100000101001 7
b11001101000110 F
#6186
b100000101010 7
b101000001101 F
#6187
b100000101011 7
b100010000110000 F
#6188
b100000101100 7
b11100100110010 F
#6189
b100000101101 7
b101000001101 F
#6190
b100000101110 7
b100001000110000 F
#6191
b100000101111 7
b11011100110101 F
#6192
b100000110000 7
b101000001101 F
#6193
b100000110001 7
b11100100110000 F
#6194
b100000110010 7
b100010100110111 F
#6195
b100000110011 7
b101000001101 F
#6196
b100000110100 7
b11011100110000 F
#6197
b100000110101 7
b100011000111001 F
#6198
b100000110110 7
b101000001101 F
#6199
b100000110111 7
b11010100110000 F
#6200
b100000111000 7
b100001001000010 F
#6201
b100000111001 7
b101000001101 F
#6202
b100000111010 7
b11001100110000 F
#6203
b100000111011 7
b11010001000100 F
#6204
b100000111100 7
b101000001101 F
#6205
b100000111101 7
b11000100110000 F
#6206
b100000111110 7
b100001001000101 F
#6207
b100000111111 7
b101000001101 F
#6208
b100001000000 7
b11000000110000 F
#6209
b100001000001 7
#6210
b100001000010 7
b101000001101 F
#6211
b100001000011 7
b100010101000110 F
#6212
b100001000100 7
b11010100110001 F
#6213
b100001000101 7
b101000001101 F
#6214
b100001000110 7
b100001101000110 F
#6215
b100001000111 7
b100001100110010 F
#6216
b100001001000 7
b101000001101 F
#6217
b100001001001 7
b100000101000110 F
#6218
b100001001010 7
b11010100110100 F
#6219
b100001001011 7
b101000001101 F
#6220
b100001001100 7
b11100001000110 F
#6221
b100001001101 7
b11000100110110 F
#6222
b100001001110 7
b101000001101 F
#6223
b100001001111 7
b11011001000110 F
#6224
b100001010000 7
b11001000111000 F
#6225
b100001010001 7
b101000001101 F
#6226
b100001010010 7
b11010001000110 F
#6227
b100001010011 7
b11100101000001 F
#6228
b100001010100 7
b101000001101 F
#6229
b100001010101 7
b11001001000110 F
#6230
b100001010110 7
b11011101000100 F
#6231
b100001010111 7
b101000001101 F
#6232
b100001011000 7
b11000101000110 F
#6233
b100001011001 7
b100010000110000 F
#6234
b100001011010 7
b101000001101 F
#6235
b100001011011 7
b100011001000101 F
#6236
b100001011100 7
b100001100110100 F
#6237
b100001011101 7
b101000001101 F
#6238
b100001011110 7
b100010001000101 F
#6239
b100001011111 7
b11011000111001 F
#6240
b100001100000 7
b101000001101 F
#6241
b100001100001 7
b100001001000101 F
#6242
b100001100010 7
#6243
b100001100011 7
b101000001101 F
#6244
b100001100100 7
b100000101000101 F
#6245
b100001100101 7
b100001100110100 F
#6246
b100001100110 7
b101000001101 F
#6247
b100001100111 7
b11100001000101 F
#6248
b100001101000 7
b100001001000010 F
#6249
b100001101001 7
b101000001101 F
#6250
b100001101010 7
b11011101000101 F
#6251
b100001101011 7
b11100000110011 F
#6252
b100001101100 7
b101000001101 F
#6253
b100001101101 7
b11010101000101 F
#6254
b100001101110 7
b11010001000011 F
#6255
b100001101111 7
b101000001101 F
#6256
b100001110000 7
b11010001000101 F
#6257
b100001110001 7
b11000100110110 F
#6258
b100001110010 7
b101000001101 F
#6259
b100001110011 7
b11001101000101 F
#6260
b100001110100 7
b100010100110000 F
#6261
b100001110101 7
b101000001101 F
#6262
b100001110110 7
b11000101000101 F
#6263
b100001110111 7
b100010101000011 F
#6264
b100001111000 7
b101000001101 F
#6265
b100001111001 7
b11000001000101 F
#6266
b100001111010 7
b11000001000001 F
#6267
b100001111011 7
b101000001101 F
#6268
b100001111100 7
b100011001000100 F
#6269
b100001111101 7
b11010100111000 F
#6270
b100001111110 7
b101000001101 F
#6271
b100001111111 7
b100010101000100 F
#6272
b100010000000 7
b100011000110111 F
#6273
b100010000001 7
b101000001101 F
#6274
b100010000010 7
b100010001000100 F
#6275
b100010000011 7
b100010000111000 F
#6276
b100010000100 7
b101000001101 F
#6277
b100010000101 7
b100001101000100 F
#6278
b100010000110 7
b11000001000010 F
#6279
b100010000111 7
b101000001101 F
#6280
b100010001000 7
b100001001000100 F
#6281
b100010001001 7
b11100101000101 F
#6282
b100010001010 7
b101000001101 F
#6283
b100010001011 7
b100001001000100 F
#6284
b100010001100 7
b11100100110011 F
#6285
b100010001101 7
b101000001101 F
#6286
b100010001110 7
b100000101000100 F
#6287
b100010001111 7
b100011000111001 F
#6288
b100010010000 7
b101000001101 F
#6289
b100010010001 7
b100000101000100 F
#6290
b100010010010 7
b100001100110001 F
#6291
b100010010011 7
b101000001101 F
#6292
b100010010100 7
b11100101000100 F
#6293
b100010010101 7
b11000001000010 F
#6294
b100010010110 7
b101000001101 F
#6295
b100010010111 7
b11100101000100 F
#6296
b100010011000 7
b100001100110101 F
#6297
b100010011001 7
b101000001101 F
#6298
b100010011010 7
b11100101000100 F
#6299
b100010011011 7
b11000000110010 F
#6300
b100010011100 7
b101000001101 F
#6301
b100010011101 7
b11100001000100 F
#6302
b100010011110 7
b100001101000110 F
#6303
b100010011111 7
b101000001101 F
#6304
b100010100000 7
b11100001000100 F
#6305
b100010100001 7
b11000001000110 F
#6306
b100010100010 7
b101000001101 F
#6307
b100010100011 7
b11100001000100 F
#6308
b100010100100 7
b100001101000110 F
#6309
b100010100101 7
b101000001101 F
#6310
b100010100110 7
b11100101000100 F
#6311
b100010100111 7
b11000000110010 F
#6312
b100010101000 7
b101000001101 F
#6313
b100010101001 7
b11100101000100 F
#6314
b100010101010 7
b100001100110101 F
#6315
b100010101011 7
b101000001101 F
#6316
b100010101100 7
b11100101000100 F
#6317
b100010101101 7
b11000001000010 F
#6318
b100010101110 7
b101000001101 F
#6319
b100010101111 7
b100000101000100 F
#6320
b100010110000 7
b100001100110001 F
#6321
b100010110001 7
b101000001101 F
#6322
b100010110010 7
b100000101000100 F
#6323
b100010110011 7
b100011000111001 F
#6324
b100010110100 7
b101000001101 F
#6325
b100010110101 7
b100001001000100 F
#6326
b100010110110 7
b11100100110011 F
#6327
b100010110111 7
b101000001101 F
#6328
b100010111000 7
b100001001000100 F
#6329
b100010111001 7
b11100101000101 F
#6330
b100010111010 7
b101000001101 F
#6331
b100010111011 7
b100001101000100 F
#6332
b100010111100 7
b11000001000010 F
#6333
b100010111101 7
b101000001101 F
#6334
b100010111110 7
b100010001000100 F
#6335
b100010111111 7
b100010000111000 F
#6336
b100011000000 7
b101000001101 F
#6337
b100011000001 7
b100010101000100 F
#6338
b100011000010 7
b100011000110111 F
#6339
b100011000011 7
b101000001101 F
#6340
b100011000100 7
b100011001000100 F
#6341
b100011000101 7
b11010100111000 F
#6342
b100011000110 7
b101000001101 F
#6343
b100011000111 7
b11000001000101 F
#6344
b100011001000 7
b11000001000001 F
#6345
b100011001001 7
b101000001101 F
#6346
b100011001010 7
b11000101000101 F
#6347
b100011001011 7
b100010101000011 F
#6348
b100011001100 7
b101000001101 F
#6349
b100011001101 7
b11001101000101 F
#6350
b100011001110 7
b100010100110000 F
#6351
b100011001111 7
b101000001101 F
#6352
b100011010000 7
b11010001000101 F
#6353
b100011010001 7
b11000100110110 F
#6354
b100011010010 7
b101000001101 F
#6355
b100011010011 7
b11010101000101 F
#6356
b100011010100 7
b11010001000011 F
#6357
b100011010101 7
b101000001101 F
#6358
b100011010110 7
b11011101000101 F
#6359
b100011010111 7
b11100000110011 F
#6360
b100011011000 7
b101000001101 F
#6361
b100011011001 7
b11100001000101 F
#6362
b100011011010 7
b100001001000010 F
#6363
b100011011011 7
b101000001101 F
#6364
b100011011100 7
b100000101000101 F
#6365
b100011011101 7
b100001100110100 F
#6366
b100011011110 7
b101000001101 F
#6367
b100011011111 7
b100001001000101 F
#6368
b100011100000 7
#6369
b100011100001 7
b101000001101 F
#6370
b100011100010 7
b100010001000101 F
#6371
b100011100011 7
b11011000111001 F
#6372
b100011100100 7
b101000001101 F
#6373
b100011100101 7
b100011001000101 F
#6374
b100011100110 7
b100001100110100 F
#6375
b100011100111 7
b101000001101 F
#6376
b100011101000 7
b11000101000110 F
#6377
b100011101001 7
b100010000110000 F
#6378
b100011101010 7
b101000001101 F
#6379
b100011101011 7
b11001001000110 F
#6380
b100011101100 7
b11011101000100 F
#6381
b100011101101 7
b101000001101 F
#6382
b100011101110 7
b11010001000110 F
#6383
b100011101111 7
b11100101000001 F
#6384
b100011110000 7
b101000001101 F
#6385
b100011110001 7
b11011001000110 F
#6386
b100011110010 7
b11001000111000 F
#6387
b100011110011 7
b101000001101 F
#6388
b100011110100 7
b11100001000110 F
#6389
b100011110101 7
b11000100110110 F
#6390
b100011110110 7
b101000001101 F
#6391
b100011110111 7
b100000101000110 F
#6392
b100011111000 7
b11010100110100 F
#6393
b100011111001 7
b101000001101 F
#6394
b100011111010 7
b100001101000110 F
#6395
b100011111011 7
b100001100110010 F
#6396
b100011111100 7
b101000001101 F
#6397
b100011111101 7
b100010101000110 F
#6398
b100011111110 7
b11010100110001 F
#6399
b100011111111 7
b101000001101 F
#6400
b100100000000 7
b11000000110000 F
#6401
b100100000001 7
#6402
b100100000010 7
b101000001101 F
#6403
b100100000011 7
b11000100110000 F
#6404
b100100000100 7
b100001001000101 F
#6405
b100100000101 7
b101000001101 F
#6406
b100100000110 7
b11001100110000 F
#6407
b100100000111 7
b11010001000100 F
#6408
b100100001000 7
b101000001101 F
#6409
b100100001001 7
b11010100110000 F
#6410
b100100001010 7
b100001001000010 F
#6411
b100100001011 7
b101000001101 F
#6412
b100100001100 7
b11011100110000 F
#6413
b100100001101 7
b100011000111001 F
#6414
b100100001110 7
b101000001101 F
#6415
b100100001111 7
b11100100110000 F
#6416
b100100010000 7
b100010100110111 F
#6417
b100100010001 7
b101000001101 F
#6418
b100100010010 7
b100001000110000 F
#6419
b100100010011 7
b11011100110101 F
#6420
b100100010100 7
b101000001101 F
#6421
b100100010101 7
b100010000110000 F
#6422
b100100010110 7
b11100100110010 F
#6423
b100100010111 7
b101000001101 F
#6424
b100100011000 7
b100010100110000 F
#6425
b100100011001 7
b11001101000110 F
#6426
b100100011010 7
b101000001101 F
#6427
b100100011011 7
b11000000110001 F
#6428
b100100011100 7
b11010001000010 F
#6429
b100100011101 7
b101000001101 F
#6430
b100100011110 7
b11001000110001 F
#6431
b100100011111 7
b100000100110110 F
#6432
b100100100000 7
b101000001101 F
#6433
b100100100001 7
b11010000110001 F
#6434
b100100100010 7
b11010100110001 F
#6435
b100100100011 7
b101000001101 F
#6436
b100100100100 7
b11010100110001 F
#6437
b100100100101 7
b11010001000010 F
#6438
b100100100110 7
b101000001101 F
#6439
b100100100111 7
b11011100110001 F
#6440
b100100101000 7
b11010100110100 F
#6441
b100100101001 7
b101000001101 F
#6442
b100100101010 7
b11100000110001 F
#6443
b100100101011 7
b11100001000011 F
#6444
b100100101100 7
b101000001101 F
#6445
b100100101101 7
b100000100110001 F
#6446
b100100101110 7
b100001100110011 F
#6447
b100100101111 7
b101000001101 F
#6448
b100100110000 7
b100001000110001 F
#6449
b100100110001 7
b100011000111001 F
#6450
b100100110010 7
b101000001101 F
#6451
b100100110011 7
b100001100110001 F
#6452
b100100110100 7
b11001001000110 F
#6453
b100100110101 7
b101000001101 F
#6454
b100100110110 7
b100010100110001 F
#6455
b100100110111 7
b11001000110011 F
#6456
b100100111000 7
b101000001101 F
#6457
b100100111001 7
b100011000110001 F
#6458
b100100111010 7
b11000000110110 F
#6459
b100100111011 7
b101000001101 F
#6460
b100100111100 7
b11000000110010 F
#6461
b100100111101 7
b100001000110111 F
#6462
b100100111110 7
b101000001101 F
#6463
b100100111111 7
b11000100110010 F
#6464
b100101000000 7
b11000100111000 F
#6465
b100101000001 7
b101000001101 F
#6466
b100101000010 7
b11001000110010 F
#6467
b100101000011 7
b11001100110111 F
#6468
b100101000100 7
b101000001101 F
#6469
b100101000101 7
b11001100110010 F
#6470
b100101000110 7
b11000000110101 F
#6471
b100101000111 7
b101000001101 F
#6472
b100101001000 7
b11010000110010 F
#6473
b100101001001 7
b11011100110001 F
#6474
b100101001010 7
b101000001101 F
#6475
b100101001011 7
b11010000110010 F
#6476
b100101001100 7
b11011101000011 F
#6477
b100101001101 7
b101000001101 F
#6478
b100101001110 7
b11010100110010 F
#6479
b100101001111 7
b11000100110110 F
#6480
b100101010000 7
b101000001101 F
#6481
b100101010001 7
b11010100110010 F
#6482
b100101010010 7
b11010001000101 F
#6483
b100101010011 7
b101000001101 F
#6484
b100101010100 7
b11011000110010 F
#6485
b100101010101 7
b11000000110101 F
#6486
b100101010110 7
b101000001101 F
#6487
b100101010111 7
b11011000110010 F
#6488
b100101011000 7
b11010001000001 F
#6489
b100101011001 7
b101000001101 F
#6490
b100101011010 7
b11011000110010 F
#6491
b100101011011 7
b11000001000101 F
#6492
b100101011100 7
b101000001101 F
#6493
b100101011101 7
b11011100110010 F
#6494
b100101011110 7
b11010000110000 F
#6495
b100101011111 7
b101000001101 F
#6496
b100101100000 7
b11011100110010 F
#6497
b100101100001 7
b11000000110001 F
#6498
b100101100010 7
b101000001101 F
#6499
b100101100011 7
b11011100110010 F
#6500
b100101100100 7
b11010000110000 F
#6501
b100101100101 7
b101000001101 F
#6502
b100101100110 7
b11011000110010 F
#6503
b100101100111 7
b11000001000101 F
#6504
b100101101000 7
b101000001101 F
#6505
b100101101001 7
b11011000110010 F
#6506
b100101101010 7
b11010001000001 F
#6507
b100101101011 7
b101000001101 F
#6508
b100101101100 7
b11011000110010 F
#6509
b100101101101 7
b11000000110101 F
#6510
b100101101110 7
b101000001101 F
#6511
b100101101111 7
b11010100110010 F
#6512
b100101110000 7
b11010001000101 F
#6513
b100101110001 7
b101000001101 F
#6514
b100101110010 7
b11010100110010 F
#6515
b100101110011 7
b11000100110110 F
#6516
b100101110100 7
b101000001101 F
#6517
b100101110101 7
b11010000110010 F
#6518
b100101110110 7
b11011101000011 F
#6519
b100101110111 7
b101000001101 F
#6520
b100101111000 7
b11010000110010 F
#6521
b100101111001 7
b11011100110001 F
#6522
b100101111010 7
b101000001101 F
#6523
b100101111011 7
b11001100110010 F
#6524
b100101111100 7
b11000000110101 F
#6525
b100101111101 7
b101000001101 F
#6526
b100101111110 7
b11001000110010 F
#6527
b100101111111 7
b11001100110111 F
#6528
b100110000000 7
b101000001101 F
#6529
b100110000001 7
b11000100110010 F
#6530
b100110000010 7
b11000100111000 F
#6531
b100110000011 7
b101000001101 F
#6532
b100110000100 7
b11000000110010 F
#6533
b100110000101 7
b100001000110111 F
#6534
b100110000110 7
b101000001101 F
#6535
b100110000111 7
b100011000110001 F
#6536
b100110001000 7
b11000000110110 F
#6537
b100110001001 7
b101000001101 F
#6538
b100110001010 7
b100010100110001 F
#6539
b100110001011 7
b11001000110011 F
#6540
b100110001100 7
b101000001101 F
#6541
b100110001101 7
b100001100110001 F
#6542
b100110001110 7
b11001001000110 F
#6543
b100110001111 7
b101000001101 F
#6544
b100110010000 7
b100001000110001 F
#6545
b100110010001 7
b100011000111001 F
#6546
b100110010010 7
b101000001101 F
#6547
b100110010011 7
b100000100110001 F
#6548
b100110010100 7
b100001100110011 F
#6549
b100110010101 7
b101000001101 F
#6550
b100110010110 7
b11100000110001 F
#6551
b100110010111 7
b11100001000011 F
#6552
b100110011000 7
b101000001101 F
#6553
b100110011001 7
b11011100110001 F
#6554
b100110011010 7
b11010100110100 F
#6555
b100110011011 7
b101000001101 F
#6556
b100110011100 7
b11010100110001 F
#6557
b100110011101 7
b11010001000010 F
#6558
b100110011110 7
b101000001101 F
#6559
b100110011111 7
b11010000110001 F
#6560
b100110100000 7
b11010100110001 F
#6561
b100110100001 7
b101000001101 F
#6562
b100110100010 7
b11001000110001 F
#6563
b100110100011 7
b100000100110110 F
#6564
b100110100100 7
b101000001101 F
#6565
b100110100101 7
b11000000110001 F
#6566
b100110100110 7
b11010001000010 F
#6567
b100110100111 7
b101000001101 F
#6568
b100110101000 7
b100010100110000 F
#6569
b100110101001 7
b11001101000110 F
#6570
b100110101010 7
b101000001101 F
#6571
b100110101011 7
b100010000110000 F
#6572
b100110101100 7
b11100100110010 F
#6573
b100110101101 7
b101000001101 F
#6574
b100110101110 7
b100001000110000 F
#6575
b100110101111 7
b11011100110101 F
#6576
b100110110000 7
b101000001101 F
#6577
b100110110001 7
b11100100110000 F
#6578
b100110110010 7
b100010100110111 F
#6579
b100110110011 7
b101000001101 F
#6580
b100110110100 7
b11011100110000 F
#6581
b100110110101 7
b100011000111001 F
#6582
b100110110110 7
b101000001101 F
#6583
b100110110111 7
b11010100110000 F
#6584
b100110111000 7
b100001001000010 F
#6585
b100110111001 7
b101000001101 F
#6586
b100110111010 7
b11001100110000 F
#6587
b100110111011 7
b11010001000100 F
#6588
b100110111100 7
b101000001101 F
#6589
b100110111101 7
b11000100110000 F
#6590
b100110111110 7
b100001001000101 F
#6591
b100110111111 7
b101000001101 F
#6592
b100111000000 7
b11000000110000 F
#6593
b100111000001 7
#6594
b100111000010 7
b101000001101 F
#6595
b100111000011 7
b100010101000110 F
#6596
b100111000100 7
b11010100110001 F
#6597
b100111000101 7
b101000001101 F
#6598
b100111000110 7
b100001101000110 F
#6599
b100111000111 7
b100001100110010 F
#6600
b100111001000 7
b101000001101 F
#6601
b100111001001 7
b100000101000110 F
#6602
b100111001010 7
b11010100110100 F
#6603
b100111001011 7
b101000001101 F
#6604
b100111001100 7
b11100001000110 F
#6605
b100111001101 7
b11000100110110 F
#6606
b100111001110 7
b101000001101 F
#6607
b100111001111 7
b11011001000110 F
#6608
b100111010000 7
b11001000111000 F
#6609
b100111010001 7
b101000001101 F
#6610
b100111010010 7
b11010001000110 F
#6611
b100111010011 7
b11100101000001 F
#6612
b100111010100 7
b101000001101 F
#6613
b100111010101 7
b11001001000110 F
#6614
b100111010110 7
b11011101000100 F
#6615
b100111010111 7
b101000001101 F
#6616
b100111011000 7
b11000101000110 F
#6617
b100111011001 7
b100010000110000 F
#6618
b100111011010 7
b101000001101 F
#6619
b100111011011 7
b100011001000101 F
#6620
b100111011100 7
b100001100110100 F
#6621
b100111011101 7
b101000001101 F
#6622
b100111011110 7
b100010001000101 F
#6623
b100111011111 7
b11011000111001 F
#6624
b100111100000 7
b101000001101 F
#6625
b100111100001 7
b100001001000101 F
#6626
b100111100010 7
#6627
b100111100011 7
b101000001101 F
#6628
b100111100100 7
b100000101000101 F
#6629
b100111100101 7
b100001100110100 F
#6630
b100111100110 7
b101000001101 F
#6631
b100111100111 7
b11100001000101 F
#6632
b100111101000 7
b100001001000010 F
#6633
b100111101001 7
b101000001101 F
#6634
b100111101010 7
b11011101000101 F
#6635
b100111101011 7
b11100000110011 F
#6636
b100111101100 7
b101000001101 F
#6637
b100111101101 7
b11010101000101 F
#6638
b100111101110 7
b11010001000011 F
#6639
b100111101111 7
b101000001101 F
#6640
b100111110000 7
b11010001000101 F
#6641
b100111110001 7
b11000100110110 F
#6642
b100111110010 7
b101000001101 F
#6643
b100111110011 7
b11001101000101 F
#6644
b100111110100 7
b100010100110000 F
#6645
b100111110101 7
b101000001101 F
#6646
b100111110110 7
b11000101000101 F
#6647
b100111110111 7
b100010101000011 F
#6648
b100111111000 7
b101000001101 F
#6649
b100111111001 7
b11000001000101 F
#6650
b100111111010 7
b11000001000001 F
#6651
b100111111011 7
b101000001101 F
#6652
b100111111100 7
b100011001000100 F
#6653
b100111111101 7
b11010100111000 F
#6654
b100111111110 7
b101000001101 F
#6655
b100111111111 7
b100010101000100 F
#6656
b101000000000 7
b100011000110111 F
#6657
b101000000001 7
b101000001101 F
#6658
b101000000010 7
b100010001000100 F
#6659
b101000000011 7
b100010000111000 F
#6660
b101000000100 7
b101000001101 F
#6661
b101000000101 7
b100001101000100 F
#6662
b101000000110 7
b11000001000010 F
#6663
b101000000111 7
b101000001101 F
#6664
b101000001000 7
b100001001000100 F
#6665
b101000001001 7
b11100101000101 F
#6666
b101000001010 7
b101000001101 F
#6667
b101000001011 7
b100001001000100 F
#6668
b101000001100 7
b11100100110011 F
#6669
b101000001101 7
b101000001101 F
#6670
b101000001110 7
b100000101000100 F
#6671
b101000001111 7
b100011000111001 F
#6672
b101000010000 7
b101000001101 F
#6673
b101000010001 7
b100000101000100 F
#6674
b101000010010 7
b100001100110001 F
#6675
b101000010011 7
b101000001101 F
#6676
b101000010100 7
b11100101000100 F
#6677
b101000010101 7
b11000001000010 F
#6678
b101000010110 7
b101000001101 F
#6679
b101000010111 7
b11100101000100 F
#6680
b101000011000 7
b100001100110101 F
#6681
b101000011001 7
b101000001101 F
#6682
b101000011010 7
b11100101000100 F
#6683
b101000011011 7
b11000000110010 F
#6684
b101000011100 7
b101000001101 F
#6685
b101000011101 7
b11100001000100 F
#6686
b101000011110 7
b100001101000110 F
#6687
b101000011111 7
b101000001101 F
#6688
b101000100000 7
b11100001000100 F
#6689
b101000100001 7
b11000001000110 F
#6690
b101000100010 7
b101000001101 F
#6691
b101000100011 7
b11100001000100 F
#6692
b101000100100 7
b100001101000110 F
#6693
b101000100101 7
b101000001101 F
#6694
b101000100110 7
b11100101000100 F
#6695
b101000100111 7
b11000000110010 F
#6696
b101000101000 7
b101000001101 F
#6697
b101000101001 7
b11100101000100 F
#6698
b101000101010 7
b100001100110101 F
#6699
b101000101011 7
b101000001101 F
#6700
b101000101100 7
b11100101000100 F
#6701
b101000101101 7
b11000001000010 F
#6702
b101000101110 7
b101000001101 F
#6703
b101000101111 7
b100000101000100 F
#6704
b101000110000 7
b100001100110001 F
#6705
b101000110001 7
b101000001101 F
#6706
b101000110010 7
b100000101000100 F
#6707
b101000110011 7
b100011000111001 F
#6708
b101000110100 7
b101000001101 F
#6709
b101000110101 7
b100001001000100 F
#6710
b101000110110 7
b11100100110011 F
#6711
b101000110111 7
b101000001101 F
#6712
b101000111000 7
b100001001000100 F
#6713
b101000111001 7
b11100101000101 F
#6714
b101000111010 7
b101000001101 F
#6715
b101000111011 7
b100001101000100 F
#6716
b101000111100 7
b11000001000010 F
#6717
b101000111101 7
b101000001101 F
#6718
b101000111110 7
b100010001000100 F
#6719
b101000111111 7
b100010000111000 F
#6720
b101001000000 7
b101000001101 F
#6721
b101001000001 7
b100010101000100 F
#6722
b101001000010 7
b100011000110111 F
#6723
b101001000011 7
b101000001101 F
#6724
b101001000100 7
b100011001000100 F
#6725
b101001000101 7
b11010100111000 F
#6726
b101001000110 7
b101000001101 F
#6727
b101001000111 7
b11000001000101 F
#6728
b101001001000 7
b11000001000001 F
#6729
b101001001001 7
b101000001101 F
#6730
b101001001010 7
b11000101000101 F
#6731
b101001001011 7
b100010101000011 F
#6732
b101001001100 7
b101000001101 F
#6733
b101001001101 7
b11001101000101 F
#6734
b101001001110 7
b100010100110000 F
#6735
b101001001111 7
b101000001101 F
#6736
b101001010000 7
b11010001000101 F
#6737
b101001010001 7
b11000100110110 F
#6738
b101001010010 7
b101000001101 F
#6739
b101001010011 7
b11010101000101 F
#6740
b101001010100 7
b11010001000011 F
#6741
b101001010101 7
b101000001101 F
#6742
b101001010110 7
b11011101000101 F
#6743
b101001010111 7
b11100000110011 F
#6744
b101001011000 7
b101000001101 F
#6745
b101001011001 7
b11100001000101 F
#6746
b101001011010 7
b100001001000010 F
#6747
b101001011011 7
b101000001101 F
#6748
b101001011100 7
b100000101000101 F
#6749
b101001011101 7
b100001100110100 F
#6750
b101001011110 7
b101000001101 F
#6751
b101001011111 7
b100001001000101 F
#6752
b101001100000 7
#6753
b101001100001 7
b101000001101 F
#6754
b101001100010 7
b100010001000101 F
#6755
b101001100011 7
b11011000111001 F
#6756
b101001100100 7
b101000001101 F
#6757
b101001100101 7
b100011001000101 F
#6758
b101001100110 7
b100001100110100 F
#6759
b101001100111 7
b101000001101 F
#6760
b101001101000 7
b11000101000110 F
#6761
b101001101001 7
b100010000110000 F
#6762
b101001101010 7
b101000001101 F
#6763
b101001101011 7
b11001001000110 F
#6764
b101001101100 7
b11011101000100 F
#6765
b101001101101 7
b101000001101 F
#6766
b101001101110 7
b11010001000110 F
#6767
b101001101111 7
b11100101000001 F
#6768
b101001110000 7
b101000001101 F
#6769
b101001110001 7
b11011001000110 F
#6770
b101001110010 7
b11001000111000 F
#6771
b101001110011 7
b101000001101 F
#6772
b101001110100 7
b11100001000110 F
#6773
b101001110101 7
b11000100110110 F
#6774
b101001110110 7
b101000001101 F
#6775
b101001110111 7
b100000101000110 F
#6776
b101001111000 7
b11010100110100 F
#6777
b101001111001 7
b101000001101 F
#6778
b101001111010 7
b100001101000110 F
#6779
b101001111011 7
b100001100110010 F
#6780
b101001111100 7
b101000001101 F
#6781
b101001111101 7
b100010101000110 F
#6782
b101001111110 7
b11010100110001 F
#6783
b101001111111 7
b101000001101 F
#6784
b101010000000 7
b11000000110000 F
#6785
b101010000001 7
#6786
b101010000010 7
b101000001101 F
#6787
b101010000011 7
b11000100110000 F
#6788
b101010000100 7
b100001001000101 F
#6789
b101010000101 7
b101000001101 F
#6790
b101010000110 7
b11001100110000 F
#6791
b101010000111 7
b11010001000100 F
#6792
b101010001000 7
b101000001101 F
#6793
b101010001001 7
b11010100110000 F
#6794
b101010001010 7
b100001001000010 F
#6795
b101010001011 7
b101000001101 F
#6796
b101010001100 7
b11011100110000 F
#6797
b101010001101 7
b100011000111001 F
#6798
b101010001110 7
b101000001101 F
#6799
b101010001111 7
b11100100110000 F
#6800
b101010010000 7
b100010100110111 F
#6801
b101010010001 7
b101000001101 F
#6802
b101010010010 7
b100001000110000 F
#6803
b101010010011 7
b11011100110101 F
#6804
b101010010100 7
b101000001101 F
#6805
b101010010101 7
b100010000110000 F
#6806
b101010010110 7
b11100100110010 F
#6807
b101010010111 7
b101000001101 F
#6808
b101010011000 7
b100010100110000 F
#6809
b101010011001 7
b11001101000110 F
#6810
b101010011010 7
b101000001101 F
#6811
b101010011011 7
b11000000110001 F
#6812
b101010011100 7
b11010001000010 F
#6813
b101010011101 7
b101000001101 F
#6814
b101010011110 7
b11001000110001 F
#6815
b101010011111 7
b100000100110110 F
#6816
b101010100000 7
b101000001101 F
#6817
b101010100001 7
b11010000110001 F
#6818
b101010100010 7
b11010100110001 F
#6819
b101010100011 7
b101000001101 F
#6820
b101010100100 7
b11010100110001 F
#6821
b101010100101 7
b11010001000010 F
#6822
b101010100110 7
b101000001101 F
#6823
b101010100111 7
b11011100110001 F
#6824
b101010101000 7
b11010100110100 F
#6825
b101010101001 7
b101000001101 F
#6826
b101010101010 7
b11100000110001 F
#6827
b101010101011 7
b11100001000011 F
#6828
b101010101100 7
b101000001101 F
#6829
b101010101101 7
b100000100110001 F
#6830
b101010101110 7
b100001100110011 F
#6831
b101010101111 7
b101000001101 F
#6832
b101010110000 7
b100001000110001 F
#6833
b101010110001 7
b100011000111001 F
#6834
b101010110010 7
b101000001101 F
#6835
b101010110011 7
b100001100110001 F
#6836
b101010110100 7
b11001001000110 F
#6837
b101010110101 7
b101000001101 F
#6838
b101010110110 7
b100010100110001 F
#6839
b101010110111 7
b11001000110011 F
#6840
b101010111000 7
b101000001101 F
#6841
b101010111001 7
b100011000110001 F
#6842
b101010111010 7
b11000000110110 F
#6843
b101010111011 7
b101000001101 F
#6844
b101010111100 7
b11000000110010 F
#6845
b101010111101 7
b100001000110111 F
#6846
b101010111110 7
b101000001101 F
#6847
b101010111111 7
b11000100110010 F
#6848
b101011000000 7
b11000100111000 F
#6849
b101011000001 7
b101000001101 F
#6850
b101011000010 7
b11001000110010 F
#6851
b101011000011 7
b11001100110111 F
#6852
b101011000100 7
b101000001101 F
#6853
b101011000101 7
b11001100110010 F
#6854
b101011000110 7
b11000000110101 F
#6855
b101011000111 7
b101000001101 F
#6856
b101011001000 7
b11010000110010 F
#6857
b101011001001 7
b11011100110001 F
#6858
b101011001010 7
b101000001101 F
#6859
b101011001011 7
b11010000110010 F
#6860
b101011001100 7
b11011101000011 F
#6861
b101011001101 7
b101000001101 F
#6862
b101011001110 7
b11010100110010 F
#6863
b101011001111 7
b11000100110110 F
#6864
b101011010000 7
b101000001101 F
#6865
b101011010001 7
b11010100110010 F
#6866
b101011010010 7
b11010001000101 F
#6867
b101011010011 7
b101000001101 F
#6868
b101011010100 7
b11011000110010 F
#6869
b101011010101 7
b11000000110101 F
#6870
b101011010110 7
b101000001101 F
#6871
b101011010111 7
b11011000110010 F
#6872
b101011011000 7
b11010001000001 F
#6873
b101011011001 7
b101000001101 F
#6874
b101011011010 7
b11011000110010 F
#6875
b101011011011 7
b11000001000101 F
#6876
b101011011100 7
b101000001101 F
#6877
b101011011101 7
b11011100110010 F
#6878
b101011011110 7
b11010000110000 F
#6879
b101011011111 7
b101000001101 F
#6880
b101011100000 7
b11011100110010 F
#6881
b101011100001 7
b11000000110001 F
#6882
b101011100010 7
b101000001101 F
#6883
b101011100011 7
b11011100110010 F
#6884
b101011100100 7
b11010000110000 F
#6885
b101011100101 7
b101000001101 F
#6886
b101011100110 7
b11011000110010 F
#6887
b101011100111 7
b11000001000101 F
#6888
b101011101000 7
b101000001101 F
#6889
b101011101001 7
b11011000110010 F
#6890
b101011101010 7
b11010001000001 F
#6891
b101011101011 7
b101000001101 F
#6892
b101011101100 7
b11011000110010 F
#6893
b101011101101 7
b11000000110101 F
#6894
b101011101110 7
b101000001101 F
#6895
b101011101111 7
b11010100110010 F
#6896
b101011110000 7
b11010001000101 F
#6897
b101011110001 7
b101000001101 F
#6898
b101011110010 7
b11010100110010 F
#6899
b101011110011 7
b11000100110110 F
#6900
b101011110100 7
b101000001101 F
#6901
b101011110101 7
b11010000110010 F
#6902
b101011110110 7
b11011101000011 F
#6903
b101011110111 7
b101000001101 F
#6904
b101011111000 7
b11010000110010 F
#6905
b101011111001 7
b11011100110001 F
#6906
b101011111010 7
b101000001101 F
#6907
b101011111011 7
b11001100110010 F
#6908
b101011111100 7
b11000000110101 F
#6909
b101011111101 7
b101000001101 F
#6910
b101011111110 7
b11001000110010 F
#6911
b101011111111 7
b11001100110111 F
#6912
b101100000000 7
b101000001101 F
#6913
b101100000001 7
b11000100110010 F
#6914
b101100000010 7
b11000100111000 F
#6915
b101100000011 7
b101000001101 F
#6916
b101100000100 7
b11000000110010 F
#6917
b101100000101 7
b100001000110111 F
#6918
b101100000110 7
b101000001101 F
#6919
b101100000111 7
b100011000110001 F
#6920
b101100001000 7
b11000000110110 F
#6921
b101100001001 7
b101000001101 F
#6922
b101100001010 7
b100010100110001 F
#6923
b101100001011 7
b11001000110011 F
#6924
b101100001100 7
b101000001101 F
#6925
b101100001101 7
b100001100110001 F
#6926
b101100001110 7
b11001001000110 F
#6927
b101100001111 7
b101000001101 F
#6928
b101100010000 7
b100001000110001 F
#6929
b101100010001 7
b100011000111001 F
#6930
b101100010010 7
b101000001101 F
#6931
b101100010011 7
b100000100110001 F
#6932
b101100010100 7
b100001100110011 F
#6933
b101100010101 7
b101000001101 F
#6934
b101100010110 7
b11100000110001 F
#6935
b101100010111 7
b11100001000011 F
#6936
b101100011000 7
b101000001101 F
#6937
b101100011001 7
b11011100110001 F
#6938
b101100011010 7
b11010100110100 F
#6939
b101100011011 7
b101000001101 F
#6940
b101100011100 7
b11010100110001 F
#6941
b101100011101 7
b11010001000010 F
#6942
b101100011110 7
b101000001101 F
#6943
b101100011111 7
b11010000110001 F
#6944
b101100100000 7
b11010100110001 F
#6945
b101100100001 7
b101000001101 F
#6946
b101100100010 7
b11001000110001 F
#6947
b101100100011 7
b100000100110110 F
#6948
b101100100100 7
b101000001101 F
#6949
b101100100101 7
b11000000110001 F
#6950
b101100100110 7
b11010001000010 F
#6951
b101100100111 7
b101000001101 F
#6952
b101100101000 7
b100010100110000 F
#6953
b101100101001 7
b11001101000110 F
#6954
b101100101010 7
b101000001101 F
#6955
b101100101011 7
b100010000110000 F
#6956
b101100101100 7
b11100100110010 F
#6957
b101100101101 7
b101000001101 F
#6958
b101100101110 7
b100001000110000 F
#6959
b101100101111 7
b11011100110101 F
#6960
b101100110000 7
b101000001101 F
#6961
b101100110001 7
b11100100110000 F
#6962
b101100110010 7
b100010100110111 F
#6963
b101100110011 7
b101000001101 F
#6964
b101100110100 7
b11011100110000 F
#6965
b101100110101 7
b100011000111001 F
#6966
b101100110110 7
b101000001101 F
#6967
b101100110111 7
b11010100110000 F
#6968
b101100111000 7
b100001001000010 F
#6969
b101100111001 7
b101000001101 F
#6970
b101100111010 7
b11001100110000 F
#6971
b101100111011 7
b11010001000100 F
#6972
b101100111100 7
b101000001101 F
#6973
b101100111101 7
b11000100110000 F
#6974
b101100111110 7
b100001001000101 F
#6975
b101100111111 7
b101000001101 F
#6976
b101101000000 7
b11000000110000 F
#6977
b101101000001 7
#6978
b101101000010 7
b101000001101 F
#6979
b101101000011 7
b100010101000110 F
#6980
b101101000100 7
b11010100110001 F
#6981
b101101000101 7
b101000001101 F
#6982
b101101000110 7
b100001101000110 F
#6983
b101101000111 7
b100001100110010 F
#6984
b101101001000 7
b101000001101 F
#6985
b101101001001 7
b100000101000110 F
#6986
b101101001010 7
b11010100110100 F
#6987
b101101001011 7
b101000001101 F
#6988
b101101001100 7
b11100001000110 F
#6989
b101101001101 7
b11000100110110 F
#6990
b101101001110 7
b101000001101 F
#6991
b101101001111 7
b11011001000110 F
#6992
b101101010000 7
b11001000111000 F
#6993
b101101010001 7
b101000001101 F
#6994
b101101010010 7
b11010001000110 F
#6995
b101101010011 7
b11100101000001 F
#6996
b101101010100 7
b101000001101 F
#6997
b101101010101 7
b11001001000110 F
#6998
b101101010110 7
b11011101000100 F
#6999
b101101010111 7
b101000001101 F
#7000
b101101011000 7
b11000101000110 F
#7001
b101101011001 7
b100010000110000 F
#7002
b101101011010 7
b101000001101 F
#7003
b101101011011 7
b100011001000101 F
#7004
b101101011100 7
b100001100110100 F
#7005
b101101011101 7
b101000001101 F
#7006
b101101011110 7
b100010001000101 F
#7007
b101101011111 7
b11011000111001 F
#7008
b101101100000 7
b101000001101 F
#7009
b101101100001 7
b100001001000101 F
#7010
b101101100010 7
#7011
b101101100011 7
b101000001101 F
#7012
b101101100100 7
b100000101000101 F
#7013
b101101100101 7
b100001100110100 F
#7014
b101101100110 7
b101000001101 F
#7015
b101101100111 7
b11100001000101 F
#7016
b101101101000 7
b100001001000010 F
#7017
b101101101001 7
b101000001101 F
#7018
b101101101010 7
b11011101000101 F
#7019
b101101101011 7
b11100000110011 F
#7020
b101101101100 7
b101000001101 F
#7021
b101101101101 7
b11010101000101 F
#7022
b101101101110 7
b11010001000011 F
#7023
b101101101111 7
b101000001101 F
#7024
b101101110000 7
b11010001000101 F
#7025
b101101110001 7
b11000100110110 F
#7026
b101101110010 7
b101000001101 F
#7027
b101101110011 7
b11001101000101 F
#7028
b101101110100 7
b100010100110000 F
#7029
b101101110101 7
b101000001101 F
#7030
b101101110110 7
b11000101000101 F
#7031
b101101110111 7
b100010101000011 F
#7032
b101101111000 7
b101000001101 F
#7033
b101101111001 7
b11000001000101 F
#7034
b101101111010 7
b11000001000001 F
#7035
b101101111011 7
b101000001101 F
#7036
b101101111100 7
b100011001000100 F
#7037
b101101111101 7
b11010100111000 F
#7038
b101101111110 7
b101000001101 F
#7039
b101101111111 7
b100010101000100 F
#7040
b101110000000 7
b100011000110111 F
#7041
b101110000001 7
b101000001101 F
#7042
b101110000010 7
b100010001000100 F
#7043
b101110000011 7
b100010000111000 F
#7044
b101110000100 7
b101000001101 F
#7045
b101110000101 7
b100001101000100 F
#7046
b101110000110 7
b11000001000010 F
#7047
b101110000111 7
b101000001101 F
#7048
b101110001000 7
b100001001000100 F
#7049
b101110001001 7
b11100101000101 F
#7050
b101110001010 7
b101000001101 F
#7051
b101110001011 7
b100001001000100 F
#7052
b101110001100 7
b11100100110011 F
#7053
b101110001101 7
b101000001101 F
#7054
b101110001110 7
b100000101000100 F
#7055
b101110001111 7
b100011000111001 F
#7056
b101110010000 7
b101000001101 F
#7057
b101110010001 7
b100000101000100 F
#7058
b101110010010 7
b100001100110001 F
#7059
b101110010011 7
b101000001101 F
#7060
b101110010100 7
b11100101000100 F
#7061
b101110010101 7
b11000001000010 F
#7062
b101110010110 7
b101000001101 F
#7063
b101110010111 7
b11100101000100 F
#7064
b101110011000 7
b100001100110101 F
#7065
b101110011001 7
b101000001101 F
#7066
b101110011010 7
b11100101000100 F
#7067
b101110011011 7
b11000000110010 F
#7068
b101110011100 7
b101000001101 F
#7069
b101110011101 7
b11100001000100 F
#7070
b101110011110 7
b100001101000110 F
#7071
b101110011111 7
b101000001101 F
#7072
b101110100000 7
b11100001000100 F
#7073
b101110100001 7
b11000001000110 F
#7074
b101110100010 7
b101000001101 F
#7075
b101110100011 7
b11100001000100 F
#7076
b101110100100 7
b100001101000110 F
#7077
b101110100101 7
b101000001101 F
#7078
b101110100110 7
b11100101000100 F
#7079
b101110100111 7
b11000000110010 F
#7080
b101110101000 7
b101000001101 F
#7081
b101110101001 7
b11100101000100 F
#7082
b101110101010 7
b100001100110101 F
#7083
b101110101011 7
b101000001101 F
#7084
b101110101100 7
b11100101000100 F
#7085
b101110101101 7
b11000001000010 F
#7086
b101110101110 7
b101000001101 F
#7087
b101110101111 7
b100000101000100 F
#7088
b101110110000 7
b100001100110001 F
#7089
b101110110001 7
b101000001101 F
#7090
b101110110010 7
b100000101000100 F
#7091
b101110110011 7
b100011000111001 F
#7092
b101110110100 7
b101000001101 F
#7093
b101110110101 7
b100001001000100 F
#7094
b101110110110 7
b11100100110011 F
#7095
b101110110111 7
b101000001101 F
#7096
b101110111000 7
b100001001000100 F
#7097
b101110111001 7
b11100101000101 F
#7098
b101110111010 7
b101000001101 F
#7099
b101110111011 7
b100001101000100 F
#7100
b101110111100 7
b11000001000010 F
#7101
b101110111101 7
b101000001101 F
#7102
b101110111110 7
b100010001000100 F
#7103
b101110111111 7
b100010000111000 F
#7104
b101111000000 7
b101000001101 F
#7105
b101111000001 7
b100010101000100 F
#7106
b101111000010 7
b100011000110111 F
#7107
b101111000011 7
b101000001101 F
#7108
b101111000100 7
b100011001000100 F
#7109
b101111000101 7
b11010100111000 F
#7110
b101111000110 7
b101000001101 F
#7111
b101111000111 7
b11000001000101 F
#7112
b101111001000 7
b11000001000001 F
#7113
b101111001001 7
b101000001101 F
#7114
b101111001010 7
b11000101000101 F
#7115
b101111001011 7
b100010101000011 F
#7116
b101111001100 7
b101000001101 F
#7117
b101111001101 7
b11001101000101 F
#7118
b101111001110 7
b100010100110000 F
#7119
b101111001111 7
b101000001101 F
#7120
b101111010000 7
b11010001000101 F
#7121
b101111010001 7
b11000100110110 F
#7122
b101111010010 7
b101000001101 F
#7123
b101111010011 7
b11010101000101 F
#7124
b101111010100 7
b11010001000011 F
#7125
b101111010101 7
b101000001101 F
#7126
b101111010110 7
b11011101000101 F
#7127
b101111010111 7
b11100000110011 F
#7128
b101111011000 7
b101000001101 F
#7129
b101111011001 7
b11100001000101 F
#7130
b101111011010 7
b100001001000010 F
#7131
b101111011011 7
b101000001101 F
#7132
b101111011100 7
b100000101000101 F
#7133
b101111011101 7
b100001100110100 F
#7134
b101111011110 7
b101000001101 F
#7135
b101111011111 7
b100001001000101 F
#7136
b101111100000 7
#7137
b101111100001 7
b101000001101 F
#7138
b101111100010 7
b100010001000101 F
#7139
b101111100011 7
b11011000111001 F
#7140
b101111100100 7
b101000001101 F
#7141
b101111100101 7
b100011001000101 F
#7142
b101111100110 7
b100001100110100 F
#7143
b101111100111 7
b101000001101 F
#7144
b101111101000 7
b11000101000110 F
#7145
b101111101001 7
b100010000110000 F
#7146
b101111101010 7
b101000001101 F
#7147
b101111101011 7
b11001001000110 F
#7148
b101111101100 7
b11011101000100 F
#7149
b101111101101 7
b101000001101 F
#7150
b101111101110 7
b11010001000110 F
#7151
b101111101111 7
b11100101000001 F
#7152
b101111110000 7
b101000001101 F
#7153
b101111110001 7
b11011001000110 F
#7154
b101111110010 7
b11001000111000 F
#7155
b101111110011 7
b101000001101 F
#7156
b101111110100 7
b11100001000110 F
#7157
b101111110101 7
b11000100110110 F
#7158
b101111110110 7
b101000001101 F
#7159
b101111110111 7
b100000101000110 F
#7160
b101111111000 7
b11010100110100 F
#7161
b101111111001 7
b101000001101 F
#7162
b101111111010 7
b100001101000110 F
#7163
b101111111011 7
b100001100110010 F
#7164
b101111111100 7
b101000001101 F
#7165
b101111111101 7
b100010101000110 F
#7166
b101111111110 7
b11010100110001 F
#7167
b101111111111 7
b101000001101 F
#7168
b110000000000 7
b11000000110000 F
#7169
b110000000001 7
#7170
b110000000010 7
b101000001101 F
#7171
b110000000011 7
b11000100110000 F
#7172
b110000000100 7
b100001001000101 F
#7173
b110000000101 7
b101000001101 F
#7174
b110000000110 7
b11001100110000 F
#7175
b110000000111 7
b11010001000100 F
#7176
b110000001000 7
b101000001101 F
#7177
b110000001001 7
b11010100110000 F
#7178
b110000001010 7
b100001001000010 F
#7179
b110000001011 7
b101000001101 F
#7180
b110000001100 7
b11011100110000 F
#7181
b110000001101 7
b100011000111001 F
#7182
b110000001110 7
b101000001101 F
#7183
b110000001111 7
b11100100110000 F
#7184
b110000010000 7
b100010100110111 F
#7185
b110000010001 7
b101000001101 F
#7186
b110000010010 7
b100001000110000 F
#7187
b110000010011 7
b11011100110101 F
#7188
b110000010100 7
b101000001101 F
#7189
b110000010101 7
b100010000110000 F
#7190
b110000010110 7
b11100100110010 F
#7191
b110000010111 7
b101000001101 F
#7192
b110000011000 7
b100010100110000 F
#7193
b110000011001 7
b11001101000110 F
#7194
b110000011010 7
b101000001101 F
#7195
b110000011011 7
b11000000110001 F
#7196
b110000011100 7
b11010001000010 F
#7197
b110000011101 7
b101000001101 F
#7198
b110000011110 7
b11001000110001 F
#7199
b110000011111 7
b100000100110110 F
#7200
b110000100000 7
b101000001101 F
#7201
b110000100001 7
b11010000110001 F
#7202
b110000100010 7
b11010100110001 F
#7203
b110000100011 7
b101000001101 F
#7204
b110000100100 7
b11010100110001 F
#7205
b110000100101 7
b11010001000010 F
#7206
b110000100110 7
b101000001101 F
#7207
b110000100111 7
b11011100110001 F
#7208
b110000101000 7
b11010100110100 F
#7209
b110000101001 7
b101000001101 F
#7210
b110000101010 7
b11100000110001 F
#7211
b110000101011 7
b11100001000011 F
#7212
b110000101100 7
b101000001101 F
#7213
b110000101101 7
b100000100110001 F
#7214
b110000101110 7
b100001100110011 F
#7215
b110000101111 7
b101000001101 F
#7216
b110000110000 7
b100001000110001 F
#7217
b110000110001 7
b100011000111001 F
#7218
b110000110010 7
b101000001101 F
#7219
b110000110011 7
b100001100110001 F
#7220
b110000110100 7
b11001001000110 F
#7221
b110000110101 7
b101000001101 F
#7222
b110000110110 7
b100010100110001 F
#7223
b110000110111 7
b11001000110011 F
#7224
b110000111000 7
b101000001101 F
#7225
b110000111001 7
b100011000110001 F
#7226
b110000111010 7
b11000000110110 F
#7227
b110000111011 7
b101000001101 F
#7228
b110000111100 7
b11000000110010 F
#7229
b110000111101 7
b100001000110111 F
#7230
b110000111110 7
b101000001101 F
#7231
b110000111111 7
b11000100110010 F
#7232
b110001000000 7
b11000100111000 F
#7233
b110001000001 7
b101000001101 F
#7234
b110001000010 7
b11001000110010 F
#7235
b110001000011 7
b11001100110111 F
#7236
b110001000100 7
b101000001101 F
#7237
b110001000101 7
b11001100110010 F
#7238
b110001000110 7
b11000000110101 F
#7239
b110001000111 7
b101000001101 F
#7240
b110001001000 7
b11010000110010 F
#7241
b110001001001 7
b11011100110001 F
#7242
b110001001010 7
b101000001101 F
#7243
b110001001011 7
b11010000110010 F
#7244
b110001001100 7
b11011101000011 F
#7245
b110001001101 7
b101000001101 F
#7246
b110001001110 7
b11010100110010 F
#7247
b110001001111 7
b11000100110110 F
#7248
b110001010000 7
b101000001101 F
#7249
b110001010001 7
b11010100110010 F
#7250
b110001010010 7
b11010001000101 F
#7251
b110001010011 7
b101000001101 F
#7252
b110001010100 7
b11011000110010 F
#7253
b110001010101 7
b11000000110101 F
#7254
b110001010110 7
b101000001101 F
#7255
b110001010111 7
b11011000110010 F
#7256
b110001011000 7
b11010001000001 F
#7257
b110001011001 7
b101000001101 F
#7258
b110001011010 7
b11011000110010 F
#7259
b110001011011 7
b11000001000101 F
#7260
b110001011100 7
b101000001101 F
#7261
b110001011101 7
b11011100110010 F
#7262
b110001011110 7
b11010000110000 F
#7263
b110001011111 7
b101000001101 F
#7264
b110001100000 7
b11011100110010 F
#7265
b110001100001 7
b11000000110001 F
#7266
b110001100010 7
b101000001101 F
#7267
b110001100011 7
b11011100110010 F
#7268
b110001100100 7
b11010000110000 F
#7269
b110001100101 7
b101000001101 F
#7270
b110001100110 7
b11011000110010 F
#7271
b110001100111 7
b11000001000101 F
#7272
b110001101000 7
b101000001101 F
#7273
b110001101001 7
b11011000110010 F
#7274
b110001101010 7
b11010001000001 F
#7275
b110001101011 7
b101000001101 F
#7276
b110001101100 7
b11011000110010 F
#7277
b110001101101 7
b11000000110101 F
#7278
b110001101110 7
b101000001101 F
#7279
b110001101111 7
b11010100110010 F
#7280
b110001110000 7
b11010001000101 F
#7281
b110001110001 7
b101000001101 F
#7282
b110001110010 7
b11010100110010 F
#7283
b110001110011 7
b11000100110110 F
#7284
b110001110100 7
b101000001101 F
#7285
b110001110101 7
b11010000110010 F
#7286
b110001110110 7
b11011101000011 F
#7287
b110001110111 7
b101000001101 F
#7288
b110001111000 7
b11010000110010 F
#7289
b110001111001 7
b11011100110001 F
#7290
b110001111010 7
b101000001101 F
#7291
b110001111011 7
b11001100110010 F
#7292
b110001111100 7
b11000000110101 F
#7293
b110001111101 7
b101000001101 F
#7294
b110001111110 7
b11001000110010 F
#7295
b110001111111 7
b11001100110111 F
#7296
b110010000000 7
b101000001101 F
#7297
b110010000001 7
b11000100110010 F
#7298
b110010000010 7
b11000100111000 F
#7299
b110010000011 7
b101000001101 F
#7300
b110010000100 7
b11000000110010 F
#7301
b110010000101 7
b100001000110111 F
#7302
b110010000110 7
b101000001101 F
#7303
b110010000111 7
b100011000110001 F
#7304
b110010001000 7
b11000000110110 F
#7305
b110010001001 7
b101000001101 F
#7306
b110010001010 7
b100010100110001 F
#7307
b110010001011 7
b11001000110011 F
#7308
b110010001100 7
b101000001101 F
#7309
b110010001101 7
b100001100110001 F
#7310
b110010001110 7
b11001001000110 F
#7311
b110010001111 7
b101000001101 F
#7312
b110010010000 7
b100001000110001 F
#7313
b110010010001 7
b100011000111001 F
#7314
b110010010010 7
b101000001101 F
#7315
b110010010011 7
b100000100110001 F
#7316
b110010010100 7
b100001100110011 F
#7317
b110010010101 7
b101000001101 F
#7318
b110010010110 7
b11100000110001 F
#7319
b110010010111 7
b11100001000011 F
#7320
b110010011000 7
b101000001101 F
#7321
b110010011001 7
b11011100110001 F
#7322
b110010011010 7
b11010100110100 F
#7323
b110010011011 7
b101000001101 F
#7324
b110010011100 7
b11010100110001 F
#7325
b110010011101 7
b11010001000010 F
#7326
b110010011110 7
b101000001101 F
#7327
b110010011111 7
b11010000110001 F
#7328
b110010100000 7
b11010100110001 F
#7329
b110010100001 7
b101000001101 F
#7330
b110010100010 7
b11001000110001 F
#7331
b110010100011 7
b100000100110110 F
#7332
b110010100100 7
b101000001101 F
#7333
b110010100101 7
b11000000110001 F
#7334
b110010100110 7
b11010001000010 F
#7335
b110010100111 7
b101000001101 F
#7336
b110010101000 7
b100010100110000 F
#7337
b110010101001 7
b11001101000110 F
#7338
b110010101010 7
b101000001101 F
#7339
b110010101011 7
b100010000110000 F
#7340
b110010101100 7
b11100100110010 F
#7341
b110010101101 7
b101000001101 F
#7342
b110010101110 7
b100001000110000 F
#7343
b110010101111 7
b11011100110101 F
#7344
b110010110000 7
b101000001101 F
#7345
b110010110001 7
b11100100110000 F
#7346
b110010110010 7
b100010100110111 F
#7347
b110010110011 7
b101000001101 F
#7348
b110010110100 7
b11011100110000 F
#7349
b110010110101 7
b100011000111001 F
#7350
b110010110110 7
b101000001101 F
#7351
b110010110111 7
b11010100110000 F
#7352
b110010111000 7
b100001001000010 F
#7353
b110010111001 7
b101000001101 F
#7354
b110010111010 7
b11001100110000 F
#7355
b110010111011 7
b11010001000100 F
#7356
b110010111100 7
b101000001101 F
#7357
b110010111101 7
b11000100110000 F
#7358
b110010111110 7
b100001001000101 F
#7359
b110010111111 7
b101000001101 F
#7360
b110011000000 7
b11000000110000 F
#7361
b110011000001 7
#7362
b110011000010 7
b101000001101 F
#7363
b110011000011 7
b100010101000110 F
#7364
b110011000100 7
b11010100110001 F
#7365
b110011000101 7
b101000001101 F
#7366
b110011000110 7
b100001101000110 F
#7367
b110011000111 7
b100001100110010 F
#7368
b110011001000 7
b101000001101 F
#7369
b110011001001 7
b100000101000110 F
#7370
b110011001010 7
b11010100110100 F
#7371
b110011001011 7
b101000001101 F
#7372
b110011001100 7
b11100001000110 F
#7373
b110011001101 7
b11000100110110 F
#7374
b110011001110 7
b101000001101 F
#7375
b110011001111 7
b11011001000110 F
#7376
b110011010000 7
b11001000111000 F
#7377
b110011010001 7
b101000001101 F
#7378
b110011010010 7
b11010001000110 F
#7379
b110011010011 7
b11100101000001 F
#7380
b110011010100 7
b101000001101 F
#7381
b110011010101 7
b11001001000110 F
#7382
b110011010110 7
b11011101000100 F
#7383
b110011010111 7
b101000001101 F
#7384
b110011011000 7
b11000101000110 F
#7385
b110011011001 7
b100010000110000 F
#7386
b110011011010 7
b101000001101 F
#7387
b110011011011 7
b100011001000101 F
#7388
b110011011100 7
b100001100110100 F
#7389
b110011011101 7
b101000001101 F
#7390
b110011011110 7
b100010001000101 F
#7391
b110011011111 7
b11011000111001 F
#7392
b110011100000 7
b101000001101 F
#7393
b110011100001 7
b100001001000101 F
#7394
b110011100010 7
#7395
b110011100011 7
b101000001101 F
#7396
b110011100100 7
b100000101000101 F
#7397
b110011100101 7
b100001100110100 F
#7398
b110011100110 7
b101000001101 F
#7399
b110011100111 7
b11100001000101 F
#7400
b110011101000 7
b100001001000010 F
#7401
b110011101001 7
b101000001101 F
#7402
b110011101010 7
b11011101000101 F
#7403
b110011101011 7
b11100000110011 F
#7404
b110011101100 7
b101000001101 F
#7405
b110011101101 7
b11010101000101 F
#7406
b110011101110 7
b11010001000011 F
#7407
b110011101111 7
b101000001101 F
#7408
b110011110000 7
b11010001000101 F
#7409
b110011110001 7
b11000100110110 F
#7410
b110011110010 7
b101000001101 F
#7411
b110011110011 7
b11001101000101 F
#7412
b110011110100 7
b100010100110000 F
#7413
b110011110101 7
b101000001101 F
#7414
b110011110110 7
b11000101000101 F
#7415
b110011110111 7
b100010101000011 F
#7416
b110011111000 7
b101000001101 F
#7417
b110011111001 7
b11000001000101 F
#7418
b110011111010 7
b11000001000001 F
#7419
b110011111011 7
b101000001101 F
#7420
b110011111100 7
b100011001000100 F
#7421
b110011111101 7
b11010100111000 F
#7422
b110011111110 7
b101000001101 F
#7423
b110011111111 7
b100010101000100 F
#7424
b110100000000 7
b100011000110111 F
#7425
b110100000001 7
b101000001101 F
#7426
b110100000010 7
b100010001000100 F
#7427
b110100000011 7
b100010000111000 F
#7428
b110100000100 7
b101000001101 F
#7429
b110100000101 7
b100001101000100 F
#7430
b110100000110 7
b11000001000010 F
#7431
b110100000111 7
b101000001101 F
#7432
b110100001000 7
b100001001000100 F
#7433
b110100001001 7
b11100101000101 F
#7434
b110100001010 7
b101000001101 F
#7435
b110100001011 7
b100001001000100 F
#7436
b110100001100 7
b11100100110011 F
#7437
b110100001101 7
b101000001101 F
#7438
b110100001110 7
b100000101000100 F
#7439
b110100001111 7
b100011000111001 F
#7440
b110100010000 7
b101000001101 F
#7441
b110100010001 7
b100000101000100 F
#7442
b110100010010 7
b100001100110001 F
#7443
b110100010011 7
b101000001101 F
#7444
b110100010100 7
b11100101000100 F
#7445
b110100010101 7
b11000001000010 F
#7446
b110100010110 7
b101000001101 F
#7447
b110100010111 7
b11100101000100 F
#7448
b110100011000 7
b100001100110101 F
#7449
b110100011001 7
b101000001101 F
#7450
b110100011010 7
b11100101000100 F
#7451
b110100011011 7
b11000000110010 F
#7452
b110100011100 7
b101000001101 F
#7453
b110100011101 7
b11100001000100 F
#7454
b110100011110 7
b100001101000110 F
#7455
b110100011111 7
b101000001101 F
#7456
b110100100000 7
b11100001000100 F
#7457
b110100100001 7
b11000001000110 F
#7458
b110100100010 7
b101000001101 F
#7459
b110100100011 7
b11100001000100 F
#7460
b110100100100 7
b100001101000110 F
#7461
b110100100101 7
b101000001101 F
#7462
b110100100110 7
b11100101000100 F
#7463
b110100100111 7
b11000000110010 F
#7464
b110100101000 7
b101000001101 F
#7465
b110100101001 7
b11100101000100 F
#7466
b110100101010 7
b100001100110101 F
#7467
b110100101011 7
b101000001101 F
#7468
b110100101100 7
b11100101000100 F
#7469
b110100101101 7
b11000001000010 F
#7470
b110100101110 7
b101000001101 F
#7471
b110100101111 7
b100000101000100 F
#7472
b110100110000 7
b100001100110001 F
#7473
b110100110001 7
b101000001101 F
#7474
b110100110010 7
b100000101000100 F
#7475
b110100110011 7
b100011000111001 F
#7476
b110100110100 7
b101000001101 F
#7477
b110100110101 7
b100001001000100 F
#7478
b110100110110 7
b11100100110011 F
#7479
b110100110111 7
b101000001101 F
#7480
b110100111000 7
b100001001000100 F
#7481
b110100111001 7
b11100101000101 F
#7482
b110100111010 7
b101000001101 F
#7483
b110100111011 7
b100001101000100 F
#7484
b110100111100 7
b11000001000010 F
#7485
b110100111101 7
b101000001101 F
#7486
b110100111110 7
b100010001000100 F
#7487
b110100111111 7
b100010000111000 F
#7488
b110101000000 7
b101000001101 F
#7489
b110101000001 7
b100010101000100 F
#7490
b110101000010 7
b100011000110111 F
#7491
b110101000011 7
b101000001101 F
#7492
b110101000100 7
b100011001000100 F
#7493
b110101000101 7
b11010100111000 F
#7494
b110101000110 7
b101000001101 F
#7495
b110101000111 7
b11000001000101 F
#7496
b110101001000 7
b11000001000001 F
#7497
b110101001001 7
b101000001101 F
#7498
b110101001010 7
b11000101000101 F
#7499
b110101001011 7
b100010101000011 F
#7500
b110101001100 7
b101000001101 F
#7501
b110101001101 7
b11001101000101 F
#7502
b110101001110 7
b100010100110000 F
#7503
b110101001111 7
b101000001101 F
#7504
b110101010000 7
b11010001000101 F
#7505
b110101010001 7
b11000100110110 F
#7506
b110101010010 7
b101000001101 F
#7507
b110101010011 7
b11010101000101 F
#7508
b110101010100 7
b11010001000011 F
#7509
b110101010101 7
b101000001101 F
#7510
b110101010110 7
b11011101000101 F
#7511
b110101010111 7
b11100000110011 F
#7512
b110101011000 7
b101000001101 F
#7513
b110101011001 7
b11100001000101 F
#7514
b110101011010 7
b100001001000010 F
#7515
b110101011011 7
b101000001101 F
#7516
b110101011100 7
b100000101000101 F
#7517
b110101011101 7
b100001100110100 F
#7518
b110101011110 7
b101000001101 F
#7519
b110101011111 7
b100001001000101 F
#7520
b110101100000 7
#7521
b110101100001 7
b101000001101 F
#7522
b110101100010 7
b100010001000101 F
#7523
b110101100011 7
b11011000111001 F
#7524
b110101100100 7
b101000001101 F
#7525
b110101100101 7
b100011001000101 F
#7526
b110101100110 7
b100001100110100 F
#7527
b110101100111 7
b101000001101 F
#7528
b110101101000 7
b11000101000110 F
#7529
b110101101001 7
b100010000110000 F
#7530
b110101101010 7
b101000001101 F
#7531
b110101101011 7
b11001001000110 F
#7532
b110101101100 7
b11011101000100 F
#7533
b110101101101 7
b101000001101 F
#7534
b110101101110 7
b11010001000110 F
#7535
b110101101111 7
b11100101000001 F
#7536
b110101110000 7
b101000001101 F
#7537
b110101110001 7
b11011001000110 F
#7538
b110101110010 7
b11001000111000 F
#7539
b110101110011 7
b101000001101 F
#7540
b110101110100 7
b11100001000110 F
#7541
b110101110101 7
b11000100110110 F
#7542
b110101110110 7
b101000001101 F
#7543
b110101110111 7
b100000101000110 F
#7544
b110101111000 7
b11010100110100 F
#7545
b110101111001 7
b101000001101 F
#7546
b110101111010 7
b100001101000110 F
#7547
b110101111011 7
b100001100110010 F
#7548
b110101111100 7
b101000001101 F
#7549
b110101111101 7
b100010101000110 F
#7550
b110101111110 7
b11010100110001 F
#7551
b110101111111 7
b101000001101 F
#7552
b110110000000 7
b11000000110000 F
#7553
b110110000001 7
#7554
b110110000010 7
b101000001101 F
#7555
b110110000011 7
b11000100110000 F
#7556
b110110000100 7
b100001001000101 F
#7557
b110110000101 7
b101000001101 F
#7558
b110110000110 7
b11001100110000 F
#7559
b110110000111 7
b11010001000100 F
#7560
b110110001000 7
b101000001101 F
#7561
b110110001001 7
b11010100110000 F
#7562
b110110001010 7
b100001001000010 F
#7563
b110110001011 7
b101000001101 F
#7564
b110110001100 7
b11011100110000 F
#7565
b110110001101 7
b100011000111001 F
#7566
b110110001110 7
b101000001101 F
#7567
b110110001111 7
b11100100110000 F
#7568
b110110010000 7
b100010100110111 F
#7569
b110110010001 7
b101000001101 F
#7570
b110110010010 7
b100001000110000 F
#7571
b110110010011 7
b11011100110101 F
#7572
b110110010100 7
b101000001101 F
#7573
b110110010101 7
b100010000110000 F
#7574
b110110010110 7
b11100100110010 F
#7575
b110110010111 7
b101000001101 F
#7576
b110110011000 7
b100010100110000 F
#7577
b110110011001 7
b11001101000110 F
#7578
b110110011010 7
b101000001101 F
#7579
b110110011011 7
b11000000110001 F
#7580
b110110011100 7
b11010001000010 F
#7581
b110110011101 7
b101000001101 F
#7582
b110110011110 7
b11001000110001 F
#7583
b110110011111 7
b100000100110110 F
#7584
b110110100000 7
b101000001101 F
#7585
b110110100001 7
b11010000110001 F
#7586
b110110100010 7
b11010100110001 F
#7587
b110110100011 7
b101000001101 F
#7588
b110110100100 7
b11010100110001 F
#7589
b110110100101 7
b11010001000010 F
#7590
b110110100110 7
b101000001101 F
#7591
b110110100111 7
b11011100110001 F
#7592
b110110101000 7
b11010100110100 F
#7593
b110110101001 7
b101000001101 F
#7594
b110110101010 7
b11100000110001 F
#7595
b110110101011 7
b11100001000011 F
#7596
b110110101100 7
b101000001101 F
#7597
b110110101101 7
b100000100110001 F
#7598
b110110101110 7
b100001100110011 F
#7599
b110110101111 7
b101000001101 F
#7600
b110110110000 7
b100001000110001 F
#7601
b110110110001 7
b100011000111001 F
#7602
b110110110010 7
b101000001101 F
#7603
b110110110011 7
b100001100110001 F
#7604
b110110110100 7
b11001001000110 F
#7605
b110110110101 7
b101000001101 F
#7606
b110110110110 7
b100010100110001 F
#7607
b110110110111 7
b11001000110011 F
#7608
b110110111000 7
b101000001101 F
#7609
b110110111001 7
b100011000110001 F
#7610
b110110111010 7
b11000000110110 F
#7611
b110110111011 7
b101000001101 F
#7612
b110110111100 7
b11000000110010 F
#7613
b110110111101 7
b100001000110111 F
#7614
b110110111110 7
b101000001101 F
#7615
b110110111111 7
b11000100110010 F
#7616
b110111000000 7
b11000100111000 F
#7617
b110111000001 7
b101000001101 F
#7618
b110111000010 7
b11001000110010 F
#7619
b110111000011 7
b11001100110111 F
#7620
b110111000100 7
b101000001101 F
#7621
b110111000101 7
b11001100110010 F
#7622
b110111000110 7
b11000000110101 F
#7623
b110111000111 7
b101000001101 F
#7624
b110111001000 7
b11010000110010 F
#7625
b110111001001 7
b11011100110001 F
#7626
b110111001010 7
b101000001101 F
#7627
b110111001011 7
b11010000110010 F
#7628
b110111001100 7
b11011101000011 F
#7629
b110111001101 7
b101000001101 F
#7630
b110111001110 7
b11010100110010 F
#7631
b110111001111 7
b11000100110110 F
#7632
b110111010000 7
b101000001101 F
#7633
b110111010001 7
b11010100110010 F
#7634
b110111010010 7
b11010001000101 F
#7635
b110111010011 7
b101000001101 F
#7636
b110111010100 7
b11011000110010 F
#7637
b110111010101 7
b11000000110101 F
#7638
b110111010110 7
b101000001101 F
#7639
b110111010111 7
b11011000110010 F
#7640
b110111011000 7
b11010001000001 F
#7641
b110111011001 7
b101000001101 F
#7642
b110111011010 7
b11011000110010 F
#7643
b110111011011 7
b11000001000101 F
#7644
b110111011100 7
b101000001101 F
#7645
b110111011101 7
b11011100110010 F
#7646
b110111011110 7
b11010000110000 F
#7647
b110111011111 7
b101000001101 F
#7648
b110111100000 7
b11011100110010 F
#7649
b110111100001 7
b11000000110001 F
#7650
b110111100010 7
b101000001101 F
#7651
b110111100011 7
b11011100110010 F
#7652
b110111100100 7
b11010000110000 F
#7653
b110111100101 7
b101000001101 F
#7654
b110111100110 7
b11011000110010 F
#7655
b110111100111 7
b11000001000101 F
#7656
b110111101000 7
b101000001101 F
#7657
b110111101001 7
b11011000110010 F
#7658
b110111101010 7
b11010001000001 F
#7659
b110111101011 7
b101000001101 F
#7660
b110111101100 7
b11011000110010 F
#7661
b110111101101 7
b11000000110101 F
#7662
b110111101110 7
b101000001101 F
#7663
b110111101111 7
b11010100110010 F
#7664
b110111110000 7
b11010001000101 F
#7665
b110111110001 7
b101000001101 F
#7666
b110111110010 7
b11010100110010 F
#7667
b110111110011 7
b11000100110110 F
#7668
b110111110100 7
b101000001101 F
#7669
b110111110101 7
b11010000110010 F
#7670
b110111110110 7
b11011101000011 F
#7671
b110111110111 7
b101000001101 F
#7672
b110111111000 7
b11010000110010 F
#7673
b110111111001 7
b11011100110001 F
#7674
b110111111010 7
b101000001101 F
#7675
b110111111011 7
b11001100110010 F
#7676
b110111111100 7
b11000000110101 F
#7677
b110111111101 7
b101000001101 F
#7678
b110111111110 7
b11001000110010 F
#7679
b110111111111 7
b11001100110111 F
#7680
b111000000000 7
b101000001101 F
#7681
b111000000001 7
b11000100110010 F
#7682
b111000000010 7
b11000100111000 F
#7683
b111000000011 7
b101000001101 F
#7684
b111000000100 7
b11000000110010 F
#7685
b111000000101 7
b100001000110111 F
#7686
b111000000110 7
b101000001101 F
#7687
b111000000111 7
b100011000110001 F
#7688
b111000001000 7
b11000000110110 F
#7689
b111000001001 7
b101000001101 F
#7690
b111000001010 7
b100010100110001 F
#7691
b111000001011 7
b11001000110011 F
#7692
b111000001100 7
b101000001101 F
#7693
b111000001101 7
b100001100110001 F
#7694
b111000001110 7
b11001001000110 F
#7695
b111000001111 7
b101000001101 F
#7696
b111000010000 7
b100001000110001 F
#7697
b111000010001 7
b100011000111001 F
#7698
b111000010010 7
b101000001101 F
#7699
b111000010011 7
b100000100110001 F
#7700
b111000010100 7
b100001100110011 F
#7701
b111000010101 7
b101000001101 F
#7702
b111000010110 7
b11100000110001 F
#7703
b111000010111 7
b11100001000011 F
#7704
b111000011000 7
b101000001101 F
#7705
b111000011001 7
b11011100110001 F
#7706
b111000011010 7
b11010100110100 F
#7707
b111000011011 7
b101000001101 F
#7708
b111000011100 7
b11010100110001 F
#7709
b111000011101 7
b11010001000010 F
#7710
b111000011110 7
b101000001101 F
#7711
b111000011111 7
b11010000110001 F
#7712
b111000100000 7
b11010100110001 F
#7713
b111000100001 7
b101000001101 F
#7714
b111000100010 7
b11001000110001 F
#7715
b111000100011 7
b100000100110110 F
#7716
b111000100100 7
b101000001101 F
#7717
b111000100101 7
b11000000110001 F
#7718
b111000100110 7
b11010001000010 F
#7719
b111000100111 7
b101000001101 F
#7720
b111000101000 7
b100010100110000 F
#7721
b111000101001 7
b11001101000110 F
#7722
b111000101010 7
b101000001101 F
#7723
b111000101011 7
b100010000110000 F
#7724
b111000101100 7
b11100100110010 F
#7725
b111000101101 7
b101000001101 F
#7726
b111000101110 7
b100001000110000 F
#7727
b111000101111 7
b11011100110101 F
#7728
b111000110000 7
b101000001101 F
#7729
b111000110001 7
b11100100110000 F
#7730
b111000110010 7
b100010100110111 F
#7731
b111000110011 7
b101000001101 F
#7732
b111000110100 7
b11011100110000 F
#7733
b111000110101 7
b100011000111001 F
#7734
b111000110110 7
b101000001101 F
#7735
b111000110111 7
b11010100110000 F
#7736
b111000111000 7
b100001001000010 F
#7737
b111000111001 7
b101000001101 F
#7738
b111000111010 7
b11001100110000 F
#7739
b111000111011 7
b11010001000100 F
#7740
b111000111100 7
b101000001101 F
#7741
b111000111101 7
b11000100110000 F
#7742
b111000111110 7
b100001001000101 F
#7743
b111000111111 7
b101000001101 F
#7744
b111001000000 7
b11000000110000 F
#7745
b111001000001 7
#7746
b111001000010 7
b101000001101 F
#7747
b111001000011 7
b100010101000110 F
#7748
b111001000100 7
b11010100110001 F
#7749
b111001000101 7
b101000001101 F
#7750
b111001000110 7
b100001101000110 F
#7751
b111001000111 7
b100001100110010 F
#7752
b111001001000 7
b101000001101 F
#7753
b111001001001 7
b100000101000110 F
#7754
b111001001010 7
b11010100110100 F
#7755
b111001001011 7
b101000001101 F
#7756
b111001001100 7
b11100001000110 F
#7757
b111001001101 7
b11000100110110 F
#7758
b111001001110 7
b101000001101 F
#7759
b111001001111 7
b11011001000110 F
#7760
b111001010000 7
b11001000111000 F
#7761
b111001010001 7
b101000001101 F
#7762
b111001010010 7
b11010001000110 F
#7763
b111001010011 7
b11100101000001 F
#7764
b111001010100 7
b101000001101 F
#7765
b111001010101 7
b11001001000110 F
#7766
b111001010110 7
b11011101000100 F
#7767
b111001010111 7
b101000001101 F
#7768
b111001011000 7
b11000101000110 F
#7769
b111001011001 7
b100010000110000 F
#7770
b111001011010 7
b101000001101 F
#7771
b111001011011 7
b100011001000101 F
#7772
b111001011100 7
b100001100110100 F
#7773
b111001011101 7
b101000001101 F
#7774
b111001011110 7
b100010001000101 F
#7775
b111001011111 7
b11011000111001 F
#7776
b111001100000 7
b101000001101 F
#7777
b111001100001 7
b100001001000101 F
#7778
b111001100010 7
#7779
b111001100011 7
b101000001101 F
#7780
b111001100100 7
b100000101000101 F
#7781
b111001100101 7
b100001100110100 F
#7782
b111001100110 7
b101000001101 F
#7783
b111001100111 7
b11100001000101 F
#7784
b111001101000 7
b100001001000010 F
#7785
b111001101001 7
b101000001101 F
#7786
b111001101010 7
b11011101000101 F
#7787
b111001101011 7
b11100000110011 F
#7788
b111001101100 7
b101000001101 F
#7789
b111001101101 7
b11010101000101 F
#7790
b111001101110 7
b11010001000011 F
#7791
b111001101111 7
b101000001101 F
#7792
b111001110000 7
b11010001000101 F
#7793
b111001110001 7
b11000100110110 F
#7794
b111001110010 7
b101000001101 F
#7795
b111001110011 7
b11001101000101 F
#7796
b111001110100 7
b100010100110000 F
#7797
b111001110101 7
b101000001101 F
#7798
b111001110110 7
b11000101000101 F
#7799
b111001110111 7
b100010101000011 F
#7800
b111001111000 7
b101000001101 F
#7801
b111001111001 7
b11000001000101 F
#7802
b111001111010 7
b11000001000001 F
#7803
b111001111011 7
b101000001101 F
#7804
b111001111100 7
b100011001000100 F
#7805
b111001111101 7
b11010100111000 F
#7806
b111001111110 7
b101000001101 F
#7807
b111001111111 7
b100010101000100 F
#7808
b111010000000 7
b100011000110111 F
#7809
b111010000001 7
b101000001101 F
#7810
b111010000010 7
b100010001000100 F
#7811
b111010000011 7
b100010000111000 F
#7812
b111010000100 7
b101000001101 F
#7813
b111010000101 7
b100001101000100 F
#7814
b111010000110 7
b11000001000010 F
#7815
b111010000111 7
b101000001101 F
#7816
b111010001000 7
b100001001000100 F
#7817
b111010001001 7
b11100101000101 F
#7818
b111010001010 7
b101000001101 F
#7819
b111010001011 7
b100001001000100 F
#7820
b111010001100 7
b11100100110011 F
#7821
b111010001101 7
b101000001101 F
#7822
b111010001110 7
b100000101000100 F
#7823
b111010001111 7
b100011000111001 F
#7824
b111010010000 7
b101000001101 F
#7825
b111010010001 7
b100000101000100 F
#7826
b111010010010 7
b100001100110001 F
#7827
b111010010011 7
b101000001101 F
#7828
b111010010100 7
b11100101000100 F
#7829
b111010010101 7
b11000001000010 F
#7830
b111010010110 7
b101000001101 F
#7831
b111010010111 7
b11100101000100 F
#7832
b111010011000 7
b100001100110101 F
#7833
b111010011001 7
b101000001101 F
#7834
b111010011010 7
b11100101000100 F
#7835
b111010011011 7
b11000000110010 F
#7836
b111010011100 7
b101000001101 F
#7837
b111010011101 7
b11100001000100 F
#7838
b111010011110 7
b100001101000110 F
#7839
b111010011111 7
b101000001101 F
#7840
b111010100000 7
b11100001000100 F
#7841
b111010100001 7
b11000001000110 F
#7842
b111010100010 7
b101000001101 F
#7843
b111010100011 7
b11100001000100 F
#7844
b111010100100 7
b100001101000110 F
#7845
b111010100101 7
b101000001101 F
#7846
b111010100110 7
b11100101000100 F
#7847
b111010100111 7
b11000000110010 F
#7848
b111010101000 7
b101000001101 F
#7849
b111010101001 7
b11100101000100 F
#7850
b111010101010 7
b100001100110101 F
#7851
b111010101011 7
b101000001101 F
#7852
b111010101100 7
b11100101000100 F
#7853
b111010101101 7
b11000001000010 F
#7854
b111010101110 7
b101000001101 F
#7855
b111010101111 7
b100000101000100 F
#7856
b111010110000 7
b100001100110001 F
#7857
b111010110001 7
b101000001101 F
#7858
b111010110010 7
b100000101000100 F
#7859
b111010110011 7
b100011000111001 F
#7860
b111010110100 7
b101000001101 F
#7861
b111010110101 7
b100001001000100 F
#7862
b111010110110 7
b11100100110011 F
#7863
b111010110111 7
b101000001101 F
#7864
b111010111000 7
b100001001000100 F
#7865
b111010111001 7
b11100101000101 F
#7866
b111010111010 7
b101000001101 F
#7867
b111010111011 7
b100001101000100 F
#7868
b111010111100 7
b11000001000010 F
#7869
b111010111101 7
b101000001101 F
#7870
b111010111110 7
b100010001000100 F
#7871
b111010111111 7
b100010000111000 F
#7872
b111011000000 7
b101000001101 F
#7873
b111011000001 7
b100010101000100 F
#7874
b111011000010 7
b100011000110111 F
#7875
b111011000011 7
b101000001101 F
#7876
b111011000100 7
b100011001000100 F
#7877
b111011000101 7
b11010100111000 F
#7878
b111011000110 7
b101000001101 F
#7879
b111011000111 7
b11000001000101 F
#7880
b111011001000 7
b11000001000001 F
#7881
b111011001001 7
b101000001101 F
#7882
b111011001010 7
b11000101000101 F
#7883
b111011001011 7
b100010101000011 F
#7884
b111011001100 7
b101000001101 F
#7885
b111011001101 7
b11001101000101 F
#7886
b111011001110 7
b100010100110000 F
#7887
b111011001111 7
b101000001101 F
#7888
b111011010000 7
b11010001000101 F
#7889
b111011010001 7
b11000100110110 F
#7890
b111011010010 7
b101000001101 F
#7891
b111011010011 7
b11010101000101 F
#7892
b111011010100 7
b11010001000011 F
#7893
b111011010101 7
b101000001101 F
#7894
b111011010110 7
b11011101000101 F
#7895
b111011010111 7
b11100000110011 F
#7896
b111011011000 7
b101000001101 F
#7897
b111011011001 7
b11100001000101 F
#7898
b111011011010 7
b100001001000010 F
#7899
b111011011011 7
b101000001101 F
#7900
b111011011100 7
b100000101000101 F
#7901
b111011011101 7
b100001100110100 F
#7902
b111011011110 7
b101000001101 F
#7903
b111011011111 7
b100001001000101 F
#7904
b111011100000 7
#7905
b111011100001 7
b101000001101 F
#7906
b111011100010 7
b100010001000101 F
#7907
b111011100011 7
b11011000111001 F
#7908
b111011100100 7
b101000001101 F
#7909
b111011100101 7
b100011001000101 F
#7910
b111011100110 7
b100001100110100 F
#7911
b111011100111 7
b101000001101 F
#7912
b111011101000 7
b11000101000110 F
#7913
b111011101001 7
b100010000110000 F
#7914
b111011101010 7
b101000001101 F
#7915
b111011101011 7
b11001001000110 F
#7916
b111011101100 7
b11011101000100 F
#7917
b111011101101 7
b101000001101 F
#7918
b111011101110 7
b11010001000110 F
#7919
b111011101111 7
b11100101000001 F
#7920
b111011110000 7
b101000001101 F
#7921
b111011110001 7
b11011001000110 F
#7922
b111011110010 7
b11001000111000 F
#7923
b111011110011 7
b101000001101 F
#7924
b111011110100 7
b11100001000110 F
#7925
b111011110101 7
b11000100110110 F
#7926
b111011110110 7
b101000001101 F
#7927
b111011110111 7
b100000101000110 F
#7928
b111011111000 7
b11010100110100 F
#7929
b111011111001 7
b101000001101 F
#7930
b111011111010 7
b100001101000110 F
#7931
b111011111011 7
b100001100110010 F
#7932
b111011111100 7
b101000001101 F
#7933
b111011111101 7
b100010101000110 F
#7934
b111011111110 7
b11010100110001 F
#7935
b111011111111 7
b101000001101 F
#7936
b111100000000 7
b11000000110000 F
#7937
b111100000001 7
#7938
b111100000010 7
b101000001101 F
#7939
b111100000011 7
b11000100110000 F
#7940
b111100000100 7
b100001001000101 F
#7941
b111100000101 7
b101000001101 F
#7942
b111100000110 7
b11001100110000 F
#7943
b111100000111 7
b11010001000100 F
#7944
b111100001000 7
b101000001101 F
#7945
b111100001001 7
b11010100110000 F
#7946
b111100001010 7
b100001001000010 F
#7947
b111100001011 7
b101000001101 F
#7948
b111100001100 7
b11011100110000 F
#7949
b111100001101 7
b100011000111001 F
#7950
b111100001110 7
b101000001101 F
#7951
b111100001111 7
b11100100110000 F
#7952
b111100010000 7
b100010100110111 F
#7953
b111100010001 7
b101000001101 F
#7954
b111100010010 7
b100001000110000 F
#7955
b111100010011 7
b11011100110101 F
#7956
b111100010100 7
b101000001101 F
#7957
b111100010101 7
b100010000110000 F
#7958
b111100010110 7
b11100100110010 F
#7959
b111100010111 7
b101000001101 F
#7960
b111100011000 7
b100010100110000 F
#7961
b111100011001 7
b11001101000110 F
#7962
b111100011010 7
b101000001101 F
#7963
b111100011011 7
b11000000110001 F
#7964
b111100011100 7
b11010001000010 F
#7965
b111100011101 7
b101000001101 F
#7966
b111100011110 7
b11001000110001 F
#7967
b111100011111 7
b100000100110110 F
#7968
b111100100000 7
b101000001101 F
#7969
b111100100001 7
b11010000110001 F
#7970
b111100100010 7
b11010100110001 F
#7971
b111100100011 7
b101000001101 F
#7972
b111100100100 7
b11010100110001 F
#7973
b111100100101 7
b11010001000010 F
#7974
b111100100110 7
b101000001101 F
#7975
b111100100111 7
b11011100110001 F
#7976
b111100101000 7
b11010100110100 F
#7977
b111100101001 7
b101000001101 F
#7978
b111100101010 7
b11100000110001 F
#7979
b111100101011 7
b11100001000011 F
#7980
b111100101100 7
b101000001101 F
#7981
b111100101101 7
b100000100110001 F
#7982
b111100101110 7
b100001100110011 F
#7983
b111100101111 7
b101000001101 F
#7984
b111100110000 7
b100001000110001 F
#7985
b111100110001 7
b100011000111001 F
#7986
b111100110010 7
b101000001101 F
#7987
b111100110011 7
b100001100110001 F
#7988
b111100110100 7
b11001001000110 F
#7989
b111100110101 7
b101000001101 F
#7990
b111100110110 7
b100010100110001 F
#7991
b111100110111 7
b11001000110011 F
#7992
b111100111000 7
b101000001101 F
#7993
b111100111001 7
b100011000110001 F
#7994
b111100111010 7
b11000000110110 F
#7995
b111100111011 7
b101000001101 F
#7996
b111100111100 7
b11000000110010 F
#7997
b111100111101 7
b100001000110111 F
#7998
b111100111110 7
b101000001101 F
#7999
b111100111111 7
b11000100110010 F
#8000
b111101000000 7
b11000100111000 F
#8001
b111101000001 7
b101000001101 F
#8002
b111101000010 7
b11001000110010 F
#8003
b111101000011 7
b11001100110111 F
#8004
b111101000100 7
b101000001101 F
#8005
b111101000101 7
b11001100110010 F
#8006
b111101000110 7
b11000000110101 F
#8007
b111101000111 7
b101000001101 F
#8008
b111101001000 7
b11010000110010 F
#8009
b111101001001 7
b11011100110001 F
#8010
b111101001010 7
b101000001101 F
#8011
b111101001011 7
b11010000110010 F
#8012
b111101001100 7
b11011101000011 F
#8013
b111101001101 7
b101000001101 F
#8014
b111101001110 7
b11010100110010 F
#8015
b111101001111 7
b11000100110110 F
#8016
b111101010000 7
b101000001101 F
#8017
b111101010001 7
b11010100110010 F
#8018
b111101010010 7
b11010001000101 F
#8019
b111101010011 7
b101000001101 F
#8020
b111101010100 7
b11011000110010 F
#8021
b111101010101 7
b11000000110101 F
#8022
b111101010110 7
b101000001101 F
#8023
b111101010111 7
b11011000110010 F
#8024
b111101011000 7
b11010001000001 F
#8025
b111101011001 7
b101000001101 F
#8026
b111101011010 7
b11011000110010 F
#8027
b111101011011 7
b11000001000101 F
#8028
b111101011100 7
b101000001101 F
#8029
b111101011101 7
b11011100110010 F
#8030
b111101011110 7
b11010000110000 F
#8031
b111101011111 7
b101000001101 F
#8032
b111101100000 7
b11011100110010 F
#8033
b111101100001 7
b11000000110001 F
#8034
b111101100010 7
b101000001101 F
#8035
b111101100011 7
b11011100110010 F
#8036
b111101100100 7
b11010000110000 F
#8037
b111101100101 7
b101000001101 F
#8038
b111101100110 7
b11011000110010 F
#8039
b111101100111 7
b11000001000101 F
#8040
b111101101000 7
b101000001101 F
#8041
b111101101001 7
b11011000110010 F
#8042
b111101101010 7
b11010001000001 F
#8043
b111101101011 7
b101000001101 F
#8044
b111101101100 7
b11011000110010 F
#8045
b111101101101 7
b11000000110101 F
#8046
b111101101110 7
b101000001101 F
#8047
b111101101111 7
b11010100110010 F
#8048
b111101110000 7
b11010001000101 F
#8049
b111101110001 7
b101000001101 F
#8050
b111101110010 7
b11010100110010 F
#8051
b111101110011 7
b11000100110110 F
#8052
b111101110100 7
b101000001101 F
#8053
b111101110101 7
b11010000110010 F
#8054
b111101110110 7
b11011101000011 F
#8055
b111101110111 7
b101000001101 F
#8056
b111101111000 7
b11010000110010 F
#8057
b111101111001 7
b11011100110001 F
#8058
b111101111010 7
b101000001101 F
#8059
b111101111011 7
b11001100110010 F
#8060
b111101111100 7
b11000000110101 F
#8061
b111101111101 7
b101000001101 F
#8062
b111101111110 7
b11001000110010 F
#8063
b111101111111 7
b11001100110111 F
#8064
b111110000000 7
b101000001101 F
#8065
b111110000001 7
b11000100110010 F
#8066
b111110000010 7
b11000100111000 F
#8067
b111110000011 7
b101000001101 F
#8068
b111110000100 7
b11000000110010 F
#8069
b111110000101 7
b100001000110111 F
#8070
b111110000110 7
b101000001101 F
#8071
b111110000111 7
b100011000110001 F
#8072
b111110001000 7
b11000000110110 F
#8073
b111110001001 7
b101000001101 F
#8074
b111110001010 7
b100010100110001 F
#8075
b111110001011 7
b11001000110011 F
#8076
b111110001100 7
b101000001101 F
#8077
b111110001101 7
b100001100110001 F
#8078
b111110001110 7
b11001001000110 F
#8079
b111110001111 7
b101000001101 F
#8080
b111110010000 7
b100001000110001 F
#8081
b111110010001 7
b100011000111001 F
#8082
b111110010010 7
b101000001101 F
#8083
b111110010011 7
b100000100110001 F
#8084
b111110010100 7
b100001100110011 F
#8085
b111110010101 7
b101000001101 F
#8086
b111110010110 7
b11100000110001 F
#8087
b111110010111 7
b11100001000011 F
#8088
b111110011000 7
b101000001101 F
#8089
b111110011001 7
b11011100110001 F
#8090
b111110011010 7
b11010100110100 F
#8091
b111110011011 7
b101000001101 F
#8092
b111110011100 7
b11010100110001 F
#8093
b111110011101 7
b11010001000010 F
#8094
b111110011110 7
b101000001101 F
#8095
b111110011111 7
b11010000110001 F
#8096
b111110100000 7
b11010100110001 F
#8097
b111110100001 7
b101000001101 F
#8098
b111110100010 7
b11001000110001 F
#8099
b111110100011 7
b100000100110110 F
#8100
b111110100100 7
b101000001101 F
#8101
b111110100101 7
b11000000110001 F
#8102
b111110100110 7
b11010001000010 F
#8103
b111110100111 7
b101000001101 F
#8104
b111110101000 7
b100010100110000 F
#8105
b111110101001 7
b11001101000110 F
#8106
b111110101010 7
b101000001101 F
#8107
b111110101011 7
b100010000110000 F
#8108
b111110101100 7
b11100100110010 F
#8109
b111110101101 7
b101000001101 F
#8110
b111110101110 7
b100001000110000 F
#8111
b111110101111 7
b11011100110101 F
#8112
b111110110000 7
b101000001101 F
#8113
b111110110001 7
b11100100110000 F
#8114
b111110110010 7
b100010100110111 F
#8115
b111110110011 7
b101000001101 F
#8116
b111110110100 7
b11011100110000 F
#8117
b111110110101 7
b100011000111001 F
#8118
b111110110110 7
b101000001101 F
#8119
b111110110111 7
b11010100110000 F
#8120
b111110111000 7
b100001001000010 F
#8121
b111110111001 7
b101000001101 F
#8122
b111110111010 7
b11001100110000 F
#8123
b111110111011 7
b11010001000100 F
#8124
b111110111100 7
b101000001101 F
#8125
b111110111101 7
b11000100110000 F
#8126
b111110111110 7
b100001001000101 F
#8127
b111110111111 7
b101000001101 F
#8128
b111111000000 7
b11000000110000 F
#8129
b111111000001 7
#8130
b111111000010 7
b101000001101 F
#8131
b111111000011 7
b100010101000110 F
#8132
b111111000100 7
b11010100110001 F
#8133
b111111000101 7
b101000001101 F
#8134
b111111000110 7
b100001101000110 F
#8135
b111111000111 7
b100001100110010 F
#8136
b111111001000 7
b101000001101 F
#8137
b111111001001 7
b100000101000110 F
#8138
b111111001010 7
b11010100110100 F
#8139
b111111001011 7
b101000001101 F
#8140
b111111001100 7
b11100001000110 F
#8141
b111111001101 7
b11000100110110 F
#8142
b111111001110 7
b101000001101 F
#8143
b111111001111 7
b11011001000110 F
#8144
b111111010000 7
b11001000111000 F
#8145
b111111010001 7
b101000001101 F
#8146
b111111010010 7
b11010001000110 F
#8147
b111111010011 7
b11100101000001 F
#8148
b111111010100 7
b101000001101 F
#8149
b111111010101 7
b11001001000110 F
#8150
b111111010110 7
b11011101000100 F
#8151
b111111010111 7
b101000001101 F
#8152
b111111011000 7
b11000101000110 F
#8153
b111111011001 7
b100010000110000 F
#8154
b111111011010 7
b101000001101 F
#8155
b111111011011 7
b100011001000101 F
#8156
b111111011100 7
b100001100110100 F
#8157
b111111011101 7
b101000001101 F
#8158
b111111011110 7
b100010001000101 F
#8159
b111111011111 7
b11011000111001 F
#8160
b111111100000 7
b101000001101 F
#8161
b111111100001 7
b100001001000101 F
#8162
b111111100010 7
#8163
b111111100011 7
b101000001101 F
#8164
b111111100100 7
b100000101000101 F
#8165
b111111100101 7
b100001100110100 F
#8166
b111111100110 7
b101000001101 F
#8167
b111111100111 7
b11100001000101 F
#8168
b111111101000 7
b100001001000010 F
#8169
b111111101001 7
b101000001101 F
#8170
b111111101010 7
b11011101000101 F
#8171
b111111101011 7
b11100000110011 F
#8172
b111111101100 7
b101000001101 F
#8173
b111111101101 7
b11010101000101 F
#8174
b111111101110 7
b11010001000011 F
#8175
b111111101111 7
b101000001101 F
#8176
b111111110000 7
b11010001000101 F
#8177
b111111110001 7
b11000100110110 F
#8178
b111111110010 7
b101000001101 F
#8179
b111111110011 7
b11001101000101 F
#8180
b111111110100 7
b100010100110000 F
#8181
b111111110101 7
b101000001101 F
#8182
b111111110110 7
b11000101000101 F
#8183
b111111110111 7
b100010101000011 F
#8184
b111111111000 7
b101000001101 F
#8185
b111111111001 7
b11000001000101 F
#8186
b111111111010 7
b11000001000001 F
#8187
b111111111011 7
b101000001101 F
#8188
b111111111100 7
b100011001000100 F
#8189
b111111111101 7
b11010100111000 F
#8190
b111111111110 7
b101000001101 F
#8191
b111111111111 7
1E
b100010101000100 F
